nct_id,source_overall_status,discontinued,study_first_submitted_date,submission_year,temporal_group,dataset_version,aact_snapshot_date,aact_snapshot_file,label_source_table,label_rule,temporal_source_field,cohort_source_artifact,cohort_source_sha256
NCT00000475,COMPLETED,0,1999-10-27,1999,development,HTT-P1-AACT-20260905,2026-09-05,20260905_export_ctgov.zip,ctgov.studies.overall_status,COMPLETED=0;TERMINATED|WITHDRAWN=1,ctgov.studies.study_first_submitted_date,step2_reconciliation/HeartTrialTwin_step2_cohort_reconciliation.csv,5a254575d8d5276d1176b53b38dad6600b46d6732441698e8e14668699d8ac43
NCT00000476,COMPLETED,0,1999-10-27,1999,development,HTT-P1-AACT-20260905,2026-09-05,20260905_export_ctgov.zip,ctgov.studies.overall_status,COMPLETED=0;TERMINATED|WITHDRAWN=1,ctgov.studies.study_first_submitted_date,step2_reconciliation/HeartTrialTwin_step2_cohort_reconciliation.csv,5a254575d8d5276d1176b53b38dad6600b46d6732441698e8e14668699d8ac43
NCT00000516,COMPLETED,0,1999-10-27,1999,development,HTT-P1-AACT-20260905,2026-09-05,20260905_export_ctgov.zip,ctgov.studies.overall_status,COMPLETED=0;TERMINATED|WITHDRAWN=1,ctgov.studies.study_first_submitted_date,step2_reconciliation/HeartTrialTwin_step2_cohort_reconciliation.csv,5a254575d8d5276d1176b53b38dad6600b46d6732441698e8e14668699d8ac43
NCT00000542,COMPLETED,0,1999-10-27,1999,development,HTT-P1-AACT-20260905,2026-09-05,20260905_export_ctgov.zip,ctgov.studies.overall_status,COMPLETED=0;TERMINATED|WITHDRAWN=1,ctgov.studies.study_first_submitted_date,step2_reconciliation/HeartTrialTwin_step2_cohort_reconciliation.csv,5a254575d8d5276d1176b53b38dad6600b46d6732441698e8e14668699d8ac43
NCT00000547,COMPLETED,0,1999-10-27,1999,development,HTT-P1-AACT-20260905,2026-09-05,20260905_export_ctgov.zip,ctgov.studies.overall_status,COMPLETED=0;TERMINATED|WITHDRAWN=1,ctgov.studies.study_first_submitted_date,step2_reconciliation/HeartTrialTwin_step2_cohort_reconciliation.csv,5a254575d8d5276d1176b53b38dad6600b46d6732441698e8e14668699d8ac43
NCT00000560,COMPLETED,0,1999-10-27,1999,development,HTT-P1-AACT-20260905,2026-09-05,20260905_export_ctgov.zip,ctgov.studies.overall_status,COMPLETED=0;TERMINATED|WITHDRAWN=1,ctgov.studies.study_first_submitted_date,step2_reconciliation/HeartTrialTwin_step2_cohort_reconciliation.csv,5a254575d8d5276d1176b53b38dad6600b46d6732441698e8e14668699d8ac43
NCT00000607,COMPLETED,0,1999-10-27,1999,development,HTT-P1-AACT-20260905,2026-09-05,20260905_export_ctgov.zip,ctgov.studies.overall_status,COMPLETED=0;TERMINATED|WITHDRAWN=1,ctgov.studies.study_first_submitted_date,step2_reconciliation/HeartTrialTwin_step2_cohort_reconciliation.csv,5a254575d8d5276d1176b53b38dad6600b46d6732441698e8e14668699d8ac43
NCT00000609,COMPLETED,0,1999-10-27,1999,development,HTT-P1-AACT-20260905,2026-09-05,20260905_export_ctgov.zip,ctgov.studies.overall_status,COMPLETED=0;TERMINATED|WITHDRAWN=1,ctgov.studies.study_first_submitted_date,step2_reconciliation/HeartTrialTwin_step2_cohort_reconciliation.csv,5a254575d8d5276d1176b53b38dad6600b46d6732441698e8e14668699d8ac43
NCT00000619,COMPLETED,0,1999-10-27,1999,development,HTT-P1-AACT-20260905,2026-09-05,20260905_export_ctgov.zip,ctgov.studies.overall_status,COMPLETED=0;TERMINATED|WITHDRAWN=1,ctgov.studies.study_first_submitted_date,step2_reconciliation/HeartTrialTwin_step2_cohort_reconciliation.csv,5a254575d8d5276d1176b53b38dad6600b46d6732441698e8e14668699d8ac43
NCT00001402,COMPLETED,0,1999-11-03,1999,development,HTT-P1-AACT-20260905,2026-09-05,20260905_export_ctgov.zip,ctgov.studies.overall_status,COMPLETED=0;TERMINATED|WITHDRAWN=1,ctgov.studies.study_first_submitted_date,step2_reconciliation/HeartTrialTwin_step2_cohort_reconciliation.csv,5a254575d8d5276d1176b53b38dad6600b46d6732441698e8e14668699d8ac43
NCT00001628,COMPLETED,0,1999-11-03,1999,development,HTT-P1-AACT-20260905,2026-09-05,20260905_export_ctgov.zip,ctgov.studies.overall_status,COMPLETED=0;TERMINATED|WITHDRAWN=1,ctgov.studies.study_first_submitted_date,step2_reconciliation/HeartTrialTwin_step2_cohort_reconciliation.csv,5a254575d8d5276d1176b53b38dad6600b46d6732441698e8e14668699d8ac43
NCT00001629,COMPLETED,0,1999-11-03,1999,development,HTT-P1-AACT-20260905,2026-09-05,20260905_export_ctgov.zip,ctgov.studies.overall_status,COMPLETED=0;TERMINATED|WITHDRAWN=1,ctgov.studies.study_first_submitted_date,step2_reconciliation/HeartTrialTwin_step2_cohort_reconciliation.csv,5a254575d8d5276d1176b53b38dad6600b46d6732441698e8e14668699d8ac43
NCT00004562,COMPLETED,0,2000-02-09,2000,development,HTT-P1-AACT-20260905,2026-09-05,20260905_export_ctgov.zip,ctgov.studies.overall_status,COMPLETED=0;TERMINATED|WITHDRAWN=1,ctgov.studies.study_first_submitted_date,step2_reconciliation/HeartTrialTwin_step2_cohort_reconciliation.csv,5a254575d8d5276d1176b53b38dad6600b46d6732441698e8e14668699d8ac43
NCT00007683,COMPLETED,0,2000-12-29,2000,development,HTT-P1-AACT-20260905,2026-09-05,20260905_export_ctgov.zip,ctgov.studies.overall_status,COMPLETED=0;TERMINATED|WITHDRAWN=1,ctgov.studies.study_first_submitted_date,step2_reconciliation/HeartTrialTwin_step2_cohort_reconciliation.csv,5a254575d8d5276d1176b53b38dad6600b46d6732441698e8e14668699d8ac43
NCT00012818,COMPLETED,0,2001-03-14,2001,development,HTT-P1-AACT-20260905,2026-09-05,20260905_export_ctgov.zip,ctgov.studies.overall_status,COMPLETED=0;TERMINATED|WITHDRAWN=1,ctgov.studies.study_first_submitted_date,step2_reconciliation/HeartTrialTwin_step2_cohort_reconciliation.csv,5a254575d8d5276d1176b53b38dad6600b46d6732441698e8e14668699d8ac43
NCT00012870,COMPLETED,0,2001-03-14,2001,development,HTT-P1-AACT-20260905,2026-09-05,20260905_export_ctgov.zip,ctgov.studies.overall_status,COMPLETED=0;TERMINATED|WITHDRAWN=1,ctgov.studies.study_first_submitted_date,step2_reconciliation/HeartTrialTwin_step2_cohort_reconciliation.csv,5a254575d8d5276d1176b53b38dad6600b46d6732441698e8e14668699d8ac43
NCT00012883,COMPLETED,0,2001-03-14,2001,development,HTT-P1-AACT-20260905,2026-09-05,20260905_export_ctgov.zip,ctgov.studies.overall_status,COMPLETED=0;TERMINATED|WITHDRAWN=1,ctgov.studies.study_first_submitted_date,step2_reconciliation/HeartTrialTwin_step2_cohort_reconciliation.csv,5a254575d8d5276d1176b53b38dad6600b46d6732441698e8e14668699d8ac43
NCT00012974,COMPLETED,0,2001-03-14,2001,development,HTT-P1-AACT-20260905,2026-09-05,20260905_export_ctgov.zip,ctgov.studies.overall_status,COMPLETED=0;TERMINATED|WITHDRAWN=1,ctgov.studies.study_first_submitted_date,step2_reconciliation/HeartTrialTwin_step2_cohort_reconciliation.csv,5a254575d8d5276d1176b53b38dad6600b46d6732441698e8e14668699d8ac43
NCT00013026,COMPLETED,0,2001-03-14,2001,development,HTT-P1-AACT-20260905,2026-09-05,20260905_export_ctgov.zip,ctgov.studies.overall_status,COMPLETED=0;TERMINATED|WITHDRAWN=1,ctgov.studies.study_first_submitted_date,step2_reconciliation/HeartTrialTwin_step2_cohort_reconciliation.csv,5a254575d8d5276d1176b53b38dad6600b46d6732441698e8e14668699d8ac43
NCT00013039,COMPLETED,0,2001-03-14,2001,development,HTT-P1-AACT-20260905,2026-09-05,20260905_export_ctgov.zip,ctgov.studies.overall_status,COMPLETED=0;TERMINATED|WITHDRAWN=1,ctgov.studies.study_first_submitted_date,step2_reconciliation/HeartTrialTwin_step2_cohort_reconciliation.csv,5a254575d8d5276d1176b53b38dad6600b46d6732441698e8e14668699d8ac43
NCT00013221,COMPLETED,0,2001-03-14,2001,development,HTT-P1-AACT-20260905,2026-09-05,20260905_export_ctgov.zip,ctgov.studies.overall_status,COMPLETED=0;TERMINATED|WITHDRAWN=1,ctgov.studies.study_first_submitted_date,step2_reconciliation/HeartTrialTwin_step2_cohort_reconciliation.csv,5a254575d8d5276d1176b53b38dad6600b46d6732441698e8e14668699d8ac43
NCT00018005,COMPLETED,0,2001-06-26,2001,development,HTT-P1-AACT-20260905,2026-09-05,20260905_export_ctgov.zip,ctgov.studies.overall_status,COMPLETED=0;TERMINATED|WITHDRAWN=1,ctgov.studies.study_first_submitted_date,step2_reconciliation/HeartTrialTwin_step2_cohort_reconciliation.csv,5a254575d8d5276d1176b53b38dad6600b46d6732441698e8e14668699d8ac43
NCT00023595,COMPLETED,0,2001-09-11,2001,development,HTT-P1-AACT-20260905,2026-09-05,20260905_export_ctgov.zip,ctgov.studies.overall_status,COMPLETED=0;TERMINATED|WITHDRAWN=1,ctgov.studies.study_first_submitted_date,step2_reconciliation/HeartTrialTwin_step2_cohort_reconciliation.csv,5a254575d8d5276d1176b53b38dad6600b46d6732441698e8e14668699d8ac43
NCT00032422,COMPLETED,0,2002-03-20,2002,development,HTT-P1-AACT-20260905,2026-09-05,20260905_export_ctgov.zip,ctgov.studies.overall_status,COMPLETED=0;TERMINATED|WITHDRAWN=1,ctgov.studies.study_first_submitted_date,step2_reconciliation/HeartTrialTwin_step2_cohort_reconciliation.csv,5a254575d8d5276d1176b53b38dad6600b46d6732441698e8e14668699d8ac43
NCT00032643,TERMINATED,1,2002-03-27,2002,development,HTT-P1-AACT-20260905,2026-09-05,20260905_export_ctgov.zip,ctgov.studies.overall_status,COMPLETED=0;TERMINATED|WITHDRAWN=1,ctgov.studies.study_first_submitted_date,step2_reconciliation/HeartTrialTwin_step2_cohort_reconciliation.csv,5a254575d8d5276d1176b53b38dad6600b46d6732441698e8e14668699d8ac43
NCT00032747,COMPLETED,0,2002-03-29,2002,development,HTT-P1-AACT-20260905,2026-09-05,20260905_export_ctgov.zip,ctgov.studies.overall_status,COMPLETED=0;TERMINATED|WITHDRAWN=1,ctgov.studies.study_first_submitted_date,step2_reconciliation/HeartTrialTwin_step2_cohort_reconciliation.csv,5a254575d8d5276d1176b53b38dad6600b46d6732441698e8e14668699d8ac43
NCT00038077,COMPLETED,0,2002-05-28,2002,development,HTT-P1-AACT-20260905,2026-09-05,20260905_export_ctgov.zip,ctgov.studies.overall_status,COMPLETED=0;TERMINATED|WITHDRAWN=1,ctgov.studies.study_first_submitted_date,step2_reconciliation/HeartTrialTwin_step2_cohort_reconciliation.csv,5a254575d8d5276d1176b53b38dad6600b46d6732441698e8e14668699d8ac43
NCT00041431,COMPLETED,0,2002-07-08,2002,development,HTT-P1-AACT-20260905,2026-09-05,20260905_export_ctgov.zip,ctgov.studies.overall_status,COMPLETED=0;TERMINATED|WITHDRAWN=1,ctgov.studies.study_first_submitted_date,step2_reconciliation/HeartTrialTwin_step2_cohort_reconciliation.csv,5a254575d8d5276d1176b53b38dad6600b46d6732441698e8e14668699d8ac43
NCT00041938,COMPLETED,0,2002-07-19,2002,development,HTT-P1-AACT-20260905,2026-09-05,20260905_export_ctgov.zip,ctgov.studies.overall_status,COMPLETED=0;TERMINATED|WITHDRAWN=1,ctgov.studies.study_first_submitted_date,step2_reconciliation/HeartTrialTwin_step2_cohort_reconciliation.csv,5a254575d8d5276d1176b53b38dad6600b46d6732441698e8e14668699d8ac43
NCT00043758,COMPLETED,0,2002-08-13,2002,development,HTT-P1-AACT-20260905,2026-09-05,20260905_export_ctgov.zip,ctgov.studies.overall_status,COMPLETED=0;TERMINATED|WITHDRAWN=1,ctgov.studies.study_first_submitted_date,step2_reconciliation/HeartTrialTwin_step2_cohort_reconciliation.csv,5a254575d8d5276d1176b53b38dad6600b46d6732441698e8e14668699d8ac43
NCT00043771,COMPLETED,0,2002-08-13,2002,development,HTT-P1-AACT-20260905,2026-09-05,20260905_export_ctgov.zip,ctgov.studies.overall_status,COMPLETED=0;TERMINATED|WITHDRAWN=1,ctgov.studies.study_first_submitted_date,step2_reconciliation/HeartTrialTwin_step2_cohort_reconciliation.csv,5a254575d8d5276d1176b53b38dad6600b46d6732441698e8e14668699d8ac43
NCT00043836,COMPLETED,0,2002-08-14,2002,development,HTT-P1-AACT-20260905,2026-09-05,20260905_export_ctgov.zip,ctgov.studies.overall_status,COMPLETED=0;TERMINATED|WITHDRAWN=1,ctgov.studies.study_first_submitted_date,step2_reconciliation/HeartTrialTwin_step2_cohort_reconciliation.csv,5a254575d8d5276d1176b53b38dad6600b46d6732441698e8e14668699d8ac43
NCT00047437,COMPLETED,0,2002-10-03,2002,development,HTT-P1-AACT-20260905,2026-09-05,20260905_export_ctgov.zip,ctgov.studies.overall_status,COMPLETED=0;TERMINATED|WITHDRAWN=1,ctgov.studies.study_first_submitted_date,step2_reconciliation/HeartTrialTwin_step2_cohort_reconciliation.csv,5a254575d8d5276d1176b53b38dad6600b46d6732441698e8e14668699d8ac43
NCT00047775,COMPLETED,0,2002-10-18,2002,development,HTT-P1-AACT-20260905,2026-09-05,20260905_export_ctgov.zip,ctgov.studies.overall_status,COMPLETED=0;TERMINATED|WITHDRAWN=1,ctgov.studies.study_first_submitted_date,step2_reconciliation/HeartTrialTwin_step2_cohort_reconciliation.csv,5a254575d8d5276d1176b53b38dad6600b46d6732441698e8e14668699d8ac43
NCT00048425,COMPLETED,0,2002-10-31,2002,development,HTT-P1-AACT-20260905,2026-09-05,20260905_export_ctgov.zip,ctgov.studies.overall_status,COMPLETED=0;TERMINATED|WITHDRAWN=1,ctgov.studies.study_first_submitted_date,step2_reconciliation/HeartTrialTwin_step2_cohort_reconciliation.csv,5a254575d8d5276d1176b53b38dad6600b46d6732441698e8e14668699d8ac43
NCT00049985,COMPLETED,0,2002-11-18,2002,development,HTT-P1-AACT-20260905,2026-09-05,20260905_export_ctgov.zip,ctgov.studies.overall_status,COMPLETED=0;TERMINATED|WITHDRAWN=1,ctgov.studies.study_first_submitted_date,step2_reconciliation/HeartTrialTwin_step2_cohort_reconciliation.csv,5a254575d8d5276d1176b53b38dad6600b46d6732441698e8e14668699d8ac43
NCT00050076,COMPLETED,0,2002-11-20,2002,development,HTT-P1-AACT-20260905,2026-09-05,20260905_export_ctgov.zip,ctgov.studies.overall_status,COMPLETED=0;TERMINATED|WITHDRAWN=1,ctgov.studies.study_first_submitted_date,step2_reconciliation/HeartTrialTwin_step2_cohort_reconciliation.csv,5a254575d8d5276d1176b53b38dad6600b46d6732441698e8e14668699d8ac43
NCT00051285,TERMINATED,1,2003-01-07,2003,development,HTT-P1-AACT-20260905,2026-09-05,20260905_export_ctgov.zip,ctgov.studies.overall_status,COMPLETED=0;TERMINATED|WITHDRAWN=1,ctgov.studies.study_first_submitted_date,step2_reconciliation/HeartTrialTwin_step2_cohort_reconciliation.csv,5a254575d8d5276d1176b53b38dad6600b46d6732441698e8e14668699d8ac43
NCT00052026,COMPLETED,0,2003-01-21,2003,development,HTT-P1-AACT-20260905,2026-09-05,20260905_export_ctgov.zip,ctgov.studies.overall_status,COMPLETED=0;TERMINATED|WITHDRAWN=1,ctgov.studies.study_first_submitted_date,step2_reconciliation/HeartTrialTwin_step2_cohort_reconciliation.csv,5a254575d8d5276d1176b53b38dad6600b46d6732441698e8e14668699d8ac43
NCT00057057,COMPLETED,0,2003-03-27,2003,development,HTT-P1-AACT-20260905,2026-09-05,20260905_export_ctgov.zip,ctgov.studies.overall_status,COMPLETED=0;TERMINATED|WITHDRAWN=1,ctgov.studies.study_first_submitted_date,step2_reconciliation/HeartTrialTwin_step2_cohort_reconciliation.csv,5a254575d8d5276d1176b53b38dad6600b46d6732441698e8e14668699d8ac43
NCT00057200,COMPLETED,0,2003-03-27,2003,development,HTT-P1-AACT-20260905,2026-09-05,20260905_export_ctgov.zip,ctgov.studies.overall_status,COMPLETED=0;TERMINATED|WITHDRAWN=1,ctgov.studies.study_first_submitted_date,step2_reconciliation/HeartTrialTwin_step2_cohort_reconciliation.csv,5a254575d8d5276d1176b53b38dad6600b46d6732441698e8e14668699d8ac43
NCT00057356,COMPLETED,0,2003-03-31,2003,development,HTT-P1-AACT-20260905,2026-09-05,20260905_export_ctgov.zip,ctgov.studies.overall_status,COMPLETED=0;TERMINATED|WITHDRAWN=1,ctgov.studies.study_first_submitted_date,step2_reconciliation/HeartTrialTwin_step2_cohort_reconciliation.csv,5a254575d8d5276d1176b53b38dad6600b46d6732441698e8e14668699d8ac43
NCT00060840,COMPLETED,0,2003-05-14,2003,development,HTT-P1-AACT-20260905,2026-09-05,20260905_export_ctgov.zip,ctgov.studies.overall_status,COMPLETED=0;TERMINATED|WITHDRAWN=1,ctgov.studies.study_first_submitted_date,step2_reconciliation/HeartTrialTwin_step2_cohort_reconciliation.csv,5a254575d8d5276d1176b53b38dad6600b46d6732441698e8e14668699d8ac43
NCT00063687,COMPLETED,0,2003-07-02,2003,development,HTT-P1-AACT-20260905,2026-09-05,20260905_export_ctgov.zip,ctgov.studies.overall_status,COMPLETED=0;TERMINATED|WITHDRAWN=1,ctgov.studies.study_first_submitted_date,step2_reconciliation/HeartTrialTwin_step2_cohort_reconciliation.csv,5a254575d8d5276d1176b53b38dad6600b46d6732441698e8e14668699d8ac43
NCT00064727,COMPLETED,0,2003-07-10,2003,development,HTT-P1-AACT-20260905,2026-09-05,20260905_export_ctgov.zip,ctgov.studies.overall_status,COMPLETED=0;TERMINATED|WITHDRAWN=1,ctgov.studies.study_first_submitted_date,step2_reconciliation/HeartTrialTwin_step2_cohort_reconciliation.csv,5a254575d8d5276d1176b53b38dad6600b46d6732441698e8e14668699d8ac43
NCT00067236,COMPLETED,0,2003-08-13,2003,development,HTT-P1-AACT-20260905,2026-09-05,20260905_export_ctgov.zip,ctgov.studies.overall_status,COMPLETED=0;TERMINATED|WITHDRAWN=1,ctgov.studies.study_first_submitted_date,step2_reconciliation/HeartTrialTwin_step2_cohort_reconciliation.csv,5a254575d8d5276d1176b53b38dad6600b46d6732441698e8e14668699d8ac43
NCT00071331,COMPLETED,0,2003-10-20,2003,development,HTT-P1-AACT-20260905,2026-09-05,20260905_export_ctgov.zip,ctgov.studies.overall_status,COMPLETED=0;TERMINATED|WITHDRAWN=1,ctgov.studies.study_first_submitted_date,step2_reconciliation/HeartTrialTwin_step2_cohort_reconciliation.csv,5a254575d8d5276d1176b53b38dad6600b46d6732441698e8e14668699d8ac43
NCT00074724,COMPLETED,0,2003-12-19,2003,development,HTT-P1-AACT-20260905,2026-09-05,20260905_export_ctgov.zip,ctgov.studies.overall_status,COMPLETED=0;TERMINATED|WITHDRAWN=1,ctgov.studies.study_first_submitted_date,step2_reconciliation/HeartTrialTwin_step2_cohort_reconciliation.csv,5a254575d8d5276d1176b53b38dad6600b46d6732441698e8e14668699d8ac43
NCT00077948,TERMINATED,1,2004-02-13,2004,development,HTT-P1-AACT-20260905,2026-09-05,20260905_export_ctgov.zip,ctgov.studies.overall_status,COMPLETED=0;TERMINATED|WITHDRAWN=1,ctgov.studies.study_first_submitted_date,step2_reconciliation/HeartTrialTwin_step2_cohort_reconciliation.csv,5a254575d8d5276d1176b53b38dad6600b46d6732441698e8e14668699d8ac43
NCT00078286,COMPLETED,0,2004-02-20,2004,development,HTT-P1-AACT-20260905,2026-09-05,20260905_export_ctgov.zip,ctgov.studies.overall_status,COMPLETED=0;TERMINATED|WITHDRAWN=1,ctgov.studies.study_first_submitted_date,step2_reconciliation/HeartTrialTwin_step2_cohort_reconciliation.csv,5a254575d8d5276d1176b53b38dad6600b46d6732441698e8e14668699d8ac43
NCT00082589,COMPLETED,0,2004-05-12,2004,development,HTT-P1-AACT-20260905,2026-09-05,20260905_export_ctgov.zip,ctgov.studies.overall_status,COMPLETED=0;TERMINATED|WITHDRAWN=1,ctgov.studies.study_first_submitted_date,step2_reconciliation/HeartTrialTwin_step2_cohort_reconciliation.csv,5a254575d8d5276d1176b53b38dad6600b46d6732441698e8e14668699d8ac43
NCT00083772,TERMINATED,1,2004-06-02,2004,development,HTT-P1-AACT-20260905,2026-09-05,20260905_export_ctgov.zip,ctgov.studies.overall_status,COMPLETED=0;TERMINATED|WITHDRAWN=1,ctgov.studies.study_first_submitted_date,step2_reconciliation/HeartTrialTwin_step2_cohort_reconciliation.csv,5a254575d8d5276d1176b53b38dad6600b46d6732441698e8e14668699d8ac43
NCT00086086,COMPLETED,0,2004-06-23,2004,development,HTT-P1-AACT-20260905,2026-09-05,20260905_export_ctgov.zip,ctgov.studies.overall_status,COMPLETED=0;TERMINATED|WITHDRAWN=1,ctgov.studies.study_first_submitted_date,step2_reconciliation/HeartTrialTwin_step2_cohort_reconciliation.csv,5a254575d8d5276d1176b53b38dad6600b46d6732441698e8e14668699d8ac43
NCT00090259,COMPLETED,0,2004-08-25,2004,development,HTT-P1-AACT-20260905,2026-09-05,20260905_export_ctgov.zip,ctgov.studies.overall_status,COMPLETED=0;TERMINATED|WITHDRAWN=1,ctgov.studies.study_first_submitted_date,step2_reconciliation/HeartTrialTwin_step2_cohort_reconciliation.csv,5a254575d8d5276d1176b53b38dad6600b46d6732441698e8e14668699d8ac43
NCT00091507,COMPLETED,0,2004-09-09,2004,development,HTT-P1-AACT-20260905,2026-09-05,20260905_export_ctgov.zip,ctgov.studies.overall_status,COMPLETED=0;TERMINATED|WITHDRAWN=1,ctgov.studies.study_first_submitted_date,step2_reconciliation/HeartTrialTwin_step2_cohort_reconciliation.csv,5a254575d8d5276d1176b53b38dad6600b46d6732441698e8e14668699d8ac43
NCT00091520,COMPLETED,0,2004-09-09,2004,development,HTT-P1-AACT-20260905,2026-09-05,20260905_export_ctgov.zip,ctgov.studies.overall_status,COMPLETED=0;TERMINATED|WITHDRAWN=1,ctgov.studies.study_first_submitted_date,step2_reconciliation/HeartTrialTwin_step2_cohort_reconciliation.csv,5a254575d8d5276d1176b53b38dad6600b46d6732441698e8e14668699d8ac43
NCT00094250,WITHDRAWN,1,2004-10-15,2004,development,HTT-P1-AACT-20260905,2026-09-05,20260905_export_ctgov.zip,ctgov.studies.overall_status,COMPLETED=0;TERMINATED|WITHDRAWN=1,ctgov.studies.study_first_submitted_date,step2_reconciliation/HeartTrialTwin_step2_cohort_reconciliation.csv,5a254575d8d5276d1176b53b38dad6600b46d6732441698e8e14668699d8ac43
NCT00094302,COMPLETED,0,2004-10-15,2004,development,HTT-P1-AACT-20260905,2026-09-05,20260905_export_ctgov.zip,ctgov.studies.overall_status,COMPLETED=0;TERMINATED|WITHDRAWN=1,ctgov.studies.study_first_submitted_date,step2_reconciliation/HeartTrialTwin_step2_cohort_reconciliation.csv,5a254575d8d5276d1176b53b38dad6600b46d6732441698e8e14668699d8ac43
NCT00094562,COMPLETED,0,2004-10-20,2004,development,HTT-P1-AACT-20260905,2026-09-05,20260905_export_ctgov.zip,ctgov.studies.overall_status,COMPLETED=0;TERMINATED|WITHDRAWN=1,ctgov.studies.study_first_submitted_date,step2_reconciliation/HeartTrialTwin_step2_cohort_reconciliation.csv,5a254575d8d5276d1176b53b38dad6600b46d6732441698e8e14668699d8ac43
NCT00095238,COMPLETED,0,2004-11-01,2004,development,HTT-P1-AACT-20260905,2026-09-05,20260905_export_ctgov.zip,ctgov.studies.overall_status,COMPLETED=0;TERMINATED|WITHDRAWN=1,ctgov.studies.study_first_submitted_date,step2_reconciliation/HeartTrialTwin_step2_cohort_reconciliation.csv,5a254575d8d5276d1176b53b38dad6600b46d6732441698e8e14668699d8ac43
NCT00099580,COMPLETED,0,2004-12-17,2004,development,HTT-P1-AACT-20260905,2026-09-05,20260905_export_ctgov.zip,ctgov.studies.overall_status,COMPLETED=0;TERMINATED|WITHDRAWN=1,ctgov.studies.study_first_submitted_date,step2_reconciliation/HeartTrialTwin_step2_cohort_reconciliation.csv,5a254575d8d5276d1176b53b38dad6600b46d6732441698e8e14668699d8ac43
NCT00102128,TERMINATED,1,2005-01-21,2005,development,HTT-P1-AACT-20260905,2026-09-05,20260905_export_ctgov.zip,ctgov.studies.overall_status,COMPLETED=0;TERMINATED|WITHDRAWN=1,ctgov.studies.study_first_submitted_date,step2_reconciliation/HeartTrialTwin_step2_cohort_reconciliation.csv,5a254575d8d5276d1176b53b38dad6600b46d6732441698e8e14668699d8ac43
NCT00103519,TERMINATED,1,2005-02-09,2005,development,HTT-P1-AACT-20260905,2026-09-05,20260905_export_ctgov.zip,ctgov.studies.overall_status,COMPLETED=0;TERMINATED|WITHDRAWN=1,ctgov.studies.study_first_submitted_date,step2_reconciliation/HeartTrialTwin_step2_cohort_reconciliation.csv,5a254575d8d5276d1176b53b38dad6600b46d6732441698e8e14668699d8ac43
NCT00105703,COMPLETED,0,2005-03-16,2005,development,HTT-P1-AACT-20260905,2026-09-05,20260905_export_ctgov.zip,ctgov.studies.overall_status,COMPLETED=0;TERMINATED|WITHDRAWN=1,ctgov.studies.study_first_submitted_date,step2_reconciliation/HeartTrialTwin_step2_cohort_reconciliation.csv,5a254575d8d5276d1176b53b38dad6600b46d6732441698e8e14668699d8ac43
NCT00105846,COMPLETED,0,2005-03-17,2005,development,HTT-P1-AACT-20260905,2026-09-05,20260905_export_ctgov.zip,ctgov.studies.overall_status,COMPLETED=0;TERMINATED|WITHDRAWN=1,ctgov.studies.study_first_submitted_date,step2_reconciliation/HeartTrialTwin_step2_cohort_reconciliation.csv,5a254575d8d5276d1176b53b38dad6600b46d6732441698e8e14668699d8ac43
NCT00108147,COMPLETED,0,2005-04-14,2005,development,HTT-P1-AACT-20260905,2026-09-05,20260905_export_ctgov.zip,ctgov.studies.overall_status,COMPLETED=0;TERMINATED|WITHDRAWN=1,ctgov.studies.study_first_submitted_date,step2_reconciliation/HeartTrialTwin_step2_cohort_reconciliation.csv,5a254575d8d5276d1176b53b38dad6600b46d6732441698e8e14668699d8ac43
NCT00108251,COMPLETED,0,2005-04-14,2005,development,HTT-P1-AACT-20260905,2026-09-05,20260905_export_ctgov.zip,ctgov.studies.overall_status,COMPLETED=0;TERMINATED|WITHDRAWN=1,ctgov.studies.study_first_submitted_date,step2_reconciliation/HeartTrialTwin_step2_cohort_reconciliation.csv,5a254575d8d5276d1176b53b38dad6600b46d6732441698e8e14668699d8ac43
NCT00110227,COMPLETED,0,2005-05-04,2005,development,HTT-P1-AACT-20260905,2026-09-05,20260905_export_ctgov.zip,ctgov.studies.overall_status,COMPLETED=0;TERMINATED|WITHDRAWN=1,ctgov.studies.study_first_submitted_date,step2_reconciliation/HeartTrialTwin_step2_cohort_reconciliation.csv,5a254575d8d5276d1176b53b38dad6600b46d6732441698e8e14668699d8ac43
NCT00111527,COMPLETED,0,2005-05-20,2005,development,HTT-P1-AACT-20260905,2026-09-05,20260905_export_ctgov.zip,ctgov.studies.overall_status,COMPLETED=0;TERMINATED|WITHDRAWN=1,ctgov.studies.study_first_submitted_date,step2_reconciliation/HeartTrialTwin_step2_cohort_reconciliation.csv,5a254575d8d5276d1176b53b38dad6600b46d6732441698e8e14668699d8ac43
NCT00111969,COMPLETED,0,2005-05-26,2005,development,HTT-P1-AACT-20260905,2026-09-05,20260905_export_ctgov.zip,ctgov.studies.overall_status,COMPLETED=0;TERMINATED|WITHDRAWN=1,ctgov.studies.study_first_submitted_date,step2_reconciliation/HeartTrialTwin_step2_cohort_reconciliation.csv,5a254575d8d5276d1176b53b38dad6600b46d6732441698e8e14668699d8ac43
NCT00112125,COMPLETED,0,2005-05-27,2005,development,HTT-P1-AACT-20260905,2026-09-05,20260905_export_ctgov.zip,ctgov.studies.overall_status,COMPLETED=0;TERMINATED|WITHDRAWN=1,ctgov.studies.study_first_submitted_date,step2_reconciliation/HeartTrialTwin_step2_cohort_reconciliation.csv,5a254575d8d5276d1176b53b38dad6600b46d6732441698e8e14668699d8ac43
NCT00113087,COMPLETED,0,2005-06-03,2005,development,HTT-P1-AACT-20260905,2026-09-05,20260905_export_ctgov.zip,ctgov.studies.overall_status,COMPLETED=0;TERMINATED|WITHDRAWN=1,ctgov.studies.study_first_submitted_date,step2_reconciliation/HeartTrialTwin_step2_cohort_reconciliation.csv,5a254575d8d5276d1176b53b38dad6600b46d6732441698e8e14668699d8ac43
NCT00113698,TERMINATED,1,2005-06-09,2005,development,HTT-P1-AACT-20260905,2026-09-05,20260905_export_ctgov.zip,ctgov.studies.overall_status,COMPLETED=0;TERMINATED|WITHDRAWN=1,ctgov.studies.study_first_submitted_date,step2_reconciliation/HeartTrialTwin_step2_cohort_reconciliation.csv,5a254575d8d5276d1176b53b38dad6600b46d6732441698e8e14668699d8ac43
NCT00115726,COMPLETED,0,2005-06-23,2005,development,HTT-P1-AACT-20260905,2026-09-05,20260905_export_ctgov.zip,ctgov.studies.overall_status,COMPLETED=0;TERMINATED|WITHDRAWN=1,ctgov.studies.study_first_submitted_date,step2_reconciliation/HeartTrialTwin_step2_cohort_reconciliation.csv,5a254575d8d5276d1176b53b38dad6600b46d6732441698e8e14668699d8ac43
NCT00117234,COMPLETED,0,2005-06-30,2005,development,HTT-P1-AACT-20260905,2026-09-05,20260905_export_ctgov.zip,ctgov.studies.overall_status,COMPLETED=0;TERMINATED|WITHDRAWN=1,ctgov.studies.study_first_submitted_date,step2_reconciliation/HeartTrialTwin_step2_cohort_reconciliation.csv,5a254575d8d5276d1176b53b38dad6600b46d6732441698e8e14668699d8ac43
NCT00117247,COMPLETED,0,2005-06-30,2005,development,HTT-P1-AACT-20260905,2026-09-05,20260905_export_ctgov.zip,ctgov.studies.overall_status,COMPLETED=0;TERMINATED|WITHDRAWN=1,ctgov.studies.study_first_submitted_date,step2_reconciliation/HeartTrialTwin_step2_cohort_reconciliation.csv,5a254575d8d5276d1176b53b38dad6600b46d6732441698e8e14668699d8ac43
NCT00119691,COMPLETED,0,2005-07-07,2005,development,HTT-P1-AACT-20260905,2026-09-05,20260905_export_ctgov.zip,ctgov.studies.overall_status,COMPLETED=0;TERMINATED|WITHDRAWN=1,ctgov.studies.study_first_submitted_date,step2_reconciliation/HeartTrialTwin_step2_cohort_reconciliation.csv,5a254575d8d5276d1176b53b38dad6600b46d6732441698e8e14668699d8ac43
NCT00120276,COMPLETED,0,2005-07-07,2005,development,HTT-P1-AACT-20260905,2026-09-05,20260905_export_ctgov.zip,ctgov.studies.overall_status,COMPLETED=0;TERMINATED|WITHDRAWN=1,ctgov.studies.study_first_submitted_date,step2_reconciliation/HeartTrialTwin_step2_cohort_reconciliation.csv,5a254575d8d5276d1176b53b38dad6600b46d6732441698e8e14668699d8ac43
NCT00121472,COMPLETED,0,2005-07-12,2005,development,HTT-P1-AACT-20260905,2026-09-05,20260905_export_ctgov.zip,ctgov.studies.overall_status,COMPLETED=0;TERMINATED|WITHDRAWN=1,ctgov.studies.study_first_submitted_date,step2_reconciliation/HeartTrialTwin_step2_cohort_reconciliation.csv,5a254575d8d5276d1176b53b38dad6600b46d6732441698e8e14668699d8ac43
NCT00121485,COMPLETED,0,2005-07-12,2005,development,HTT-P1-AACT-20260905,2026-09-05,20260905_export_ctgov.zip,ctgov.studies.overall_status,COMPLETED=0;TERMINATED|WITHDRAWN=1,ctgov.studies.study_first_submitted_date,step2_reconciliation/HeartTrialTwin_step2_cohort_reconciliation.csv,5a254575d8d5276d1176b53b38dad6600b46d6732441698e8e14668699d8ac43
NCT00122135,COMPLETED,0,2005-07-18,2005,development,HTT-P1-AACT-20260905,2026-09-05,20260905_export_ctgov.zip,ctgov.studies.overall_status,COMPLETED=0;TERMINATED|WITHDRAWN=1,ctgov.studies.study_first_submitted_date,step2_reconciliation/HeartTrialTwin_step2_cohort_reconciliation.csv,5a254575d8d5276d1176b53b38dad6600b46d6732441698e8e14668699d8ac43
NCT00123903,TERMINATED,1,2005-07-22,2005,development,HTT-P1-AACT-20260905,2026-09-05,20260905_export_ctgov.zip,ctgov.studies.overall_status,COMPLETED=0;TERMINATED|WITHDRAWN=1,ctgov.studies.study_first_submitted_date,step2_reconciliation/HeartTrialTwin_step2_cohort_reconciliation.csv,5a254575d8d5276d1176b53b38dad6600b46d6732441698e8e14668699d8ac43
NCT00123955,COMPLETED,0,2005-07-22,2005,development,HTT-P1-AACT-20260905,2026-09-05,20260905_export_ctgov.zip,ctgov.studies.overall_status,COMPLETED=0;TERMINATED|WITHDRAWN=1,ctgov.studies.study_first_submitted_date,step2_reconciliation/HeartTrialTwin_step2_cohort_reconciliation.csv,5a254575d8d5276d1176b53b38dad6600b46d6732441698e8e14668699d8ac43
NCT00124137,COMPLETED,0,2005-07-25,2005,development,HTT-P1-AACT-20260905,2026-09-05,20260905_export_ctgov.zip,ctgov.studies.overall_status,COMPLETED=0;TERMINATED|WITHDRAWN=1,ctgov.studies.study_first_submitted_date,step2_reconciliation/HeartTrialTwin_step2_cohort_reconciliation.csv,5a254575d8d5276d1176b53b38dad6600b46d6732441698e8e14668699d8ac43
NCT00125437,TERMINATED,1,2005-07-29,2005,development,HTT-P1-AACT-20260905,2026-09-05,20260905_export_ctgov.zip,ctgov.studies.overall_status,COMPLETED=0;TERMINATED|WITHDRAWN=1,ctgov.studies.study_first_submitted_date,step2_reconciliation/HeartTrialTwin_step2_cohort_reconciliation.csv,5a254575d8d5276d1176b53b38dad6600b46d6732441698e8e14668699d8ac43
NCT00125476,COMPLETED,0,2005-07-29,2005,development,HTT-P1-AACT-20260905,2026-09-05,20260905_export_ctgov.zip,ctgov.studies.overall_status,COMPLETED=0;TERMINATED|WITHDRAWN=1,ctgov.studies.study_first_submitted_date,step2_reconciliation/HeartTrialTwin_step2_cohort_reconciliation.csv,5a254575d8d5276d1176b53b38dad6600b46d6732441698e8e14668699d8ac43
NCT00126425,COMPLETED,0,2005-08-02,2005,development,HTT-P1-AACT-20260905,2026-09-05,20260905_export_ctgov.zip,ctgov.studies.overall_status,COMPLETED=0;TERMINATED|WITHDRAWN=1,ctgov.studies.study_first_submitted_date,step2_reconciliation/HeartTrialTwin_step2_cohort_reconciliation.csv,5a254575d8d5276d1176b53b38dad6600b46d6732441698e8e14668699d8ac43
NCT00126438,COMPLETED,0,2005-08-03,2005,development,HTT-P1-AACT-20260905,2026-09-05,20260905_export_ctgov.zip,ctgov.studies.overall_status,COMPLETED=0;TERMINATED|WITHDRAWN=1,ctgov.studies.study_first_submitted_date,step2_reconciliation/HeartTrialTwin_step2_cohort_reconciliation.csv,5a254575d8d5276d1176b53b38dad6600b46d6732441698e8e14668699d8ac43
NCT00128258,TERMINATED,1,2005-08-08,2005,development,HTT-P1-AACT-20260905,2026-09-05,20260905_export_ctgov.zip,ctgov.studies.overall_status,COMPLETED=0;TERMINATED|WITHDRAWN=1,ctgov.studies.study_first_submitted_date,step2_reconciliation/HeartTrialTwin_step2_cohort_reconciliation.csv,5a254575d8d5276d1176b53b38dad6600b46d6732441698e8e14668699d8ac43
NCT00129363,COMPLETED,0,2005-08-08,2005,development,HTT-P1-AACT-20260905,2026-09-05,20260905_export_ctgov.zip,ctgov.studies.overall_status,COMPLETED=0;TERMINATED|WITHDRAWN=1,ctgov.studies.study_first_submitted_date,step2_reconciliation/HeartTrialTwin_step2_cohort_reconciliation.csv,5a254575d8d5276d1176b53b38dad6600b46d6732441698e8e14668699d8ac43
NCT00130611,COMPLETED,0,2005-08-12,2005,development,HTT-P1-AACT-20260905,2026-09-05,20260905_export_ctgov.zip,ctgov.studies.overall_status,COMPLETED=0;TERMINATED|WITHDRAWN=1,ctgov.studies.study_first_submitted_date,step2_reconciliation/HeartTrialTwin_step2_cohort_reconciliation.csv,5a254575d8d5276d1176b53b38dad6600b46d6732441698e8e14668699d8ac43
NCT00130884,COMPLETED,0,2005-08-15,2005,development,HTT-P1-AACT-20260905,2026-09-05,20260905_export_ctgov.zip,ctgov.studies.overall_status,COMPLETED=0;TERMINATED|WITHDRAWN=1,ctgov.studies.study_first_submitted_date,step2_reconciliation/HeartTrialTwin_step2_cohort_reconciliation.csv,5a254575d8d5276d1176b53b38dad6600b46d6732441698e8e14668699d8ac43
NCT00132886,COMPLETED,0,2005-08-18,2005,development,HTT-P1-AACT-20260905,2026-09-05,20260905_export_ctgov.zip,ctgov.studies.overall_status,COMPLETED=0;TERMINATED|WITHDRAWN=1,ctgov.studies.study_first_submitted_date,step2_reconciliation/HeartTrialTwin_step2_cohort_reconciliation.csv,5a254575d8d5276d1176b53b38dad6600b46d6732441698e8e14668699d8ac43
NCT00132977,COMPLETED,0,2005-08-18,2005,development,HTT-P1-AACT-20260905,2026-09-05,20260905_export_ctgov.zip,ctgov.studies.overall_status,COMPLETED=0;TERMINATED|WITHDRAWN=1,ctgov.studies.study_first_submitted_date,step2_reconciliation/HeartTrialTwin_step2_cohort_reconciliation.csv,5a254575d8d5276d1176b53b38dad6600b46d6732441698e8e14668699d8ac43
NCT00138398,COMPLETED,0,2005-08-26,2005,development,HTT-P1-AACT-20260905,2026-09-05,20260905_export_ctgov.zip,ctgov.studies.overall_status,COMPLETED=0;TERMINATED|WITHDRAWN=1,ctgov.studies.study_first_submitted_date,step2_reconciliation/HeartTrialTwin_step2_cohort_reconciliation.csv,5a254575d8d5276d1176b53b38dad6600b46d6732441698e8e14668699d8ac43
NCT00141856,COMPLETED,0,2005-08-30,2005,development,HTT-P1-AACT-20260905,2026-09-05,20260905_export_ctgov.zip,ctgov.studies.overall_status,COMPLETED=0;TERMINATED|WITHDRAWN=1,ctgov.studies.study_first_submitted_date,step2_reconciliation/HeartTrialTwin_step2_cohort_reconciliation.csv,5a254575d8d5276d1176b53b38dad6600b46d6732441698e8e14668699d8ac43
NCT00145873,TERMINATED,1,2005-09-01,2005,development,HTT-P1-AACT-20260905,2026-09-05,20260905_export_ctgov.zip,ctgov.studies.overall_status,COMPLETED=0;TERMINATED|WITHDRAWN=1,ctgov.studies.study_first_submitted_date,step2_reconciliation/HeartTrialTwin_step2_cohort_reconciliation.csv,5a254575d8d5276d1176b53b38dad6600b46d6732441698e8e14668699d8ac43
NCT00146679,COMPLETED,0,2005-09-02,2005,development,HTT-P1-AACT-20260905,2026-09-05,20260905_export_ctgov.zip,ctgov.studies.overall_status,COMPLETED=0;TERMINATED|WITHDRAWN=1,ctgov.studies.study_first_submitted_date,step2_reconciliation/HeartTrialTwin_step2_cohort_reconciliation.csv,5a254575d8d5276d1176b53b38dad6600b46d6732441698e8e14668699d8ac43
NCT00146848,COMPLETED,0,2005-09-02,2005,development,HTT-P1-AACT-20260905,2026-09-05,20260905_export_ctgov.zip,ctgov.studies.overall_status,COMPLETED=0;TERMINATED|WITHDRAWN=1,ctgov.studies.study_first_submitted_date,step2_reconciliation/HeartTrialTwin_step2_cohort_reconciliation.csv,5a254575d8d5276d1176b53b38dad6600b46d6732441698e8e14668699d8ac43
NCT00147706,COMPLETED,0,2005-09-02,2005,development,HTT-P1-AACT-20260905,2026-09-05,20260905_export_ctgov.zip,ctgov.studies.overall_status,COMPLETED=0;TERMINATED|WITHDRAWN=1,ctgov.studies.study_first_submitted_date,step2_reconciliation/HeartTrialTwin_step2_cohort_reconciliation.csv,5a254575d8d5276d1176b53b38dad6600b46d6732441698e8e14668699d8ac43
NCT00149227,COMPLETED,0,2005-09-06,2005,development,HTT-P1-AACT-20260905,2026-09-05,20260905_export_ctgov.zip,ctgov.studies.overall_status,COMPLETED=0;TERMINATED|WITHDRAWN=1,ctgov.studies.study_first_submitted_date,step2_reconciliation/HeartTrialTwin_step2_cohort_reconciliation.csv,5a254575d8d5276d1176b53b38dad6600b46d6732441698e8e14668699d8ac43
NCT00149409,COMPLETED,0,2005-09-06,2005,development,HTT-P1-AACT-20260905,2026-09-05,20260905_export_ctgov.zip,ctgov.studies.overall_status,COMPLETED=0;TERMINATED|WITHDRAWN=1,ctgov.studies.study_first_submitted_date,step2_reconciliation/HeartTrialTwin_step2_cohort_reconciliation.csv,5a254575d8d5276d1176b53b38dad6600b46d6732441698e8e14668699d8ac43
NCT00149422,COMPLETED,0,2005-09-06,2005,development,HTT-P1-AACT-20260905,2026-09-05,20260905_export_ctgov.zip,ctgov.studies.overall_status,COMPLETED=0;TERMINATED|WITHDRAWN=1,ctgov.studies.study_first_submitted_date,step2_reconciliation/HeartTrialTwin_step2_cohort_reconciliation.csv,5a254575d8d5276d1176b53b38dad6600b46d6732441698e8e14668699d8ac43
NCT00151619,TERMINATED,1,2005-09-08,2005,development,HTT-P1-AACT-20260905,2026-09-05,20260905_export_ctgov.zip,ctgov.studies.overall_status,COMPLETED=0;TERMINATED|WITHDRAWN=1,ctgov.studies.study_first_submitted_date,step2_reconciliation/HeartTrialTwin_step2_cohort_reconciliation.csv,5a254575d8d5276d1176b53b38dad6600b46d6732441698e8e14668699d8ac43
NCT00154115,COMPLETED,0,2005-09-07,2005,development,HTT-P1-AACT-20260905,2026-09-05,20260905_export_ctgov.zip,ctgov.studies.overall_status,COMPLETED=0;TERMINATED|WITHDRAWN=1,ctgov.studies.study_first_submitted_date,step2_reconciliation/HeartTrialTwin_step2_cohort_reconciliation.csv,5a254575d8d5276d1176b53b38dad6600b46d6732441698e8e14668699d8ac43
NCT00156390,COMPLETED,0,2005-09-08,2005,development,HTT-P1-AACT-20260905,2026-09-05,20260905_export_ctgov.zip,ctgov.studies.overall_status,COMPLETED=0;TERMINATED|WITHDRAWN=1,ctgov.studies.study_first_submitted_date,step2_reconciliation/HeartTrialTwin_step2_cohort_reconciliation.csv,5a254575d8d5276d1176b53b38dad6600b46d6732441698e8e14668699d8ac43
NCT00156728,COMPLETED,0,2005-09-08,2005,development,HTT-P1-AACT-20260905,2026-09-05,20260905_export_ctgov.zip,ctgov.studies.overall_status,COMPLETED=0;TERMINATED|WITHDRAWN=1,ctgov.studies.study_first_submitted_date,step2_reconciliation/HeartTrialTwin_step2_cohort_reconciliation.csv,5a254575d8d5276d1176b53b38dad6600b46d6732441698e8e14668699d8ac43
NCT00156780,COMPLETED,0,2005-09-08,2005,development,HTT-P1-AACT-20260905,2026-09-05,20260905_export_ctgov.zip,ctgov.studies.overall_status,COMPLETED=0;TERMINATED|WITHDRAWN=1,ctgov.studies.study_first_submitted_date,step2_reconciliation/HeartTrialTwin_step2_cohort_reconciliation.csv,5a254575d8d5276d1176b53b38dad6600b46d6732441698e8e14668699d8ac43
NCT00157846,TERMINATED,1,2005-09-09,2005,development,HTT-P1-AACT-20260905,2026-09-05,20260905_export_ctgov.zip,ctgov.studies.overall_status,COMPLETED=0;TERMINATED|WITHDRAWN=1,ctgov.studies.study_first_submitted_date,step2_reconciliation/HeartTrialTwin_step2_cohort_reconciliation.csv,5a254575d8d5276d1176b53b38dad6600b46d6732441698e8e14668699d8ac43
NCT00158925,COMPLETED,0,2005-09-08,2005,development,HTT-P1-AACT-20260905,2026-09-05,20260905_export_ctgov.zip,ctgov.studies.overall_status,COMPLETED=0;TERMINATED|WITHDRAWN=1,ctgov.studies.study_first_submitted_date,step2_reconciliation/HeartTrialTwin_step2_cohort_reconciliation.csv,5a254575d8d5276d1176b53b38dad6600b46d6732441698e8e14668699d8ac43
NCT00158938,COMPLETED,0,2005-09-08,2005,development,HTT-P1-AACT-20260905,2026-09-05,20260905_export_ctgov.zip,ctgov.studies.overall_status,COMPLETED=0;TERMINATED|WITHDRAWN=1,ctgov.studies.study_first_submitted_date,step2_reconciliation/HeartTrialTwin_step2_cohort_reconciliation.csv,5a254575d8d5276d1176b53b38dad6600b46d6732441698e8e14668699d8ac43
NCT00158951,COMPLETED,0,2005-09-08,2005,development,HTT-P1-AACT-20260905,2026-09-05,20260905_export_ctgov.zip,ctgov.studies.overall_status,COMPLETED=0;TERMINATED|WITHDRAWN=1,ctgov.studies.study_first_submitted_date,step2_reconciliation/HeartTrialTwin_step2_cohort_reconciliation.csv,5a254575d8d5276d1176b53b38dad6600b46d6732441698e8e14668699d8ac43
NCT00158964,COMPLETED,0,2005-09-08,2005,development,HTT-P1-AACT-20260905,2026-09-05,20260905_export_ctgov.zip,ctgov.studies.overall_status,COMPLETED=0;TERMINATED|WITHDRAWN=1,ctgov.studies.study_first_submitted_date,step2_reconciliation/HeartTrialTwin_step2_cohort_reconciliation.csv,5a254575d8d5276d1176b53b38dad6600b46d6732441698e8e14668699d8ac43
NCT00158977,COMPLETED,0,2005-09-08,2005,development,HTT-P1-AACT-20260905,2026-09-05,20260905_export_ctgov.zip,ctgov.studies.overall_status,COMPLETED=0;TERMINATED|WITHDRAWN=1,ctgov.studies.study_first_submitted_date,step2_reconciliation/HeartTrialTwin_step2_cohort_reconciliation.csv,5a254575d8d5276d1176b53b38dad6600b46d6732441698e8e14668699d8ac43
NCT00159614,COMPLETED,0,2005-09-07,2005,development,HTT-P1-AACT-20260905,2026-09-05,20260905_export_ctgov.zip,ctgov.studies.overall_status,COMPLETED=0;TERMINATED|WITHDRAWN=1,ctgov.studies.study_first_submitted_date,step2_reconciliation/HeartTrialTwin_step2_cohort_reconciliation.csv,5a254575d8d5276d1176b53b38dad6600b46d6732441698e8e14668699d8ac43
NCT00159627,COMPLETED,0,2005-09-07,2005,development,HTT-P1-AACT-20260905,2026-09-05,20260905_export_ctgov.zip,ctgov.studies.overall_status,COMPLETED=0;TERMINATED|WITHDRAWN=1,ctgov.studies.study_first_submitted_date,step2_reconciliation/HeartTrialTwin_step2_cohort_reconciliation.csv,5a254575d8d5276d1176b53b38dad6600b46d6732441698e8e14668699d8ac43
NCT00160134,COMPLETED,0,2005-09-08,2005,development,HTT-P1-AACT-20260905,2026-09-05,20260905_export_ctgov.zip,ctgov.studies.overall_status,COMPLETED=0;TERMINATED|WITHDRAWN=1,ctgov.studies.study_first_submitted_date,step2_reconciliation/HeartTrialTwin_step2_cohort_reconciliation.csv,5a254575d8d5276d1176b53b38dad6600b46d6732441698e8e14668699d8ac43
NCT00162565,COMPLETED,0,2005-09-09,2005,development,HTT-P1-AACT-20260905,2026-09-05,20260905_export_ctgov.zip,ctgov.studies.overall_status,COMPLETED=0;TERMINATED|WITHDRAWN=1,ctgov.studies.study_first_submitted_date,step2_reconciliation/HeartTrialTwin_step2_cohort_reconciliation.csv,5a254575d8d5276d1176b53b38dad6600b46d6732441698e8e14668699d8ac43
NCT00166010,WITHDRAWN,1,2005-09-12,2005,development,HTT-P1-AACT-20260905,2026-09-05,20260905_export_ctgov.zip,ctgov.studies.overall_status,COMPLETED=0;TERMINATED|WITHDRAWN=1,ctgov.studies.study_first_submitted_date,step2_reconciliation/HeartTrialTwin_step2_cohort_reconciliation.csv,5a254575d8d5276d1176b53b38dad6600b46d6732441698e8e14668699d8ac43
NCT00166049,COMPLETED,0,2005-08-31,2005,development,HTT-P1-AACT-20260905,2026-09-05,20260905_export_ctgov.zip,ctgov.studies.overall_status,COMPLETED=0;TERMINATED|WITHDRAWN=1,ctgov.studies.study_first_submitted_date,step2_reconciliation/HeartTrialTwin_step2_cohort_reconciliation.csv,5a254575d8d5276d1176b53b38dad6600b46d6732441698e8e14668699d8ac43
NCT00166127,TERMINATED,1,2005-09-12,2005,development,HTT-P1-AACT-20260905,2026-09-05,20260905_export_ctgov.zip,ctgov.studies.overall_status,COMPLETED=0;TERMINATED|WITHDRAWN=1,ctgov.studies.study_first_submitted_date,step2_reconciliation/HeartTrialTwin_step2_cohort_reconciliation.csv,5a254575d8d5276d1176b53b38dad6600b46d6732441698e8e14668699d8ac43
NCT00170183,COMPLETED,0,2005-09-13,2005,development,HTT-P1-AACT-20260905,2026-09-05,20260905_export_ctgov.zip,ctgov.studies.overall_status,COMPLETED=0;TERMINATED|WITHDRAWN=1,ctgov.studies.study_first_submitted_date,step2_reconciliation/HeartTrialTwin_step2_cohort_reconciliation.csv,5a254575d8d5276d1176b53b38dad6600b46d6732441698e8e14668699d8ac43
NCT00170300,COMPLETED,0,2005-09-09,2005,development,HTT-P1-AACT-20260905,2026-09-05,20260905_export_ctgov.zip,ctgov.studies.overall_status,COMPLETED=0;TERMINATED|WITHDRAWN=1,ctgov.studies.study_first_submitted_date,step2_reconciliation/HeartTrialTwin_step2_cohort_reconciliation.csv,5a254575d8d5276d1176b53b38dad6600b46d6732441698e8e14668699d8ac43
NCT00170313,TERMINATED,1,2005-09-13,2005,development,HTT-P1-AACT-20260905,2026-09-05,20260905_export_ctgov.zip,ctgov.studies.overall_status,COMPLETED=0;TERMINATED|WITHDRAWN=1,ctgov.studies.study_first_submitted_date,step2_reconciliation/HeartTrialTwin_step2_cohort_reconciliation.csv,5a254575d8d5276d1176b53b38dad6600b46d6732441698e8e14668699d8ac43
NCT00171106,COMPLETED,0,2005-09-10,2005,development,HTT-P1-AACT-20260905,2026-09-05,20260905_export_ctgov.zip,ctgov.studies.overall_status,COMPLETED=0;TERMINATED|WITHDRAWN=1,ctgov.studies.study_first_submitted_date,step2_reconciliation/HeartTrialTwin_step2_cohort_reconciliation.csv,5a254575d8d5276d1176b53b38dad6600b46d6732441698e8e14668699d8ac43
NCT00175279,COMPLETED,0,2005-09-10,2005,development,HTT-P1-AACT-20260905,2026-09-05,20260905_export_ctgov.zip,ctgov.studies.overall_status,COMPLETED=0;TERMINATED|WITHDRAWN=1,ctgov.studies.study_first_submitted_date,step2_reconciliation/HeartTrialTwin_step2_cohort_reconciliation.csv,5a254575d8d5276d1176b53b38dad6600b46d6732441698e8e14668699d8ac43
NCT00176319,COMPLETED,0,2005-09-09,2005,development,HTT-P1-AACT-20260905,2026-09-05,20260905_export_ctgov.zip,ctgov.studies.overall_status,COMPLETED=0;TERMINATED|WITHDRAWN=1,ctgov.studies.study_first_submitted_date,step2_reconciliation/HeartTrialTwin_step2_cohort_reconciliation.csv,5a254575d8d5276d1176b53b38dad6600b46d6732441698e8e14668699d8ac43
NCT00176332,COMPLETED,0,2005-09-10,2005,development,HTT-P1-AACT-20260905,2026-09-05,20260905_export_ctgov.zip,ctgov.studies.overall_status,COMPLETED=0;TERMINATED|WITHDRAWN=1,ctgov.studies.study_first_submitted_date,step2_reconciliation/HeartTrialTwin_step2_cohort_reconciliation.csv,5a254575d8d5276d1176b53b38dad6600b46d6732441698e8e14668699d8ac43
NCT00176384,COMPLETED,0,2005-09-10,2005,development,HTT-P1-AACT-20260905,2026-09-05,20260905_export_ctgov.zip,ctgov.studies.overall_status,COMPLETED=0;TERMINATED|WITHDRAWN=1,ctgov.studies.study_first_submitted_date,step2_reconciliation/HeartTrialTwin_step2_cohort_reconciliation.csv,5a254575d8d5276d1176b53b38dad6600b46d6732441698e8e14668699d8ac43
NCT00180258,COMPLETED,0,2005-09-09,2005,development,HTT-P1-AACT-20260905,2026-09-05,20260905_export_ctgov.zip,ctgov.studies.overall_status,COMPLETED=0;TERMINATED|WITHDRAWN=1,ctgov.studies.study_first_submitted_date,step2_reconciliation/HeartTrialTwin_step2_cohort_reconciliation.csv,5a254575d8d5276d1176b53b38dad6600b46d6732441698e8e14668699d8ac43
NCT00180271,COMPLETED,0,2005-09-09,2005,development,HTT-P1-AACT-20260905,2026-09-05,20260905_export_ctgov.zip,ctgov.studies.overall_status,COMPLETED=0;TERMINATED|WITHDRAWN=1,ctgov.studies.study_first_submitted_date,step2_reconciliation/HeartTrialTwin_step2_cohort_reconciliation.csv,5a254575d8d5276d1176b53b38dad6600b46d6732441698e8e14668699d8ac43
NCT00180336,COMPLETED,0,2005-09-12,2005,development,HTT-P1-AACT-20260905,2026-09-05,20260905_export_ctgov.zip,ctgov.studies.overall_status,COMPLETED=0;TERMINATED|WITHDRAWN=1,ctgov.studies.study_first_submitted_date,step2_reconciliation/HeartTrialTwin_step2_cohort_reconciliation.csv,5a254575d8d5276d1176b53b38dad6600b46d6732441698e8e14668699d8ac43
NCT00180531,COMPLETED,0,2005-09-14,2005,development,HTT-P1-AACT-20260905,2026-09-05,20260905_export_ctgov.zip,ctgov.studies.overall_status,COMPLETED=0;TERMINATED|WITHDRAWN=1,ctgov.studies.study_first_submitted_date,step2_reconciliation/HeartTrialTwin_step2_cohort_reconciliation.csv,5a254575d8d5276d1176b53b38dad6600b46d6732441698e8e14668699d8ac43
NCT00180596,COMPLETED,0,2005-09-15,2005,development,HTT-P1-AACT-20260905,2026-09-05,20260905_export_ctgov.zip,ctgov.studies.overall_status,COMPLETED=0;TERMINATED|WITHDRAWN=1,ctgov.studies.study_first_submitted_date,step2_reconciliation/HeartTrialTwin_step2_cohort_reconciliation.csv,5a254575d8d5276d1176b53b38dad6600b46d6732441698e8e14668699d8ac43
NCT00181155,COMPLETED,0,2005-09-12,2005,development,HTT-P1-AACT-20260905,2026-09-05,20260905_export_ctgov.zip,ctgov.studies.overall_status,COMPLETED=0;TERMINATED|WITHDRAWN=1,ctgov.studies.study_first_submitted_date,step2_reconciliation/HeartTrialTwin_step2_cohort_reconciliation.csv,5a254575d8d5276d1176b53b38dad6600b46d6732441698e8e14668699d8ac43
NCT00182169,COMPLETED,0,2005-09-12,2005,development,HTT-P1-AACT-20260905,2026-09-05,20260905_export_ctgov.zip,ctgov.studies.overall_status,COMPLETED=0;TERMINATED|WITHDRAWN=1,ctgov.studies.study_first_submitted_date,step2_reconciliation/HeartTrialTwin_step2_cohort_reconciliation.csv,5a254575d8d5276d1176b53b38dad6600b46d6732441698e8e14668699d8ac43
NCT00184457,COMPLETED,0,2005-09-15,2005,development,HTT-P1-AACT-20260905,2026-09-05,20260905_export_ctgov.zip,ctgov.studies.overall_status,COMPLETED=0;TERMINATED|WITHDRAWN=1,ctgov.studies.study_first_submitted_date,step2_reconciliation/HeartTrialTwin_step2_cohort_reconciliation.csv,5a254575d8d5276d1176b53b38dad6600b46d6732441698e8e14668699d8ac43
NCT00186329,COMPLETED,0,2005-09-13,2005,development,HTT-P1-AACT-20260905,2026-09-05,20260905_export_ctgov.zip,ctgov.studies.overall_status,COMPLETED=0;TERMINATED|WITHDRAWN=1,ctgov.studies.study_first_submitted_date,step2_reconciliation/HeartTrialTwin_step2_cohort_reconciliation.csv,5a254575d8d5276d1176b53b38dad6600b46d6732441698e8e14668699d8ac43
NCT00187187,COMPLETED,0,2005-09-10,2005,development,HTT-P1-AACT-20260905,2026-09-05,20260905_export_ctgov.zip,ctgov.studies.overall_status,COMPLETED=0;TERMINATED|WITHDRAWN=1,ctgov.studies.study_first_submitted_date,step2_reconciliation/HeartTrialTwin_step2_cohort_reconciliation.csv,5a254575d8d5276d1176b53b38dad6600b46d6732441698e8e14668699d8ac43
NCT00187200,COMPLETED,0,2005-09-10,2005,development,HTT-P1-AACT-20260905,2026-09-05,20260905_export_ctgov.zip,ctgov.studies.overall_status,COMPLETED=0;TERMINATED|WITHDRAWN=1,ctgov.studies.study_first_submitted_date,step2_reconciliation/HeartTrialTwin_step2_cohort_reconciliation.csv,5a254575d8d5276d1176b53b38dad6600b46d6732441698e8e14668699d8ac43
NCT00187213,COMPLETED,0,2005-09-13,2005,development,HTT-P1-AACT-20260905,2026-09-05,20260905_export_ctgov.zip,ctgov.studies.overall_status,COMPLETED=0;TERMINATED|WITHDRAWN=1,ctgov.studies.study_first_submitted_date,step2_reconciliation/HeartTrialTwin_step2_cohort_reconciliation.csv,5a254575d8d5276d1176b53b38dad6600b46d6732441698e8e14668699d8ac43
NCT00187252,COMPLETED,0,2005-09-13,2005,development,HTT-P1-AACT-20260905,2026-09-05,20260905_export_ctgov.zip,ctgov.studies.overall_status,COMPLETED=0;TERMINATED|WITHDRAWN=1,ctgov.studies.study_first_submitted_date,step2_reconciliation/HeartTrialTwin_step2_cohort_reconciliation.csv,5a254575d8d5276d1176b53b38dad6600b46d6732441698e8e14668699d8ac43
NCT00187265,COMPLETED,0,2005-09-13,2005,development,HTT-P1-AACT-20260905,2026-09-05,20260905_export_ctgov.zip,ctgov.studies.overall_status,COMPLETED=0;TERMINATED|WITHDRAWN=1,ctgov.studies.study_first_submitted_date,step2_reconciliation/HeartTrialTwin_step2_cohort_reconciliation.csv,5a254575d8d5276d1176b53b38dad6600b46d6732441698e8e14668699d8ac43
NCT00187460,COMPLETED,0,2005-09-13,2005,development,HTT-P1-AACT-20260905,2026-09-05,20260905_export_ctgov.zip,ctgov.studies.overall_status,COMPLETED=0;TERMINATED|WITHDRAWN=1,ctgov.studies.study_first_submitted_date,step2_reconciliation/HeartTrialTwin_step2_cohort_reconciliation.csv,5a254575d8d5276d1176b53b38dad6600b46d6732441698e8e14668699d8ac43
NCT00189852,COMPLETED,0,2005-09-13,2005,development,HTT-P1-AACT-20260905,2026-09-05,20260905_export_ctgov.zip,ctgov.studies.overall_status,COMPLETED=0;TERMINATED|WITHDRAWN=1,ctgov.studies.study_first_submitted_date,step2_reconciliation/HeartTrialTwin_step2_cohort_reconciliation.csv,5a254575d8d5276d1176b53b38dad6600b46d6732441698e8e14668699d8ac43
NCT00194701,COMPLETED,0,2005-09-13,2005,development,HTT-P1-AACT-20260905,2026-09-05,20260905_export_ctgov.zip,ctgov.studies.overall_status,COMPLETED=0;TERMINATED|WITHDRAWN=1,ctgov.studies.study_first_submitted_date,step2_reconciliation/HeartTrialTwin_step2_cohort_reconciliation.csv,5a254575d8d5276d1176b53b38dad6600b46d6732441698e8e14668699d8ac43
NCT00202150,COMPLETED,0,2005-09-13,2005,development,HTT-P1-AACT-20260905,2026-09-05,20260905_export_ctgov.zip,ctgov.studies.overall_status,COMPLETED=0;TERMINATED|WITHDRAWN=1,ctgov.studies.study_first_submitted_date,step2_reconciliation/HeartTrialTwin_step2_cohort_reconciliation.csv,5a254575d8d5276d1176b53b38dad6600b46d6732441698e8e14668699d8ac43
NCT00202579,COMPLETED,0,2005-09-12,2005,development,HTT-P1-AACT-20260905,2026-09-05,20260905_export_ctgov.zip,ctgov.studies.overall_status,COMPLETED=0;TERMINATED|WITHDRAWN=1,ctgov.studies.study_first_submitted_date,step2_reconciliation/HeartTrialTwin_step2_cohort_reconciliation.csv,5a254575d8d5276d1176b53b38dad6600b46d6732441698e8e14668699d8ac43
NCT00204802,COMPLETED,0,2005-09-12,2005,development,HTT-P1-AACT-20260905,2026-09-05,20260905_export_ctgov.zip,ctgov.studies.overall_status,COMPLETED=0;TERMINATED|WITHDRAWN=1,ctgov.studies.study_first_submitted_date,step2_reconciliation/HeartTrialTwin_step2_cohort_reconciliation.csv,5a254575d8d5276d1176b53b38dad6600b46d6732441698e8e14668699d8ac43
NCT00204945,COMPLETED,0,2005-09-13,2005,development,HTT-P1-AACT-20260905,2026-09-05,20260905_export_ctgov.zip,ctgov.studies.overall_status,COMPLETED=0;TERMINATED|WITHDRAWN=1,ctgov.studies.study_first_submitted_date,step2_reconciliation/HeartTrialTwin_step2_cohort_reconciliation.csv,5a254575d8d5276d1176b53b38dad6600b46d6732441698e8e14668699d8ac43
NCT00206232,COMPLETED,0,2005-09-12,2005,development,HTT-P1-AACT-20260905,2026-09-05,20260905_export_ctgov.zip,ctgov.studies.overall_status,COMPLETED=0;TERMINATED|WITHDRAWN=1,ctgov.studies.study_first_submitted_date,step2_reconciliation/HeartTrialTwin_step2_cohort_reconciliation.csv,5a254575d8d5276d1176b53b38dad6600b46d6732441698e8e14668699d8ac43
NCT00206310,COMPLETED,0,2005-09-16,2005,development,HTT-P1-AACT-20260905,2026-09-05,20260905_export_ctgov.zip,ctgov.studies.overall_status,COMPLETED=0;TERMINATED|WITHDRAWN=1,ctgov.studies.study_first_submitted_date,step2_reconciliation/HeartTrialTwin_step2_cohort_reconciliation.csv,5a254575d8d5276d1176b53b38dad6600b46d6732441698e8e14668699d8ac43
NCT00206830,COMPLETED,0,2005-09-13,2005,development,HTT-P1-AACT-20260905,2026-09-05,20260905_export_ctgov.zip,ctgov.studies.overall_status,COMPLETED=0;TERMINATED|WITHDRAWN=1,ctgov.studies.study_first_submitted_date,step2_reconciliation/HeartTrialTwin_step2_cohort_reconciliation.csv,5a254575d8d5276d1176b53b38dad6600b46d6732441698e8e14668699d8ac43
NCT00206843,COMPLETED,0,2005-09-12,2005,development,HTT-P1-AACT-20260905,2026-09-05,20260905_export_ctgov.zip,ctgov.studies.overall_status,COMPLETED=0;TERMINATED|WITHDRAWN=1,ctgov.studies.study_first_submitted_date,step2_reconciliation/HeartTrialTwin_step2_cohort_reconciliation.csv,5a254575d8d5276d1176b53b38dad6600b46d6732441698e8e14668699d8ac43
NCT00206856,TERMINATED,1,2005-09-13,2005,development,HTT-P1-AACT-20260905,2026-09-05,20260905_export_ctgov.zip,ctgov.studies.overall_status,COMPLETED=0;TERMINATED|WITHDRAWN=1,ctgov.studies.study_first_submitted_date,step2_reconciliation/HeartTrialTwin_step2_cohort_reconciliation.csv,5a254575d8d5276d1176b53b38dad6600b46d6732441698e8e14668699d8ac43
NCT00211289,COMPLETED,0,2005-09-13,2005,development,HTT-P1-AACT-20260905,2026-09-05,20260905_export_ctgov.zip,ctgov.studies.overall_status,COMPLETED=0;TERMINATED|WITHDRAWN=1,ctgov.studies.study_first_submitted_date,step2_reconciliation/HeartTrialTwin_step2_cohort_reconciliation.csv,5a254575d8d5276d1176b53b38dad6600b46d6732441698e8e14668699d8ac43
NCT00211874,COMPLETED,0,2005-09-14,2005,development,HTT-P1-AACT-20260905,2026-09-05,20260905_export_ctgov.zip,ctgov.studies.overall_status,COMPLETED=0;TERMINATED|WITHDRAWN=1,ctgov.studies.study_first_submitted_date,step2_reconciliation/HeartTrialTwin_step2_cohort_reconciliation.csv,5a254575d8d5276d1176b53b38dad6600b46d6732441698e8e14668699d8ac43
NCT00214318,COMPLETED,0,2005-09-14,2005,development,HTT-P1-AACT-20260905,2026-09-05,20260905_export_ctgov.zip,ctgov.studies.overall_status,COMPLETED=0;TERMINATED|WITHDRAWN=1,ctgov.studies.study_first_submitted_date,step2_reconciliation/HeartTrialTwin_step2_cohort_reconciliation.csv,5a254575d8d5276d1176b53b38dad6600b46d6732441698e8e14668699d8ac43
NCT00214513,COMPLETED,0,2005-09-16,2005,development,HTT-P1-AACT-20260905,2026-09-05,20260905_export_ctgov.zip,ctgov.studies.overall_status,COMPLETED=0;TERMINATED|WITHDRAWN=1,ctgov.studies.study_first_submitted_date,step2_reconciliation/HeartTrialTwin_step2_cohort_reconciliation.csv,5a254575d8d5276d1176b53b38dad6600b46d6732441698e8e14668699d8ac43
NCT00218933,COMPLETED,0,2005-09-20,2005,development,HTT-P1-AACT-20260905,2026-09-05,20260905_export_ctgov.zip,ctgov.studies.overall_status,COMPLETED=0;TERMINATED|WITHDRAWN=1,ctgov.studies.study_first_submitted_date,step2_reconciliation/HeartTrialTwin_step2_cohort_reconciliation.csv,5a254575d8d5276d1176b53b38dad6600b46d6732441698e8e14668699d8ac43
NCT00219011,COMPLETED,0,2005-09-12,2005,development,HTT-P1-AACT-20260905,2026-09-05,20260905_export_ctgov.zip,ctgov.studies.overall_status,COMPLETED=0;TERMINATED|WITHDRAWN=1,ctgov.studies.study_first_submitted_date,step2_reconciliation/HeartTrialTwin_step2_cohort_reconciliation.csv,5a254575d8d5276d1176b53b38dad6600b46d6732441698e8e14668699d8ac43
NCT00219388,COMPLETED,0,2005-09-14,2005,development,HTT-P1-AACT-20260905,2026-09-05,20260905_export_ctgov.zip,ctgov.studies.overall_status,COMPLETED=0;TERMINATED|WITHDRAWN=1,ctgov.studies.study_first_submitted_date,step2_reconciliation/HeartTrialTwin_step2_cohort_reconciliation.csv,5a254575d8d5276d1176b53b38dad6600b46d6732441698e8e14668699d8ac43
NCT00219674,COMPLETED,0,2005-09-13,2005,development,HTT-P1-AACT-20260905,2026-09-05,20260905_export_ctgov.zip,ctgov.studies.overall_status,COMPLETED=0;TERMINATED|WITHDRAWN=1,ctgov.studies.study_first_submitted_date,step2_reconciliation/HeartTrialTwin_step2_cohort_reconciliation.csv,5a254575d8d5276d1176b53b38dad6600b46d6732441698e8e14668699d8ac43
NCT00221819,TERMINATED,1,2005-09-20,2005,development,HTT-P1-AACT-20260905,2026-09-05,20260905_export_ctgov.zip,ctgov.studies.overall_status,COMPLETED=0;TERMINATED|WITHDRAWN=1,ctgov.studies.study_first_submitted_date,step2_reconciliation/HeartTrialTwin_step2_cohort_reconciliation.csv,5a254575d8d5276d1176b53b38dad6600b46d6732441698e8e14668699d8ac43
NCT00228514,COMPLETED,0,2005-09-27,2005,development,HTT-P1-AACT-20260905,2026-09-05,20260905_export_ctgov.zip,ctgov.studies.overall_status,COMPLETED=0;TERMINATED|WITHDRAWN=1,ctgov.studies.study_first_submitted_date,step2_reconciliation/HeartTrialTwin_step2_cohort_reconciliation.csv,5a254575d8d5276d1176b53b38dad6600b46d6732441698e8e14668699d8ac43
NCT00232180,COMPLETED,0,2005-09-30,2005,development,HTT-P1-AACT-20260905,2026-09-05,20260905_export_ctgov.zip,ctgov.studies.overall_status,COMPLETED=0;TERMINATED|WITHDRAWN=1,ctgov.studies.study_first_submitted_date,step2_reconciliation/HeartTrialTwin_step2_cohort_reconciliation.csv,5a254575d8d5276d1176b53b38dad6600b46d6732441698e8e14668699d8ac43
NCT00233480,COMPLETED,0,2005-10-04,2005,development,HTT-P1-AACT-20260905,2026-09-05,20260905_export_ctgov.zip,ctgov.studies.overall_status,COMPLETED=0;TERMINATED|WITHDRAWN=1,ctgov.studies.study_first_submitted_date,step2_reconciliation/HeartTrialTwin_step2_cohort_reconciliation.csv,5a254575d8d5276d1176b53b38dad6600b46d6732441698e8e14668699d8ac43
NCT00234104,COMPLETED,0,2005-10-04,2005,development,HTT-P1-AACT-20260905,2026-09-05,20260905_export_ctgov.zip,ctgov.studies.overall_status,COMPLETED=0;TERMINATED|WITHDRAWN=1,ctgov.studies.study_first_submitted_date,step2_reconciliation/HeartTrialTwin_step2_cohort_reconciliation.csv,5a254575d8d5276d1176b53b38dad6600b46d6732441698e8e14668699d8ac43
NCT00235404,COMPLETED,0,2005-10-07,2005,development,HTT-P1-AACT-20260905,2026-09-05,20260905_export_ctgov.zip,ctgov.studies.overall_status,COMPLETED=0;TERMINATED|WITHDRAWN=1,ctgov.studies.study_first_submitted_date,step2_reconciliation/HeartTrialTwin_step2_cohort_reconciliation.csv,5a254575d8d5276d1176b53b38dad6600b46d6732441698e8e14668699d8ac43
NCT00235417,COMPLETED,0,2005-10-06,2005,development,HTT-P1-AACT-20260905,2026-09-05,20260905_export_ctgov.zip,ctgov.studies.overall_status,COMPLETED=0;TERMINATED|WITHDRAWN=1,ctgov.studies.study_first_submitted_date,step2_reconciliation/HeartTrialTwin_step2_cohort_reconciliation.csv,5a254575d8d5276d1176b53b38dad6600b46d6732441698e8e14668699d8ac43
NCT00240084,COMPLETED,0,2005-10-13,2005,development,HTT-P1-AACT-20260905,2026-09-05,20260905_export_ctgov.zip,ctgov.studies.overall_status,COMPLETED=0;TERMINATED|WITHDRAWN=1,ctgov.studies.study_first_submitted_date,step2_reconciliation/HeartTrialTwin_step2_cohort_reconciliation.csv,5a254575d8d5276d1176b53b38dad6600b46d6732441698e8e14668699d8ac43
NCT00240292,COMPLETED,0,2005-10-16,2005,development,HTT-P1-AACT-20260905,2026-09-05,20260905_export_ctgov.zip,ctgov.studies.overall_status,COMPLETED=0;TERMINATED|WITHDRAWN=1,ctgov.studies.study_first_submitted_date,step2_reconciliation/HeartTrialTwin_step2_cohort_reconciliation.csv,5a254575d8d5276d1176b53b38dad6600b46d6732441698e8e14668699d8ac43
NCT00241098,COMPLETED,0,2005-10-14,2005,development,HTT-P1-AACT-20260905,2026-09-05,20260905_export_ctgov.zip,ctgov.studies.overall_status,COMPLETED=0;TERMINATED|WITHDRAWN=1,ctgov.studies.study_first_submitted_date,step2_reconciliation/HeartTrialTwin_step2_cohort_reconciliation.csv,5a254575d8d5276d1176b53b38dad6600b46d6732441698e8e14668699d8ac43
NCT00247000,COMPLETED,0,2005-10-30,2005,development,HTT-P1-AACT-20260905,2026-09-05,20260905_export_ctgov.zip,ctgov.studies.overall_status,COMPLETED=0;TERMINATED|WITHDRAWN=1,ctgov.studies.study_first_submitted_date,step2_reconciliation/HeartTrialTwin_step2_cohort_reconciliation.csv,5a254575d8d5276d1176b53b38dad6600b46d6732441698e8e14668699d8ac43
NCT00247975,TERMINATED,1,2005-10-31,2005,development,HTT-P1-AACT-20260905,2026-09-05,20260905_export_ctgov.zip,ctgov.studies.overall_status,COMPLETED=0;TERMINATED|WITHDRAWN=1,ctgov.studies.study_first_submitted_date,step2_reconciliation/HeartTrialTwin_step2_cohort_reconciliation.csv,5a254575d8d5276d1176b53b38dad6600b46d6732441698e8e14668699d8ac43
NCT00251251,COMPLETED,0,2005-11-08,2005,development,HTT-P1-AACT-20260905,2026-09-05,20260905_export_ctgov.zip,ctgov.studies.overall_status,COMPLETED=0;TERMINATED|WITHDRAWN=1,ctgov.studies.study_first_submitted_date,step2_reconciliation/HeartTrialTwin_step2_cohort_reconciliation.csv,5a254575d8d5276d1176b53b38dad6600b46d6732441698e8e14668699d8ac43
NCT00252187,COMPLETED,0,2005-11-10,2005,development,HTT-P1-AACT-20260905,2026-09-05,20260905_export_ctgov.zip,ctgov.studies.overall_status,COMPLETED=0;TERMINATED|WITHDRAWN=1,ctgov.studies.study_first_submitted_date,step2_reconciliation/HeartTrialTwin_step2_cohort_reconciliation.csv,5a254575d8d5276d1176b53b38dad6600b46d6732441698e8e14668699d8ac43
NCT00255931,COMPLETED,0,2005-11-16,2005,development,HTT-P1-AACT-20260905,2026-09-05,20260905_export_ctgov.zip,ctgov.studies.overall_status,COMPLETED=0;TERMINATED|WITHDRAWN=1,ctgov.studies.study_first_submitted_date,step2_reconciliation/HeartTrialTwin_step2_cohort_reconciliation.csv,5a254575d8d5276d1176b53b38dad6600b46d6732441698e8e14668699d8ac43
NCT00259038,COMPLETED,0,2005-11-28,2005,development,HTT-P1-AACT-20260905,2026-09-05,20260905_export_ctgov.zip,ctgov.studies.overall_status,COMPLETED=0;TERMINATED|WITHDRAWN=1,ctgov.studies.study_first_submitted_date,step2_reconciliation/HeartTrialTwin_step2_cohort_reconciliation.csv,5a254575d8d5276d1176b53b38dad6600b46d6732441698e8e14668699d8ac43
NCT00259116,COMPLETED,0,2005-11-28,2005,development,HTT-P1-AACT-20260905,2026-09-05,20260905_export_ctgov.zip,ctgov.studies.overall_status,COMPLETED=0;TERMINATED|WITHDRAWN=1,ctgov.studies.study_first_submitted_date,step2_reconciliation/HeartTrialTwin_step2_cohort_reconciliation.csv,5a254575d8d5276d1176b53b38dad6600b46d6732441698e8e14668699d8ac43
NCT00260546,WITHDRAWN,1,2005-11-29,2005,development,HTT-P1-AACT-20260905,2026-09-05,20260905_export_ctgov.zip,ctgov.studies.overall_status,COMPLETED=0;TERMINATED|WITHDRAWN=1,ctgov.studies.study_first_submitted_date,step2_reconciliation/HeartTrialTwin_step2_cohort_reconciliation.csv,5a254575d8d5276d1176b53b38dad6600b46d6732441698e8e14668699d8ac43
NCT00260650,COMPLETED,0,2005-11-29,2005,development,HTT-P1-AACT-20260905,2026-09-05,20260905_export_ctgov.zip,ctgov.studies.overall_status,COMPLETED=0;TERMINATED|WITHDRAWN=1,ctgov.studies.study_first_submitted_date,step2_reconciliation/HeartTrialTwin_step2_cohort_reconciliation.csv,5a254575d8d5276d1176b53b38dad6600b46d6732441698e8e14668699d8ac43
NCT00261664,COMPLETED,0,2005-12-02,2005,development,HTT-P1-AACT-20260905,2026-09-05,20260905_export_ctgov.zip,ctgov.studies.overall_status,COMPLETED=0;TERMINATED|WITHDRAWN=1,ctgov.studies.study_first_submitted_date,step2_reconciliation/HeartTrialTwin_step2_cohort_reconciliation.csv,5a254575d8d5276d1176b53b38dad6600b46d6732441698e8e14668699d8ac43
NCT00262119,COMPLETED,0,2005-12-04,2005,development,HTT-P1-AACT-20260905,2026-09-05,20260905_export_ctgov.zip,ctgov.studies.overall_status,COMPLETED=0;TERMINATED|WITHDRAWN=1,ctgov.studies.study_first_submitted_date,step2_reconciliation/HeartTrialTwin_step2_cohort_reconciliation.csv,5a254575d8d5276d1176b53b38dad6600b46d6732441698e8e14668699d8ac43
NCT00263939,COMPLETED,0,2005-12-09,2005,development,HTT-P1-AACT-20260905,2026-09-05,20260905_export_ctgov.zip,ctgov.studies.overall_status,COMPLETED=0;TERMINATED|WITHDRAWN=1,ctgov.studies.study_first_submitted_date,step2_reconciliation/HeartTrialTwin_step2_cohort_reconciliation.csv,5a254575d8d5276d1176b53b38dad6600b46d6732441698e8e14668699d8ac43
NCT00264199,COMPLETED,0,2005-12-09,2005,development,HTT-P1-AACT-20260905,2026-09-05,20260905_export_ctgov.zip,ctgov.studies.overall_status,COMPLETED=0;TERMINATED|WITHDRAWN=1,ctgov.studies.study_first_submitted_date,step2_reconciliation/HeartTrialTwin_step2_cohort_reconciliation.csv,5a254575d8d5276d1176b53b38dad6600b46d6732441698e8e14668699d8ac43
NCT00268281,COMPLETED,0,2005-12-21,2005,development,HTT-P1-AACT-20260905,2026-09-05,20260905_export_ctgov.zip,ctgov.studies.overall_status,COMPLETED=0;TERMINATED|WITHDRAWN=1,ctgov.studies.study_first_submitted_date,step2_reconciliation/HeartTrialTwin_step2_cohort_reconciliation.csv,5a254575d8d5276d1176b53b38dad6600b46d6732441698e8e14668699d8ac43
NCT00268294,COMPLETED,0,2005-12-21,2005,development,HTT-P1-AACT-20260905,2026-09-05,20260905_export_ctgov.zip,ctgov.studies.overall_status,COMPLETED=0;TERMINATED|WITHDRAWN=1,ctgov.studies.study_first_submitted_date,step2_reconciliation/HeartTrialTwin_step2_cohort_reconciliation.csv,5a254575d8d5276d1176b53b38dad6600b46d6732441698e8e14668699d8ac43
NCT00268320,COMPLETED,0,2005-12-21,2005,development,HTT-P1-AACT-20260905,2026-09-05,20260905_export_ctgov.zip,ctgov.studies.overall_status,COMPLETED=0;TERMINATED|WITHDRAWN=1,ctgov.studies.study_first_submitted_date,step2_reconciliation/HeartTrialTwin_step2_cohort_reconciliation.csv,5a254575d8d5276d1176b53b38dad6600b46d6732441698e8e14668699d8ac43
NCT00269230,COMPLETED,0,2005-12-21,2005,development,HTT-P1-AACT-20260905,2026-09-05,20260905_export_ctgov.zip,ctgov.studies.overall_status,COMPLETED=0;TERMINATED|WITHDRAWN=1,ctgov.studies.study_first_submitted_date,step2_reconciliation/HeartTrialTwin_step2_cohort_reconciliation.csv,5a254575d8d5276d1176b53b38dad6600b46d6732441698e8e14668699d8ac43
NCT00270361,COMPLETED,0,2005-12-22,2005,development,HTT-P1-AACT-20260905,2026-09-05,20260905_export_ctgov.zip,ctgov.studies.overall_status,COMPLETED=0;TERMINATED|WITHDRAWN=1,ctgov.studies.study_first_submitted_date,step2_reconciliation/HeartTrialTwin_step2_cohort_reconciliation.csv,5a254575d8d5276d1176b53b38dad6600b46d6732441698e8e14668699d8ac43
NCT00270374,COMPLETED,0,2005-12-22,2005,development,HTT-P1-AACT-20260905,2026-09-05,20260905_export_ctgov.zip,ctgov.studies.overall_status,COMPLETED=0;TERMINATED|WITHDRAWN=1,ctgov.studies.study_first_submitted_date,step2_reconciliation/HeartTrialTwin_step2_cohort_reconciliation.csv,5a254575d8d5276d1176b53b38dad6600b46d6732441698e8e14668699d8ac43
NCT00270387,COMPLETED,0,2005-12-22,2005,development,HTT-P1-AACT-20260905,2026-09-05,20260905_export_ctgov.zip,ctgov.studies.overall_status,COMPLETED=0;TERMINATED|WITHDRAWN=1,ctgov.studies.study_first_submitted_date,step2_reconciliation/HeartTrialTwin_step2_cohort_reconciliation.csv,5a254575d8d5276d1176b53b38dad6600b46d6732441698e8e14668699d8ac43
NCT00270400,COMPLETED,0,2005-12-22,2005,development,HTT-P1-AACT-20260905,2026-09-05,20260905_export_ctgov.zip,ctgov.studies.overall_status,COMPLETED=0;TERMINATED|WITHDRAWN=1,ctgov.studies.study_first_submitted_date,step2_reconciliation/HeartTrialTwin_step2_cohort_reconciliation.csv,5a254575d8d5276d1176b53b38dad6600b46d6732441698e8e14668699d8ac43
NCT00270829,TERMINATED,1,2005-12-23,2005,development,HTT-P1-AACT-20260905,2026-09-05,20260905_export_ctgov.zip,ctgov.studies.overall_status,COMPLETED=0;TERMINATED|WITHDRAWN=1,ctgov.studies.study_first_submitted_date,step2_reconciliation/HeartTrialTwin_step2_cohort_reconciliation.csv,5a254575d8d5276d1176b53b38dad6600b46d6732441698e8e14668699d8ac43
NCT00271154,COMPLETED,0,2005-12-21,2005,development,HTT-P1-AACT-20260905,2026-09-05,20260905_export_ctgov.zip,ctgov.studies.overall_status,COMPLETED=0;TERMINATED|WITHDRAWN=1,ctgov.studies.study_first_submitted_date,step2_reconciliation/HeartTrialTwin_step2_cohort_reconciliation.csv,5a254575d8d5276d1176b53b38dad6600b46d6732441698e8e14668699d8ac43
NCT00271232,COMPLETED,0,2005-12-28,2005,development,HTT-P1-AACT-20260905,2026-09-05,20260905_export_ctgov.zip,ctgov.studies.overall_status,COMPLETED=0;TERMINATED|WITHDRAWN=1,ctgov.studies.study_first_submitted_date,step2_reconciliation/HeartTrialTwin_step2_cohort_reconciliation.csv,5a254575d8d5276d1176b53b38dad6600b46d6732441698e8e14668699d8ac43
NCT00271544,COMPLETED,0,2005-12-28,2005,development,HTT-P1-AACT-20260905,2026-09-05,20260905_export_ctgov.zip,ctgov.studies.overall_status,COMPLETED=0;TERMINATED|WITHDRAWN=1,ctgov.studies.study_first_submitted_date,step2_reconciliation/HeartTrialTwin_step2_cohort_reconciliation.csv,5a254575d8d5276d1176b53b38dad6600b46d6732441698e8e14668699d8ac43
NCT00271557,COMPLETED,0,2005-12-30,2005,development,HTT-P1-AACT-20260905,2026-09-05,20260905_export_ctgov.zip,ctgov.studies.overall_status,COMPLETED=0;TERMINATED|WITHDRAWN=1,ctgov.studies.study_first_submitted_date,step2_reconciliation/HeartTrialTwin_step2_cohort_reconciliation.csv,5a254575d8d5276d1176b53b38dad6600b46d6732441698e8e14668699d8ac43
NCT00272805,COMPLETED,0,2006-01-05,2006,development,HTT-P1-AACT-20260905,2026-09-05,20260905_export_ctgov.zip,ctgov.studies.overall_status,COMPLETED=0;TERMINATED|WITHDRAWN=1,ctgov.studies.study_first_submitted_date,step2_reconciliation/HeartTrialTwin_step2_cohort_reconciliation.csv,5a254575d8d5276d1176b53b38dad6600b46d6732441698e8e14668699d8ac43
NCT00273819,COMPLETED,0,2006-01-05,2006,development,HTT-P1-AACT-20260905,2026-09-05,20260905_export_ctgov.zip,ctgov.studies.overall_status,COMPLETED=0;TERMINATED|WITHDRAWN=1,ctgov.studies.study_first_submitted_date,step2_reconciliation/HeartTrialTwin_step2_cohort_reconciliation.csv,5a254575d8d5276d1176b53b38dad6600b46d6732441698e8e14668699d8ac43
NCT00274326,COMPLETED,0,2006-01-09,2006,development,HTT-P1-AACT-20260905,2026-09-05,20260905_export_ctgov.zip,ctgov.studies.overall_status,COMPLETED=0;TERMINATED|WITHDRAWN=1,ctgov.studies.study_first_submitted_date,step2_reconciliation/HeartTrialTwin_step2_cohort_reconciliation.csv,5a254575d8d5276d1176b53b38dad6600b46d6732441698e8e14668699d8ac43
NCT00279539,WITHDRAWN,1,2006-01-17,2006,development,HTT-P1-AACT-20260905,2026-09-05,20260905_export_ctgov.zip,ctgov.studies.overall_status,COMPLETED=0;TERMINATED|WITHDRAWN=1,ctgov.studies.study_first_submitted_date,step2_reconciliation/HeartTrialTwin_step2_cohort_reconciliation.csv,5a254575d8d5276d1176b53b38dad6600b46d6732441698e8e14668699d8ac43
NCT00280254,TERMINATED,1,2006-01-19,2006,development,HTT-P1-AACT-20260905,2026-09-05,20260905_export_ctgov.zip,ctgov.studies.overall_status,COMPLETED=0;TERMINATED|WITHDRAWN=1,ctgov.studies.study_first_submitted_date,step2_reconciliation/HeartTrialTwin_step2_cohort_reconciliation.csv,5a254575d8d5276d1176b53b38dad6600b46d6732441698e8e14668699d8ac43
NCT00281099,TERMINATED,1,2006-01-20,2006,development,HTT-P1-AACT-20260905,2026-09-05,20260905_export_ctgov.zip,ctgov.studies.overall_status,COMPLETED=0;TERMINATED|WITHDRAWN=1,ctgov.studies.study_first_submitted_date,step2_reconciliation/HeartTrialTwin_step2_cohort_reconciliation.csv,5a254575d8d5276d1176b53b38dad6600b46d6732441698e8e14668699d8ac43
NCT00281255,WITHDRAWN,1,2006-01-20,2006,development,HTT-P1-AACT-20260905,2026-09-05,20260905_export_ctgov.zip,ctgov.studies.overall_status,COMPLETED=0;TERMINATED|WITHDRAWN=1,ctgov.studies.study_first_submitted_date,step2_reconciliation/HeartTrialTwin_step2_cohort_reconciliation.csv,5a254575d8d5276d1176b53b38dad6600b46d6732441698e8e14668699d8ac43
NCT00283361,TERMINATED,1,2006-01-25,2006,development,HTT-P1-AACT-20260905,2026-09-05,20260905_export_ctgov.zip,ctgov.studies.overall_status,COMPLETED=0;TERMINATED|WITHDRAWN=1,ctgov.studies.study_first_submitted_date,step2_reconciliation/HeartTrialTwin_step2_cohort_reconciliation.csv,5a254575d8d5276d1176b53b38dad6600b46d6732441698e8e14668699d8ac43
NCT00284713,COMPLETED,0,2006-01-31,2006,development,HTT-P1-AACT-20260905,2026-09-05,20260905_export_ctgov.zip,ctgov.studies.overall_status,COMPLETED=0;TERMINATED|WITHDRAWN=1,ctgov.studies.study_first_submitted_date,step2_reconciliation/HeartTrialTwin_step2_cohort_reconciliation.csv,5a254575d8d5276d1176b53b38dad6600b46d6732441698e8e14668699d8ac43
NCT00284830,COMPLETED,0,2006-01-31,2006,development,HTT-P1-AACT-20260905,2026-09-05,20260905_export_ctgov.zip,ctgov.studies.overall_status,COMPLETED=0;TERMINATED|WITHDRAWN=1,ctgov.studies.study_first_submitted_date,step2_reconciliation/HeartTrialTwin_step2_cohort_reconciliation.csv,5a254575d8d5276d1176b53b38dad6600b46d6732441698e8e14668699d8ac43
NCT00285454,WITHDRAWN,1,2006-01-27,2006,development,HTT-P1-AACT-20260905,2026-09-05,20260905_export_ctgov.zip,ctgov.studies.overall_status,COMPLETED=0;TERMINATED|WITHDRAWN=1,ctgov.studies.study_first_submitted_date,step2_reconciliation/HeartTrialTwin_step2_cohort_reconciliation.csv,5a254575d8d5276d1176b53b38dad6600b46d6732441698e8e14668699d8ac43
NCT00286182,COMPLETED,0,2006-02-01,2006,development,HTT-P1-AACT-20260905,2026-09-05,20260905_export_ctgov.zip,ctgov.studies.overall_status,COMPLETED=0;TERMINATED|WITHDRAWN=1,ctgov.studies.study_first_submitted_date,step2_reconciliation/HeartTrialTwin_step2_cohort_reconciliation.csv,5a254575d8d5276d1176b53b38dad6600b46d6732441698e8e14668699d8ac43
NCT00288587,COMPLETED,0,2006-02-06,2006,development,HTT-P1-AACT-20260905,2026-09-05,20260905_export_ctgov.zip,ctgov.studies.overall_status,COMPLETED=0;TERMINATED|WITHDRAWN=1,ctgov.studies.study_first_submitted_date,step2_reconciliation/HeartTrialTwin_step2_cohort_reconciliation.csv,5a254575d8d5276d1176b53b38dad6600b46d6732441698e8e14668699d8ac43
NCT00288730,COMPLETED,0,2006-02-03,2006,development,HTT-P1-AACT-20260905,2026-09-05,20260905_export_ctgov.zip,ctgov.studies.overall_status,COMPLETED=0;TERMINATED|WITHDRAWN=1,ctgov.studies.study_first_submitted_date,step2_reconciliation/HeartTrialTwin_step2_cohort_reconciliation.csv,5a254575d8d5276d1176b53b38dad6600b46d6732441698e8e14668699d8ac43
NCT00289276,COMPLETED,0,2006-02-07,2006,development,HTT-P1-AACT-20260905,2026-09-05,20260905_export_ctgov.zip,ctgov.studies.overall_status,COMPLETED=0;TERMINATED|WITHDRAWN=1,ctgov.studies.study_first_submitted_date,step2_reconciliation/HeartTrialTwin_step2_cohort_reconciliation.csv,5a254575d8d5276d1176b53b38dad6600b46d6732441698e8e14668699d8ac43
NCT00291551,TERMINATED,1,2006-02-10,2006,development,HTT-P1-AACT-20260905,2026-09-05,20260905_export_ctgov.zip,ctgov.studies.overall_status,COMPLETED=0;TERMINATED|WITHDRAWN=1,ctgov.studies.study_first_submitted_date,step2_reconciliation/HeartTrialTwin_step2_cohort_reconciliation.csv,5a254575d8d5276d1176b53b38dad6600b46d6732441698e8e14668699d8ac43
NCT00292162,COMPLETED,0,2006-02-14,2006,development,HTT-P1-AACT-20260905,2026-09-05,20260905_export_ctgov.zip,ctgov.studies.overall_status,COMPLETED=0;TERMINATED|WITHDRAWN=1,ctgov.studies.study_first_submitted_date,step2_reconciliation/HeartTrialTwin_step2_cohort_reconciliation.csv,5a254575d8d5276d1176b53b38dad6600b46d6732441698e8e14668699d8ac43
NCT00293150,TERMINATED,1,2006-02-16,2006,development,HTT-P1-AACT-20260905,2026-09-05,20260905_export_ctgov.zip,ctgov.studies.overall_status,COMPLETED=0;TERMINATED|WITHDRAWN=1,ctgov.studies.study_first_submitted_date,step2_reconciliation/HeartTrialTwin_step2_cohort_reconciliation.csv,5a254575d8d5276d1176b53b38dad6600b46d6732441698e8e14668699d8ac43
NCT00293852,COMPLETED,0,2006-02-17,2006,development,HTT-P1-AACT-20260905,2026-09-05,20260905_export_ctgov.zip,ctgov.studies.overall_status,COMPLETED=0;TERMINATED|WITHDRAWN=1,ctgov.studies.study_first_submitted_date,step2_reconciliation/HeartTrialTwin_step2_cohort_reconciliation.csv,5a254575d8d5276d1176b53b38dad6600b46d6732441698e8e14668699d8ac43
NCT00294086,COMPLETED,0,2006-02-17,2006,development,HTT-P1-AACT-20260905,2026-09-05,20260905_export_ctgov.zip,ctgov.studies.overall_status,COMPLETED=0;TERMINATED|WITHDRAWN=1,ctgov.studies.study_first_submitted_date,step2_reconciliation/HeartTrialTwin_step2_cohort_reconciliation.csv,5a254575d8d5276d1176b53b38dad6600b46d6732441698e8e14668699d8ac43
NCT00297154,COMPLETED,0,2006-02-27,2006,development,HTT-P1-AACT-20260905,2026-09-05,20260905_export_ctgov.zip,ctgov.studies.overall_status,COMPLETED=0;TERMINATED|WITHDRAWN=1,ctgov.studies.study_first_submitted_date,step2_reconciliation/HeartTrialTwin_step2_cohort_reconciliation.csv,5a254575d8d5276d1176b53b38dad6600b46d6732441698e8e14668699d8ac43
NCT00300261,COMPLETED,0,2006-03-06,2006,development,HTT-P1-AACT-20260905,2026-09-05,20260905_export_ctgov.zip,ctgov.studies.overall_status,COMPLETED=0;TERMINATED|WITHDRAWN=1,ctgov.studies.study_first_submitted_date,step2_reconciliation/HeartTrialTwin_step2_cohort_reconciliation.csv,5a254575d8d5276d1176b53b38dad6600b46d6732441698e8e14668699d8ac43
NCT00303212,COMPLETED,0,2006-03-13,2006,development,HTT-P1-AACT-20260905,2026-09-05,20260905_export_ctgov.zip,ctgov.studies.overall_status,COMPLETED=0;TERMINATED|WITHDRAWN=1,ctgov.studies.study_first_submitted_date,step2_reconciliation/HeartTrialTwin_step2_cohort_reconciliation.csv,5a254575d8d5276d1176b53b38dad6600b46d6732441698e8e14668699d8ac43
NCT00303498,COMPLETED,0,2006-03-16,2006,development,HTT-P1-AACT-20260905,2026-09-05,20260905_export_ctgov.zip,ctgov.studies.overall_status,COMPLETED=0;TERMINATED|WITHDRAWN=1,ctgov.studies.study_first_submitted_date,step2_reconciliation/HeartTrialTwin_step2_cohort_reconciliation.csv,5a254575d8d5276d1176b53b38dad6600b46d6732441698e8e14668699d8ac43
NCT00305526,TERMINATED,1,2006-03-21,2006,development,HTT-P1-AACT-20260905,2026-09-05,20260905_export_ctgov.zip,ctgov.studies.overall_status,COMPLETED=0;TERMINATED|WITHDRAWN=1,ctgov.studies.study_first_submitted_date,step2_reconciliation/HeartTrialTwin_step2_cohort_reconciliation.csv,5a254575d8d5276d1176b53b38dad6600b46d6732441698e8e14668699d8ac43
NCT00309764,COMPLETED,0,2006-03-31,2006,development,HTT-P1-AACT-20260905,2026-09-05,20260905_export_ctgov.zip,ctgov.studies.overall_status,COMPLETED=0;TERMINATED|WITHDRAWN=1,ctgov.studies.study_first_submitted_date,step2_reconciliation/HeartTrialTwin_step2_cohort_reconciliation.csv,5a254575d8d5276d1176b53b38dad6600b46d6732441698e8e14668699d8ac43
NCT00309790,COMPLETED,0,2006-03-30,2006,development,HTT-P1-AACT-20260905,2026-09-05,20260905_export_ctgov.zip,ctgov.studies.overall_status,COMPLETED=0;TERMINATED|WITHDRAWN=1,ctgov.studies.study_first_submitted_date,step2_reconciliation/HeartTrialTwin_step2_cohort_reconciliation.csv,5a254575d8d5276d1176b53b38dad6600b46d6732441698e8e14668699d8ac43
NCT00309816,COMPLETED,0,2006-03-30,2006,development,HTT-P1-AACT-20260905,2026-09-05,20260905_export_ctgov.zip,ctgov.studies.overall_status,COMPLETED=0;TERMINATED|WITHDRAWN=1,ctgov.studies.study_first_submitted_date,step2_reconciliation/HeartTrialTwin_step2_cohort_reconciliation.csv,5a254575d8d5276d1176b53b38dad6600b46d6732441698e8e14668699d8ac43
NCT00309868,COMPLETED,0,2006-03-30,2006,development,HTT-P1-AACT-20260905,2026-09-05,20260905_export_ctgov.zip,ctgov.studies.overall_status,COMPLETED=0;TERMINATED|WITHDRAWN=1,ctgov.studies.study_first_submitted_date,step2_reconciliation/HeartTrialTwin_step2_cohort_reconciliation.csv,5a254575d8d5276d1176b53b38dad6600b46d6732441698e8e14668699d8ac43
NCT00311194,COMPLETED,0,2006-04-03,2006,development,HTT-P1-AACT-20260905,2026-09-05,20260905_export_ctgov.zip,ctgov.studies.overall_status,COMPLETED=0;TERMINATED|WITHDRAWN=1,ctgov.studies.study_first_submitted_date,step2_reconciliation/HeartTrialTwin_step2_cohort_reconciliation.csv,5a254575d8d5276d1176b53b38dad6600b46d6732441698e8e14668699d8ac43
NCT00312884,COMPLETED,0,2006-04-07,2006,development,HTT-P1-AACT-20260905,2026-09-05,20260905_export_ctgov.zip,ctgov.studies.overall_status,COMPLETED=0;TERMINATED|WITHDRAWN=1,ctgov.studies.study_first_submitted_date,step2_reconciliation/HeartTrialTwin_step2_cohort_reconciliation.csv,5a254575d8d5276d1176b53b38dad6600b46d6732441698e8e14668699d8ac43
NCT00319384,WITHDRAWN,1,2006-04-26,2006,development,HTT-P1-AACT-20260905,2026-09-05,20260905_export_ctgov.zip,ctgov.studies.overall_status,COMPLETED=0;TERMINATED|WITHDRAWN=1,ctgov.studies.study_first_submitted_date,step2_reconciliation/HeartTrialTwin_step2_cohort_reconciliation.csv,5a254575d8d5276d1176b53b38dad6600b46d6732441698e8e14668699d8ac43
NCT00321269,COMPLETED,0,2006-05-01,2006,development,HTT-P1-AACT-20260905,2026-09-05,20260905_export_ctgov.zip,ctgov.studies.overall_status,COMPLETED=0;TERMINATED|WITHDRAWN=1,ctgov.studies.study_first_submitted_date,step2_reconciliation/HeartTrialTwin_step2_cohort_reconciliation.csv,5a254575d8d5276d1176b53b38dad6600b46d6732441698e8e14668699d8ac43
NCT00321295,COMPLETED,0,2006-05-01,2006,development,HTT-P1-AACT-20260905,2026-09-05,20260905_export_ctgov.zip,ctgov.studies.overall_status,COMPLETED=0;TERMINATED|WITHDRAWN=1,ctgov.studies.study_first_submitted_date,step2_reconciliation/HeartTrialTwin_step2_cohort_reconciliation.csv,5a254575d8d5276d1176b53b38dad6600b46d6732441698e8e14668699d8ac43
NCT00323037,COMPLETED,0,2006-05-05,2006,development,HTT-P1-AACT-20260905,2026-09-05,20260905_export_ctgov.zip,ctgov.studies.overall_status,COMPLETED=0;TERMINATED|WITHDRAWN=1,ctgov.studies.study_first_submitted_date,step2_reconciliation/HeartTrialTwin_step2_cohort_reconciliation.csv,5a254575d8d5276d1176b53b38dad6600b46d6732441698e8e14668699d8ac43
NCT00323973,COMPLETED,0,2006-05-05,2006,development,HTT-P1-AACT-20260905,2026-09-05,20260905_export_ctgov.zip,ctgov.studies.overall_status,COMPLETED=0;TERMINATED|WITHDRAWN=1,ctgov.studies.study_first_submitted_date,step2_reconciliation/HeartTrialTwin_step2_cohort_reconciliation.csv,5a254575d8d5276d1176b53b38dad6600b46d6732441698e8e14668699d8ac43
NCT00324766,COMPLETED,0,2006-05-10,2006,development,HTT-P1-AACT-20260905,2026-09-05,20260905_export_ctgov.zip,ctgov.studies.overall_status,COMPLETED=0;TERMINATED|WITHDRAWN=1,ctgov.studies.study_first_submitted_date,step2_reconciliation/HeartTrialTwin_step2_cohort_reconciliation.csv,5a254575d8d5276d1176b53b38dad6600b46d6732441698e8e14668699d8ac43
NCT00325611,COMPLETED,0,2006-05-12,2006,development,HTT-P1-AACT-20260905,2026-09-05,20260905_export_ctgov.zip,ctgov.studies.overall_status,COMPLETED=0;TERMINATED|WITHDRAWN=1,ctgov.studies.study_first_submitted_date,step2_reconciliation/HeartTrialTwin_step2_cohort_reconciliation.csv,5a254575d8d5276d1176b53b38dad6600b46d6732441698e8e14668699d8ac43
NCT00325910,TERMINATED,1,2006-05-12,2006,development,HTT-P1-AACT-20260905,2026-09-05,20260905_export_ctgov.zip,ctgov.studies.overall_status,COMPLETED=0;TERMINATED|WITHDRAWN=1,ctgov.studies.study_first_submitted_date,step2_reconciliation/HeartTrialTwin_step2_cohort_reconciliation.csv,5a254575d8d5276d1176b53b38dad6600b46d6732441698e8e14668699d8ac43
NCT00326690,WITHDRAWN,1,2006-05-15,2006,development,HTT-P1-AACT-20260905,2026-09-05,20260905_export_ctgov.zip,ctgov.studies.overall_status,COMPLETED=0;TERMINATED|WITHDRAWN=1,ctgov.studies.study_first_submitted_date,step2_reconciliation/HeartTrialTwin_step2_cohort_reconciliation.csv,5a254575d8d5276d1176b53b38dad6600b46d6732441698e8e14668699d8ac43
NCT00326989,COMPLETED,0,2006-05-16,2006,development,HTT-P1-AACT-20260905,2026-09-05,20260905_export_ctgov.zip,ctgov.studies.overall_status,COMPLETED=0;TERMINATED|WITHDRAWN=1,ctgov.studies.study_first_submitted_date,step2_reconciliation/HeartTrialTwin_step2_cohort_reconciliation.csv,5a254575d8d5276d1176b53b38dad6600b46d6732441698e8e14668699d8ac43
NCT00328692,COMPLETED,0,2006-05-19,2006,development,HTT-P1-AACT-20260905,2026-09-05,20260905_export_ctgov.zip,ctgov.studies.overall_status,COMPLETED=0;TERMINATED|WITHDRAWN=1,ctgov.studies.study_first_submitted_date,step2_reconciliation/HeartTrialTwin_step2_cohort_reconciliation.csv,5a254575d8d5276d1176b53b38dad6600b46d6732441698e8e14668699d8ac43
NCT00328809,WITHDRAWN,1,2006-05-19,2006,development,HTT-P1-AACT-20260905,2026-09-05,20260905_export_ctgov.zip,ctgov.studies.overall_status,COMPLETED=0;TERMINATED|WITHDRAWN=1,ctgov.studies.study_first_submitted_date,step2_reconciliation/HeartTrialTwin_step2_cohort_reconciliation.csv,5a254575d8d5276d1176b53b38dad6600b46d6732441698e8e14668699d8ac43
NCT00328848,COMPLETED,0,2006-05-18,2006,development,HTT-P1-AACT-20260905,2026-09-05,20260905_export_ctgov.zip,ctgov.studies.overall_status,COMPLETED=0;TERMINATED|WITHDRAWN=1,ctgov.studies.study_first_submitted_date,step2_reconciliation/HeartTrialTwin_step2_cohort_reconciliation.csv,5a254575d8d5276d1176b53b38dad6600b46d6732441698e8e14668699d8ac43
NCT00329485,TERMINATED,1,2006-05-23,2006,development,HTT-P1-AACT-20260905,2026-09-05,20260905_export_ctgov.zip,ctgov.studies.overall_status,COMPLETED=0;TERMINATED|WITHDRAWN=1,ctgov.studies.study_first_submitted_date,step2_reconciliation/HeartTrialTwin_step2_cohort_reconciliation.csv,5a254575d8d5276d1176b53b38dad6600b46d6732441698e8e14668699d8ac43
NCT00333905,COMPLETED,0,2006-06-02,2006,development,HTT-P1-AACT-20260905,2026-09-05,20260905_export_ctgov.zip,ctgov.studies.overall_status,COMPLETED=0;TERMINATED|WITHDRAWN=1,ctgov.studies.study_first_submitted_date,step2_reconciliation/HeartTrialTwin_step2_cohort_reconciliation.csv,5a254575d8d5276d1176b53b38dad6600b46d6732441698e8e14668699d8ac43
NCT00336336,COMPLETED,0,2006-06-12,2006,development,HTT-P1-AACT-20260905,2026-09-05,20260905_export_ctgov.zip,ctgov.studies.overall_status,COMPLETED=0;TERMINATED|WITHDRAWN=1,ctgov.studies.study_first_submitted_date,step2_reconciliation/HeartTrialTwin_step2_cohort_reconciliation.csv,5a254575d8d5276d1176b53b38dad6600b46d6732441698e8e14668699d8ac43
NCT00338078,COMPLETED,0,2006-06-16,2006,development,HTT-P1-AACT-20260905,2026-09-05,20260905_export_ctgov.zip,ctgov.studies.overall_status,COMPLETED=0;TERMINATED|WITHDRAWN=1,ctgov.studies.study_first_submitted_date,step2_reconciliation/HeartTrialTwin_step2_cohort_reconciliation.csv,5a254575d8d5276d1176b53b38dad6600b46d6732441698e8e14668699d8ac43
NCT00338455,TERMINATED,1,2006-06-16,2006,development,HTT-P1-AACT-20260905,2026-09-05,20260905_export_ctgov.zip,ctgov.studies.overall_status,COMPLETED=0;TERMINATED|WITHDRAWN=1,ctgov.studies.study_first_submitted_date,step2_reconciliation/HeartTrialTwin_step2_cohort_reconciliation.csv,5a254575d8d5276d1176b53b38dad6600b46d6732441698e8e14668699d8ac43
NCT00343902,COMPLETED,0,2006-06-21,2006,development,HTT-P1-AACT-20260905,2026-09-05,20260905_export_ctgov.zip,ctgov.studies.overall_status,COMPLETED=0;TERMINATED|WITHDRAWN=1,ctgov.studies.study_first_submitted_date,step2_reconciliation/HeartTrialTwin_step2_cohort_reconciliation.csv,5a254575d8d5276d1176b53b38dad6600b46d6732441698e8e14668699d8ac43
NCT00344513,COMPLETED,0,2006-06-23,2006,development,HTT-P1-AACT-20260905,2026-09-05,20260905_export_ctgov.zip,ctgov.studies.overall_status,COMPLETED=0;TERMINATED|WITHDRAWN=1,ctgov.studies.study_first_submitted_date,step2_reconciliation/HeartTrialTwin_step2_cohort_reconciliation.csv,5a254575d8d5276d1176b53b38dad6600b46d6732441698e8e14668699d8ac43
NCT00344734,COMPLETED,0,2006-06-24,2006,development,HTT-P1-AACT-20260905,2026-09-05,20260905_export_ctgov.zip,ctgov.studies.overall_status,COMPLETED=0;TERMINATED|WITHDRAWN=1,ctgov.studies.study_first_submitted_date,step2_reconciliation/HeartTrialTwin_step2_cohort_reconciliation.csv,5a254575d8d5276d1176b53b38dad6600b46d6732441698e8e14668699d8ac43
NCT00345592,COMPLETED,0,2006-06-27,2006,development,HTT-P1-AACT-20260905,2026-09-05,20260905_export_ctgov.zip,ctgov.studies.overall_status,COMPLETED=0;TERMINATED|WITHDRAWN=1,ctgov.studies.study_first_submitted_date,step2_reconciliation/HeartTrialTwin_step2_cohort_reconciliation.csv,5a254575d8d5276d1176b53b38dad6600b46d6732441698e8e14668699d8ac43
NCT00346177,WITHDRAWN,1,2006-06-27,2006,development,HTT-P1-AACT-20260905,2026-09-05,20260905_export_ctgov.zip,ctgov.studies.overall_status,COMPLETED=0;TERMINATED|WITHDRAWN=1,ctgov.studies.study_first_submitted_date,step2_reconciliation/HeartTrialTwin_step2_cohort_reconciliation.csv,5a254575d8d5276d1176b53b38dad6600b46d6732441698e8e14668699d8ac43
NCT00347087,COMPLETED,0,2006-06-29,2006,development,HTT-P1-AACT-20260905,2026-09-05,20260905_export_ctgov.zip,ctgov.studies.overall_status,COMPLETED=0;TERMINATED|WITHDRAWN=1,ctgov.studies.study_first_submitted_date,step2_reconciliation/HeartTrialTwin_step2_cohort_reconciliation.csv,5a254575d8d5276d1176b53b38dad6600b46d6732441698e8e14668699d8ac43
NCT00348504,COMPLETED,0,2006-06-30,2006,development,HTT-P1-AACT-20260905,2026-09-05,20260905_export_ctgov.zip,ctgov.studies.overall_status,COMPLETED=0;TERMINATED|WITHDRAWN=1,ctgov.studies.study_first_submitted_date,step2_reconciliation/HeartTrialTwin_step2_cohort_reconciliation.csv,5a254575d8d5276d1176b53b38dad6600b46d6732441698e8e14668699d8ac43
NCT00348556,TERMINATED,1,2006-06-30,2006,development,HTT-P1-AACT-20260905,2026-09-05,20260905_export_ctgov.zip,ctgov.studies.overall_status,COMPLETED=0;TERMINATED|WITHDRAWN=1,ctgov.studies.study_first_submitted_date,step2_reconciliation/HeartTrialTwin_step2_cohort_reconciliation.csv,5a254575d8d5276d1176b53b38dad6600b46d6732441698e8e14668699d8ac43
NCT00348829,TERMINATED,1,2006-07-05,2006,development,HTT-P1-AACT-20260905,2026-09-05,20260905_export_ctgov.zip,ctgov.studies.overall_status,COMPLETED=0;TERMINATED|WITHDRAWN=1,ctgov.studies.study_first_submitted_date,step2_reconciliation/HeartTrialTwin_step2_cohort_reconciliation.csv,5a254575d8d5276d1176b53b38dad6600b46d6732441698e8e14668699d8ac43
NCT00351390,COMPLETED,0,2006-07-10,2006,development,HTT-P1-AACT-20260905,2026-09-05,20260905_export_ctgov.zip,ctgov.studies.overall_status,COMPLETED=0;TERMINATED|WITHDRAWN=1,ctgov.studies.study_first_submitted_date,step2_reconciliation/HeartTrialTwin_step2_cohort_reconciliation.csv,5a254575d8d5276d1176b53b38dad6600b46d6732441698e8e14668699d8ac43
NCT00351676,COMPLETED,0,2006-07-12,2006,development,HTT-P1-AACT-20260905,2026-09-05,20260905_export_ctgov.zip,ctgov.studies.overall_status,COMPLETED=0;TERMINATED|WITHDRAWN=1,ctgov.studies.study_first_submitted_date,step2_reconciliation/HeartTrialTwin_step2_cohort_reconciliation.csv,5a254575d8d5276d1176b53b38dad6600b46d6732441698e8e14668699d8ac43
NCT00353223,COMPLETED,0,2006-07-14,2006,development,HTT-P1-AACT-20260905,2026-09-05,20260905_export_ctgov.zip,ctgov.studies.overall_status,COMPLETED=0;TERMINATED|WITHDRAWN=1,ctgov.studies.study_first_submitted_date,step2_reconciliation/HeartTrialTwin_step2_cohort_reconciliation.csv,5a254575d8d5276d1176b53b38dad6600b46d6732441698e8e14668699d8ac43
NCT00354159,COMPLETED,0,2006-07-19,2006,development,HTT-P1-AACT-20260905,2026-09-05,20260905_export_ctgov.zip,ctgov.studies.overall_status,COMPLETED=0;TERMINATED|WITHDRAWN=1,ctgov.studies.study_first_submitted_date,step2_reconciliation/HeartTrialTwin_step2_cohort_reconciliation.csv,5a254575d8d5276d1176b53b38dad6600b46d6732441698e8e14668699d8ac43
NCT00354458,COMPLETED,0,2006-07-18,2006,development,HTT-P1-AACT-20260905,2026-09-05,20260905_export_ctgov.zip,ctgov.studies.overall_status,COMPLETED=0;TERMINATED|WITHDRAWN=1,ctgov.studies.study_first_submitted_date,step2_reconciliation/HeartTrialTwin_step2_cohort_reconciliation.csv,5a254575d8d5276d1176b53b38dad6600b46d6732441698e8e14668699d8ac43
NCT00355017,TERMINATED,1,2006-07-19,2006,development,HTT-P1-AACT-20260905,2026-09-05,20260905_export_ctgov.zip,ctgov.studies.overall_status,COMPLETED=0;TERMINATED|WITHDRAWN=1,ctgov.studies.study_first_submitted_date,step2_reconciliation/HeartTrialTwin_step2_cohort_reconciliation.csv,5a254575d8d5276d1176b53b38dad6600b46d6732441698e8e14668699d8ac43
NCT00355511,WITHDRAWN,1,2006-07-18,2006,development,HTT-P1-AACT-20260905,2026-09-05,20260905_export_ctgov.zip,ctgov.studies.overall_status,COMPLETED=0;TERMINATED|WITHDRAWN=1,ctgov.studies.study_first_submitted_date,step2_reconciliation/HeartTrialTwin_step2_cohort_reconciliation.csv,5a254575d8d5276d1176b53b38dad6600b46d6732441698e8e14668699d8ac43
NCT00355667,COMPLETED,0,2006-07-21,2006,development,HTT-P1-AACT-20260905,2026-09-05,20260905_export_ctgov.zip,ctgov.studies.overall_status,COMPLETED=0;TERMINATED|WITHDRAWN=1,ctgov.studies.study_first_submitted_date,step2_reconciliation/HeartTrialTwin_step2_cohort_reconciliation.csv,5a254575d8d5276d1176b53b38dad6600b46d6732441698e8e14668699d8ac43
NCT00356057,TERMINATED,1,2006-07-21,2006,development,HTT-P1-AACT-20260905,2026-09-05,20260905_export_ctgov.zip,ctgov.studies.overall_status,COMPLETED=0;TERMINATED|WITHDRAWN=1,ctgov.studies.study_first_submitted_date,step2_reconciliation/HeartTrialTwin_step2_cohort_reconciliation.csv,5a254575d8d5276d1176b53b38dad6600b46d6732441698e8e14668699d8ac43
NCT00356733,COMPLETED,0,2006-07-25,2006,development,HTT-P1-AACT-20260905,2026-09-05,20260905_export_ctgov.zip,ctgov.studies.overall_status,COMPLETED=0;TERMINATED|WITHDRAWN=1,ctgov.studies.study_first_submitted_date,step2_reconciliation/HeartTrialTwin_step2_cohort_reconciliation.csv,5a254575d8d5276d1176b53b38dad6600b46d6732441698e8e14668699d8ac43
NCT00357591,TERMINATED,1,2006-07-25,2006,development,HTT-P1-AACT-20260905,2026-09-05,20260905_export_ctgov.zip,ctgov.studies.overall_status,COMPLETED=0;TERMINATED|WITHDRAWN=1,ctgov.studies.study_first_submitted_date,step2_reconciliation/HeartTrialTwin_step2_cohort_reconciliation.csv,5a254575d8d5276d1176b53b38dad6600b46d6732441698e8e14668699d8ac43
NCT00358215,COMPLETED,0,2006-07-27,2006,development,HTT-P1-AACT-20260905,2026-09-05,20260905_export_ctgov.zip,ctgov.studies.overall_status,COMPLETED=0;TERMINATED|WITHDRAWN=1,ctgov.studies.study_first_submitted_date,step2_reconciliation/HeartTrialTwin_step2_cohort_reconciliation.csv,5a254575d8d5276d1176b53b38dad6600b46d6732441698e8e14668699d8ac43
NCT00360958,COMPLETED,0,2006-08-03,2006,development,HTT-P1-AACT-20260905,2026-09-05,20260905_export_ctgov.zip,ctgov.studies.overall_status,COMPLETED=0;TERMINATED|WITHDRAWN=1,ctgov.studies.study_first_submitted_date,step2_reconciliation/HeartTrialTwin_step2_cohort_reconciliation.csv,5a254575d8d5276d1176b53b38dad6600b46d6732441698e8e14668699d8ac43
NCT00361127,COMPLETED,0,2006-08-04,2006,development,HTT-P1-AACT-20260905,2026-09-05,20260905_export_ctgov.zip,ctgov.studies.overall_status,COMPLETED=0;TERMINATED|WITHDRAWN=1,ctgov.studies.study_first_submitted_date,step2_reconciliation/HeartTrialTwin_step2_cohort_reconciliation.csv,5a254575d8d5276d1176b53b38dad6600b46d6732441698e8e14668699d8ac43
NCT00368641,TERMINATED,1,2006-08-23,2006,development,HTT-P1-AACT-20260905,2026-09-05,20260905_export_ctgov.zip,ctgov.studies.overall_status,COMPLETED=0;TERMINATED|WITHDRAWN=1,ctgov.studies.study_first_submitted_date,step2_reconciliation/HeartTrialTwin_step2_cohort_reconciliation.csv,5a254575d8d5276d1176b53b38dad6600b46d6732441698e8e14668699d8ac43
NCT00370526,TERMINATED,1,2006-08-29,2006,development,HTT-P1-AACT-20260905,2026-09-05,20260905_export_ctgov.zip,ctgov.studies.overall_status,COMPLETED=0;TERMINATED|WITHDRAWN=1,ctgov.studies.study_first_submitted_date,step2_reconciliation/HeartTrialTwin_step2_cohort_reconciliation.csv,5a254575d8d5276d1176b53b38dad6600b46d6732441698e8e14668699d8ac43
NCT00371085,COMPLETED,0,2006-08-30,2006,development,HTT-P1-AACT-20260905,2026-09-05,20260905_export_ctgov.zip,ctgov.studies.overall_status,COMPLETED=0;TERMINATED|WITHDRAWN=1,ctgov.studies.study_first_submitted_date,step2_reconciliation/HeartTrialTwin_step2_cohort_reconciliation.csv,5a254575d8d5276d1176b53b38dad6600b46d6732441698e8e14668699d8ac43
NCT00372762,WITHDRAWN,1,2006-09-06,2006,development,HTT-P1-AACT-20260905,2026-09-05,20260905_export_ctgov.zip,ctgov.studies.overall_status,COMPLETED=0;TERMINATED|WITHDRAWN=1,ctgov.studies.study_first_submitted_date,step2_reconciliation/HeartTrialTwin_step2_cohort_reconciliation.csv,5a254575d8d5276d1176b53b38dad6600b46d6732441698e8e14668699d8ac43
NCT00378950,COMPLETED,0,2006-09-20,2006,development,HTT-P1-AACT-20260905,2026-09-05,20260905_export_ctgov.zip,ctgov.studies.overall_status,COMPLETED=0;TERMINATED|WITHDRAWN=1,ctgov.studies.study_first_submitted_date,step2_reconciliation/HeartTrialTwin_step2_cohort_reconciliation.csv,5a254575d8d5276d1176b53b38dad6600b46d6732441698e8e14668699d8ac43
NCT00381030,COMPLETED,0,2006-09-25,2006,development,HTT-P1-AACT-20260905,2026-09-05,20260905_export_ctgov.zip,ctgov.studies.overall_status,COMPLETED=0;TERMINATED|WITHDRAWN=1,ctgov.studies.study_first_submitted_date,step2_reconciliation/HeartTrialTwin_step2_cohort_reconciliation.csv,5a254575d8d5276d1176b53b38dad6600b46d6732441698e8e14668699d8ac43
NCT00382863,TERMINATED,1,2006-09-28,2006,development,HTT-P1-AACT-20260905,2026-09-05,20260905_export_ctgov.zip,ctgov.studies.overall_status,COMPLETED=0;TERMINATED|WITHDRAWN=1,ctgov.studies.study_first_submitted_date,step2_reconciliation/HeartTrialTwin_step2_cohort_reconciliation.csv,5a254575d8d5276d1176b53b38dad6600b46d6732441698e8e14668699d8ac43
NCT00383630,TERMINATED,1,2006-09-29,2006,development,HTT-P1-AACT-20260905,2026-09-05,20260905_export_ctgov.zip,ctgov.studies.overall_status,COMPLETED=0;TERMINATED|WITHDRAWN=1,ctgov.studies.study_first_submitted_date,step2_reconciliation/HeartTrialTwin_step2_cohort_reconciliation.csv,5a254575d8d5276d1176b53b38dad6600b46d6732441698e8e14668699d8ac43
NCT00384566,WITHDRAWN,1,2006-10-05,2006,development,HTT-P1-AACT-20260905,2026-09-05,20260905_export_ctgov.zip,ctgov.studies.overall_status,COMPLETED=0;TERMINATED|WITHDRAWN=1,ctgov.studies.study_first_submitted_date,step2_reconciliation/HeartTrialTwin_step2_cohort_reconciliation.csv,5a254575d8d5276d1176b53b38dad6600b46d6732441698e8e14668699d8ac43
NCT00384657,WITHDRAWN,1,2006-10-05,2006,development,HTT-P1-AACT-20260905,2026-09-05,20260905_export_ctgov.zip,ctgov.studies.overall_status,COMPLETED=0;TERMINATED|WITHDRAWN=1,ctgov.studies.study_first_submitted_date,step2_reconciliation/HeartTrialTwin_step2_cohort_reconciliation.csv,5a254575d8d5276d1176b53b38dad6600b46d6732441698e8e14668699d8ac43
NCT00384722,COMPLETED,0,2006-10-03,2006,development,HTT-P1-AACT-20260905,2026-09-05,20260905_export_ctgov.zip,ctgov.studies.overall_status,COMPLETED=0;TERMINATED|WITHDRAWN=1,ctgov.studies.study_first_submitted_date,step2_reconciliation/HeartTrialTwin_step2_cohort_reconciliation.csv,5a254575d8d5276d1176b53b38dad6600b46d6732441698e8e14668699d8ac43
NCT00387621,COMPLETED,0,2006-10-12,2006,development,HTT-P1-AACT-20260905,2026-09-05,20260905_export_ctgov.zip,ctgov.studies.overall_status,COMPLETED=0;TERMINATED|WITHDRAWN=1,ctgov.studies.study_first_submitted_date,step2_reconciliation/HeartTrialTwin_step2_cohort_reconciliation.csv,5a254575d8d5276d1176b53b38dad6600b46d6732441698e8e14668699d8ac43
NCT00387803,COMPLETED,0,2006-10-11,2006,development,HTT-P1-AACT-20260905,2026-09-05,20260905_export_ctgov.zip,ctgov.studies.overall_status,COMPLETED=0;TERMINATED|WITHDRAWN=1,ctgov.studies.study_first_submitted_date,step2_reconciliation/HeartTrialTwin_step2_cohort_reconciliation.csv,5a254575d8d5276d1176b53b38dad6600b46d6732441698e8e14668699d8ac43
NCT00388622,COMPLETED,0,2006-10-08,2006,development,HTT-P1-AACT-20260905,2026-09-05,20260905_export_ctgov.zip,ctgov.studies.overall_status,COMPLETED=0;TERMINATED|WITHDRAWN=1,ctgov.studies.study_first_submitted_date,step2_reconciliation/HeartTrialTwin_step2_cohort_reconciliation.csv,5a254575d8d5276d1176b53b38dad6600b46d6732441698e8e14668699d8ac43
NCT00389649,COMPLETED,0,2006-10-17,2006,development,HTT-P1-AACT-20260905,2026-09-05,20260905_export_ctgov.zip,ctgov.studies.overall_status,COMPLETED=0;TERMINATED|WITHDRAWN=1,ctgov.studies.study_first_submitted_date,step2_reconciliation/HeartTrialTwin_step2_cohort_reconciliation.csv,5a254575d8d5276d1176b53b38dad6600b46d6732441698e8e14668699d8ac43
NCT00391456,COMPLETED,0,2006-10-23,2006,development,HTT-P1-AACT-20260905,2026-09-05,20260905_export_ctgov.zip,ctgov.studies.overall_status,COMPLETED=0;TERMINATED|WITHDRAWN=1,ctgov.studies.study_first_submitted_date,step2_reconciliation/HeartTrialTwin_step2_cohort_reconciliation.csv,5a254575d8d5276d1176b53b38dad6600b46d6732441698e8e14668699d8ac43
NCT00391846,COMPLETED,0,2006-10-19,2006,development,HTT-P1-AACT-20260905,2026-09-05,20260905_export_ctgov.zip,ctgov.studies.overall_status,COMPLETED=0;TERMINATED|WITHDRAWN=1,ctgov.studies.study_first_submitted_date,step2_reconciliation/HeartTrialTwin_step2_cohort_reconciliation.csv,5a254575d8d5276d1176b53b38dad6600b46d6732441698e8e14668699d8ac43
NCT00395642,COMPLETED,0,2006-11-01,2006,development,HTT-P1-AACT-20260905,2026-09-05,20260905_export_ctgov.zip,ctgov.studies.overall_status,COMPLETED=0;TERMINATED|WITHDRAWN=1,ctgov.studies.study_first_submitted_date,step2_reconciliation/HeartTrialTwin_step2_cohort_reconciliation.csv,5a254575d8d5276d1176b53b38dad6600b46d6732441698e8e14668699d8ac43
NCT00396136,COMPLETED,0,2006-11-01,2006,development,HTT-P1-AACT-20260905,2026-09-05,20260905_export_ctgov.zip,ctgov.studies.overall_status,COMPLETED=0;TERMINATED|WITHDRAWN=1,ctgov.studies.study_first_submitted_date,step2_reconciliation/HeartTrialTwin_step2_cohort_reconciliation.csv,5a254575d8d5276d1176b53b38dad6600b46d6732441698e8e14668699d8ac43
NCT00399594,COMPLETED,0,2006-11-13,2006,development,HTT-P1-AACT-20260905,2026-09-05,20260905_export_ctgov.zip,ctgov.studies.overall_status,COMPLETED=0;TERMINATED|WITHDRAWN=1,ctgov.studies.study_first_submitted_date,step2_reconciliation/HeartTrialTwin_step2_cohort_reconciliation.csv,5a254575d8d5276d1176b53b38dad6600b46d6732441698e8e14668699d8ac43
NCT00400582,COMPLETED,0,2006-11-15,2006,development,HTT-P1-AACT-20260905,2026-09-05,20260905_export_ctgov.zip,ctgov.studies.overall_status,COMPLETED=0;TERMINATED|WITHDRAWN=1,ctgov.studies.study_first_submitted_date,step2_reconciliation/HeartTrialTwin_step2_cohort_reconciliation.csv,5a254575d8d5276d1176b53b38dad6600b46d6732441698e8e14668699d8ac43
NCT00400985,COMPLETED,0,2005-09-13,2005,development,HTT-P1-AACT-20260905,2026-09-05,20260905_export_ctgov.zip,ctgov.studies.overall_status,COMPLETED=0;TERMINATED|WITHDRAWN=1,ctgov.studies.study_first_submitted_date,step2_reconciliation/HeartTrialTwin_step2_cohort_reconciliation.csv,5a254575d8d5276d1176b53b38dad6600b46d6732441698e8e14668699d8ac43
NCT00402376,TERMINATED,1,2006-11-20,2006,development,HTT-P1-AACT-20260905,2026-09-05,20260905_export_ctgov.zip,ctgov.studies.overall_status,COMPLETED=0;TERMINATED|WITHDRAWN=1,ctgov.studies.study_first_submitted_date,step2_reconciliation/HeartTrialTwin_step2_cohort_reconciliation.csv,5a254575d8d5276d1176b53b38dad6600b46d6732441698e8e14668699d8ac43
NCT00403910,COMPLETED,0,2006-11-24,2006,development,HTT-P1-AACT-20260905,2026-09-05,20260905_export_ctgov.zip,ctgov.studies.overall_status,COMPLETED=0;TERMINATED|WITHDRAWN=1,ctgov.studies.study_first_submitted_date,step2_reconciliation/HeartTrialTwin_step2_cohort_reconciliation.csv,5a254575d8d5276d1176b53b38dad6600b46d6732441698e8e14668699d8ac43
NCT00404807,TERMINATED,1,2006-11-28,2006,development,HTT-P1-AACT-20260905,2026-09-05,20260905_export_ctgov.zip,ctgov.studies.overall_status,COMPLETED=0;TERMINATED|WITHDRAWN=1,ctgov.studies.study_first_submitted_date,step2_reconciliation/HeartTrialTwin_step2_cohort_reconciliation.csv,5a254575d8d5276d1176b53b38dad6600b46d6732441698e8e14668699d8ac43
NCT00405639,COMPLETED,0,2006-11-29,2006,development,HTT-P1-AACT-20260905,2026-09-05,20260905_export_ctgov.zip,ctgov.studies.overall_status,COMPLETED=0;TERMINATED|WITHDRAWN=1,ctgov.studies.study_first_submitted_date,step2_reconciliation/HeartTrialTwin_step2_cohort_reconciliation.csv,5a254575d8d5276d1176b53b38dad6600b46d6732441698e8e14668699d8ac43
NCT00406575,TERMINATED,1,2006-11-30,2006,development,HTT-P1-AACT-20260905,2026-09-05,20260905_export_ctgov.zip,ctgov.studies.overall_status,COMPLETED=0;TERMINATED|WITHDRAWN=1,ctgov.studies.study_first_submitted_date,step2_reconciliation/HeartTrialTwin_step2_cohort_reconciliation.csv,5a254575d8d5276d1176b53b38dad6600b46d6732441698e8e14668699d8ac43
NCT00407446,COMPLETED,0,2006-12-01,2006,development,HTT-P1-AACT-20260905,2026-09-05,20260905_export_ctgov.zip,ctgov.studies.overall_status,COMPLETED=0;TERMINATED|WITHDRAWN=1,ctgov.studies.study_first_submitted_date,step2_reconciliation/HeartTrialTwin_step2_cohort_reconciliation.csv,5a254575d8d5276d1176b53b38dad6600b46d6732441698e8e14668699d8ac43
NCT00408733,COMPLETED,0,2006-12-06,2006,development,HTT-P1-AACT-20260905,2026-09-05,20260905_export_ctgov.zip,ctgov.studies.overall_status,COMPLETED=0;TERMINATED|WITHDRAWN=1,ctgov.studies.study_first_submitted_date,step2_reconciliation/HeartTrialTwin_step2_cohort_reconciliation.csv,5a254575d8d5276d1176b53b38dad6600b46d6732441698e8e14668699d8ac43
NCT00409942,COMPLETED,0,2006-12-11,2006,development,HTT-P1-AACT-20260905,2026-09-05,20260905_export_ctgov.zip,ctgov.studies.overall_status,COMPLETED=0;TERMINATED|WITHDRAWN=1,ctgov.studies.study_first_submitted_date,step2_reconciliation/HeartTrialTwin_step2_cohort_reconciliation.csv,5a254575d8d5276d1176b53b38dad6600b46d6732441698e8e14668699d8ac43
NCT00410293,COMPLETED,0,2006-12-11,2006,development,HTT-P1-AACT-20260905,2026-09-05,20260905_export_ctgov.zip,ctgov.studies.overall_status,COMPLETED=0;TERMINATED|WITHDRAWN=1,ctgov.studies.study_first_submitted_date,step2_reconciliation/HeartTrialTwin_step2_cohort_reconciliation.csv,5a254575d8d5276d1176b53b38dad6600b46d6732441698e8e14668699d8ac43
NCT00414401,COMPLETED,0,2006-12-19,2006,development,HTT-P1-AACT-20260905,2026-09-05,20260905_export_ctgov.zip,ctgov.studies.overall_status,COMPLETED=0;TERMINATED|WITHDRAWN=1,ctgov.studies.study_first_submitted_date,step2_reconciliation/HeartTrialTwin_step2_cohort_reconciliation.csv,5a254575d8d5276d1176b53b38dad6600b46d6732441698e8e14668699d8ac43
NCT00415545,COMPLETED,0,2006-12-21,2006,development,HTT-P1-AACT-20260905,2026-09-05,20260905_export_ctgov.zip,ctgov.studies.overall_status,COMPLETED=0;TERMINATED|WITHDRAWN=1,ctgov.studies.study_first_submitted_date,step2_reconciliation/HeartTrialTwin_step2_cohort_reconciliation.csv,5a254575d8d5276d1176b53b38dad6600b46d6732441698e8e14668699d8ac43
NCT00417222,COMPLETED,0,2006-12-28,2006,development,HTT-P1-AACT-20260905,2026-09-05,20260905_export_ctgov.zip,ctgov.studies.overall_status,COMPLETED=0;TERMINATED|WITHDRAWN=1,ctgov.studies.study_first_submitted_date,step2_reconciliation/HeartTrialTwin_step2_cohort_reconciliation.csv,5a254575d8d5276d1176b53b38dad6600b46d6732441698e8e14668699d8ac43
NCT00418314,COMPLETED,0,2007-01-03,2007,development,HTT-P1-AACT-20260905,2026-09-05,20260905_export_ctgov.zip,ctgov.studies.overall_status,COMPLETED=0;TERMINATED|WITHDRAWN=1,ctgov.studies.study_first_submitted_date,step2_reconciliation/HeartTrialTwin_step2_cohort_reconciliation.csv,5a254575d8d5276d1176b53b38dad6600b46d6732441698e8e14668699d8ac43
NCT00421746,COMPLETED,0,2007-01-11,2007,development,HTT-P1-AACT-20260905,2026-09-05,20260905_export_ctgov.zip,ctgov.studies.overall_status,COMPLETED=0;TERMINATED|WITHDRAWN=1,ctgov.studies.study_first_submitted_date,step2_reconciliation/HeartTrialTwin_step2_cohort_reconciliation.csv,5a254575d8d5276d1176b53b38dad6600b46d6732441698e8e14668699d8ac43
NCT00422318,COMPLETED,0,2007-01-12,2007,development,HTT-P1-AACT-20260905,2026-09-05,20260905_export_ctgov.zip,ctgov.studies.overall_status,COMPLETED=0;TERMINATED|WITHDRAWN=1,ctgov.studies.study_first_submitted_date,step2_reconciliation/HeartTrialTwin_step2_cohort_reconciliation.csv,5a254575d8d5276d1176b53b38dad6600b46d6732441698e8e14668699d8ac43
NCT00424762,COMPLETED,0,2007-01-18,2007,development,HTT-P1-AACT-20260905,2026-09-05,20260905_export_ctgov.zip,ctgov.studies.overall_status,COMPLETED=0;TERMINATED|WITHDRAWN=1,ctgov.studies.study_first_submitted_date,step2_reconciliation/HeartTrialTwin_step2_cohort_reconciliation.csv,5a254575d8d5276d1176b53b38dad6600b46d6732441698e8e14668699d8ac43
NCT00428103,WITHDRAWN,1,2007-01-25,2007,development,HTT-P1-AACT-20260905,2026-09-05,20260905_export_ctgov.zip,ctgov.studies.overall_status,COMPLETED=0;TERMINATED|WITHDRAWN=1,ctgov.studies.study_first_submitted_date,step2_reconciliation/HeartTrialTwin_step2_cohort_reconciliation.csv,5a254575d8d5276d1176b53b38dad6600b46d6732441698e8e14668699d8ac43
NCT00433043,TERMINATED,1,2007-02-08,2007,development,HTT-P1-AACT-20260905,2026-09-05,20260905_export_ctgov.zip,ctgov.studies.overall_status,COMPLETED=0;TERMINATED|WITHDRAWN=1,ctgov.studies.study_first_submitted_date,step2_reconciliation/HeartTrialTwin_step2_cohort_reconciliation.csv,5a254575d8d5276d1176b53b38dad6600b46d6732441698e8e14668699d8ac43
NCT00439842,COMPLETED,0,2007-02-22,2007,development,HTT-P1-AACT-20260905,2026-09-05,20260905_export_ctgov.zip,ctgov.studies.overall_status,COMPLETED=0;TERMINATED|WITHDRAWN=1,ctgov.studies.study_first_submitted_date,step2_reconciliation/HeartTrialTwin_step2_cohort_reconciliation.csv,5a254575d8d5276d1176b53b38dad6600b46d6732441698e8e14668699d8ac43
NCT00443690,COMPLETED,0,2007-03-02,2007,development,HTT-P1-AACT-20260905,2026-09-05,20260905_export_ctgov.zip,ctgov.studies.overall_status,COMPLETED=0;TERMINATED|WITHDRAWN=1,ctgov.studies.study_first_submitted_date,step2_reconciliation/HeartTrialTwin_step2_cohort_reconciliation.csv,5a254575d8d5276d1176b53b38dad6600b46d6732441698e8e14668699d8ac43
NCT00449423,TERMINATED,1,2007-03-19,2007,development,HTT-P1-AACT-20260905,2026-09-05,20260905_export_ctgov.zip,ctgov.studies.overall_status,COMPLETED=0;TERMINATED|WITHDRAWN=1,ctgov.studies.study_first_submitted_date,step2_reconciliation/HeartTrialTwin_step2_cohort_reconciliation.csv,5a254575d8d5276d1176b53b38dad6600b46d6732441698e8e14668699d8ac43
NCT00453453,TERMINATED,1,2007-03-28,2007,development,HTT-P1-AACT-20260905,2026-09-05,20260905_export_ctgov.zip,ctgov.studies.overall_status,COMPLETED=0;TERMINATED|WITHDRAWN=1,ctgov.studies.study_first_submitted_date,step2_reconciliation/HeartTrialTwin_step2_cohort_reconciliation.csv,5a254575d8d5276d1176b53b38dad6600b46d6732441698e8e14668699d8ac43
NCT00454818,COMPLETED,0,2007-03-30,2007,development,HTT-P1-AACT-20260905,2026-09-05,20260905_export_ctgov.zip,ctgov.studies.overall_status,COMPLETED=0;TERMINATED|WITHDRAWN=1,ctgov.studies.study_first_submitted_date,step2_reconciliation/HeartTrialTwin_step2_cohort_reconciliation.csv,5a254575d8d5276d1176b53b38dad6600b46d6732441698e8e14668699d8ac43
NCT00455611,WITHDRAWN,1,2007-04-02,2007,development,HTT-P1-AACT-20260905,2026-09-05,20260905_export_ctgov.zip,ctgov.studies.overall_status,COMPLETED=0;TERMINATED|WITHDRAWN=1,ctgov.studies.study_first_submitted_date,step2_reconciliation/HeartTrialTwin_step2_cohort_reconciliation.csv,5a254575d8d5276d1176b53b38dad6600b46d6732441698e8e14668699d8ac43
NCT00461019,COMPLETED,0,2007-04-16,2007,development,HTT-P1-AACT-20260905,2026-09-05,20260905_export_ctgov.zip,ctgov.studies.overall_status,COMPLETED=0;TERMINATED|WITHDRAWN=1,ctgov.studies.study_first_submitted_date,step2_reconciliation/HeartTrialTwin_step2_cohort_reconciliation.csv,5a254575d8d5276d1176b53b38dad6600b46d6732441698e8e14668699d8ac43
NCT00462670,COMPLETED,0,2007-04-17,2007,development,HTT-P1-AACT-20260905,2026-09-05,20260905_export_ctgov.zip,ctgov.studies.overall_status,COMPLETED=0;TERMINATED|WITHDRAWN=1,ctgov.studies.study_first_submitted_date,step2_reconciliation/HeartTrialTwin_step2_cohort_reconciliation.csv,5a254575d8d5276d1176b53b38dad6600b46d6732441698e8e14668699d8ac43
NCT00462774,COMPLETED,0,2007-04-18,2007,development,HTT-P1-AACT-20260905,2026-09-05,20260905_export_ctgov.zip,ctgov.studies.overall_status,COMPLETED=0;TERMINATED|WITHDRAWN=1,ctgov.studies.study_first_submitted_date,step2_reconciliation/HeartTrialTwin_step2_cohort_reconciliation.csv,5a254575d8d5276d1176b53b38dad6600b46d6732441698e8e14668699d8ac43
NCT00467298,COMPLETED,0,2007-04-25,2007,development,HTT-P1-AACT-20260905,2026-09-05,20260905_export_ctgov.zip,ctgov.studies.overall_status,COMPLETED=0;TERMINATED|WITHDRAWN=1,ctgov.studies.study_first_submitted_date,step2_reconciliation/HeartTrialTwin_step2_cohort_reconciliation.csv,5a254575d8d5276d1176b53b38dad6600b46d6732441698e8e14668699d8ac43
NCT00473876,COMPLETED,0,2007-05-15,2007,development,HTT-P1-AACT-20260905,2026-09-05,20260905_export_ctgov.zip,ctgov.studies.overall_status,COMPLETED=0;TERMINATED|WITHDRAWN=1,ctgov.studies.study_first_submitted_date,step2_reconciliation/HeartTrialTwin_step2_cohort_reconciliation.csv,5a254575d8d5276d1176b53b38dad6600b46d6732441698e8e14668699d8ac43
NCT00474461,COMPLETED,0,2007-05-15,2007,development,HTT-P1-AACT-20260905,2026-09-05,20260905_export_ctgov.zip,ctgov.studies.overall_status,COMPLETED=0;TERMINATED|WITHDRAWN=1,ctgov.studies.study_first_submitted_date,step2_reconciliation/HeartTrialTwin_step2_cohort_reconciliation.csv,5a254575d8d5276d1176b53b38dad6600b46d6732441698e8e14668699d8ac43
NCT00475852,COMPLETED,0,2007-05-18,2007,development,HTT-P1-AACT-20260905,2026-09-05,20260905_export_ctgov.zip,ctgov.studies.overall_status,COMPLETED=0;TERMINATED|WITHDRAWN=1,ctgov.studies.study_first_submitted_date,step2_reconciliation/HeartTrialTwin_step2_cohort_reconciliation.csv,5a254575d8d5276d1176b53b38dad6600b46d6732441698e8e14668699d8ac43
NCT00477789,COMPLETED,0,2007-05-23,2007,development,HTT-P1-AACT-20260905,2026-09-05,20260905_export_ctgov.zip,ctgov.studies.overall_status,COMPLETED=0;TERMINATED|WITHDRAWN=1,ctgov.studies.study_first_submitted_date,step2_reconciliation/HeartTrialTwin_step2_cohort_reconciliation.csv,5a254575d8d5276d1176b53b38dad6600b46d6732441698e8e14668699d8ac43
NCT00480051,COMPLETED,0,2007-05-29,2007,development,HTT-P1-AACT-20260905,2026-09-05,20260905_export_ctgov.zip,ctgov.studies.overall_status,COMPLETED=0;TERMINATED|WITHDRAWN=1,ctgov.studies.study_first_submitted_date,step2_reconciliation/HeartTrialTwin_step2_cohort_reconciliation.csv,5a254575d8d5276d1176b53b38dad6600b46d6732441698e8e14668699d8ac43
NCT00480077,TERMINATED,1,2007-05-29,2007,development,HTT-P1-AACT-20260905,2026-09-05,20260905_export_ctgov.zip,ctgov.studies.overall_status,COMPLETED=0;TERMINATED|WITHDRAWN=1,ctgov.studies.study_first_submitted_date,step2_reconciliation/HeartTrialTwin_step2_cohort_reconciliation.csv,5a254575d8d5276d1176b53b38dad6600b46d6732441698e8e14668699d8ac43
NCT00482937,COMPLETED,0,2007-06-04,2007,development,HTT-P1-AACT-20260905,2026-09-05,20260905_export_ctgov.zip,ctgov.studies.overall_status,COMPLETED=0;TERMINATED|WITHDRAWN=1,ctgov.studies.study_first_submitted_date,step2_reconciliation/HeartTrialTwin_step2_cohort_reconciliation.csv,5a254575d8d5276d1176b53b38dad6600b46d6732441698e8e14668699d8ac43
NCT00484770,COMPLETED,0,2007-06-07,2007,development,HTT-P1-AACT-20260905,2026-09-05,20260905_export_ctgov.zip,ctgov.studies.overall_status,COMPLETED=0;TERMINATED|WITHDRAWN=1,ctgov.studies.study_first_submitted_date,step2_reconciliation/HeartTrialTwin_step2_cohort_reconciliation.csv,5a254575d8d5276d1176b53b38dad6600b46d6732441698e8e14668699d8ac43
NCT00487799,WITHDRAWN,1,2007-06-15,2007,development,HTT-P1-AACT-20260905,2026-09-05,20260905_export_ctgov.zip,ctgov.studies.overall_status,COMPLETED=0;TERMINATED|WITHDRAWN=1,ctgov.studies.study_first_submitted_date,step2_reconciliation/HeartTrialTwin_step2_cohort_reconciliation.csv,5a254575d8d5276d1176b53b38dad6600b46d6732441698e8e14668699d8ac43
NCT00488410,COMPLETED,0,2007-06-18,2007,development,HTT-P1-AACT-20260905,2026-09-05,20260905_export_ctgov.zip,ctgov.studies.overall_status,COMPLETED=0;TERMINATED|WITHDRAWN=1,ctgov.studies.study_first_submitted_date,step2_reconciliation/HeartTrialTwin_step2_cohort_reconciliation.csv,5a254575d8d5276d1176b53b38dad6600b46d6732441698e8e14668699d8ac43
NCT00489177,COMPLETED,0,2007-06-20,2007,development,HTT-P1-AACT-20260905,2026-09-05,20260905_export_ctgov.zip,ctgov.studies.overall_status,COMPLETED=0;TERMINATED|WITHDRAWN=1,ctgov.studies.study_first_submitted_date,step2_reconciliation/HeartTrialTwin_step2_cohort_reconciliation.csv,5a254575d8d5276d1176b53b38dad6600b46d6732441698e8e14668699d8ac43
NCT00490347,COMPLETED,0,2007-06-20,2007,development,HTT-P1-AACT-20260905,2026-09-05,20260905_export_ctgov.zip,ctgov.studies.overall_status,COMPLETED=0;TERMINATED|WITHDRAWN=1,ctgov.studies.study_first_submitted_date,step2_reconciliation/HeartTrialTwin_step2_cohort_reconciliation.csv,5a254575d8d5276d1176b53b38dad6600b46d6732441698e8e14668699d8ac43
NCT00490724,COMPLETED,0,2007-06-21,2007,development,HTT-P1-AACT-20260905,2026-09-05,20260905_export_ctgov.zip,ctgov.studies.overall_status,COMPLETED=0;TERMINATED|WITHDRAWN=1,ctgov.studies.study_first_submitted_date,step2_reconciliation/HeartTrialTwin_step2_cohort_reconciliation.csv,5a254575d8d5276d1176b53b38dad6600b46d6732441698e8e14668699d8ac43
NCT00490958,COMPLETED,0,2007-06-22,2007,development,HTT-P1-AACT-20260905,2026-09-05,20260905_export_ctgov.zip,ctgov.studies.overall_status,COMPLETED=0;TERMINATED|WITHDRAWN=1,ctgov.studies.study_first_submitted_date,step2_reconciliation/HeartTrialTwin_step2_cohort_reconciliation.csv,5a254575d8d5276d1176b53b38dad6600b46d6732441698e8e14668699d8ac43
NCT00491777,COMPLETED,0,2007-06-22,2007,development,HTT-P1-AACT-20260905,2026-09-05,20260905_export_ctgov.zip,ctgov.studies.overall_status,COMPLETED=0;TERMINATED|WITHDRAWN=1,ctgov.studies.study_first_submitted_date,step2_reconciliation/HeartTrialTwin_step2_cohort_reconciliation.csv,5a254575d8d5276d1176b53b38dad6600b46d6732441698e8e14668699d8ac43
NCT00491907,TERMINATED,1,2007-06-25,2007,development,HTT-P1-AACT-20260905,2026-09-05,20260905_export_ctgov.zip,ctgov.studies.overall_status,COMPLETED=0;TERMINATED|WITHDRAWN=1,ctgov.studies.study_first_submitted_date,step2_reconciliation/HeartTrialTwin_step2_cohort_reconciliation.csv,5a254575d8d5276d1176b53b38dad6600b46d6732441698e8e14668699d8ac43
NCT00495196,COMPLETED,0,2007-06-28,2007,development,HTT-P1-AACT-20260905,2026-09-05,20260905_export_ctgov.zip,ctgov.studies.overall_status,COMPLETED=0;TERMINATED|WITHDRAWN=1,ctgov.studies.study_first_submitted_date,step2_reconciliation/HeartTrialTwin_step2_cohort_reconciliation.csv,5a254575d8d5276d1176b53b38dad6600b46d6732441698e8e14668699d8ac43
NCT00497900,COMPLETED,0,2007-07-06,2007,development,HTT-P1-AACT-20260905,2026-09-05,20260905_export_ctgov.zip,ctgov.studies.overall_status,COMPLETED=0;TERMINATED|WITHDRAWN=1,ctgov.studies.study_first_submitted_date,step2_reconciliation/HeartTrialTwin_step2_cohort_reconciliation.csv,5a254575d8d5276d1176b53b38dad6600b46d6732441698e8e14668699d8ac43
NCT00498472,COMPLETED,0,2007-07-09,2007,development,HTT-P1-AACT-20260905,2026-09-05,20260905_export_ctgov.zip,ctgov.studies.overall_status,COMPLETED=0;TERMINATED|WITHDRAWN=1,ctgov.studies.study_first_submitted_date,step2_reconciliation/HeartTrialTwin_step2_cohort_reconciliation.csv,5a254575d8d5276d1176b53b38dad6600b46d6732441698e8e14668699d8ac43
NCT00498940,TERMINATED,1,2007-07-09,2007,development,HTT-P1-AACT-20260905,2026-09-05,20260905_export_ctgov.zip,ctgov.studies.overall_status,COMPLETED=0;TERMINATED|WITHDRAWN=1,ctgov.studies.study_first_submitted_date,step2_reconciliation/HeartTrialTwin_step2_cohort_reconciliation.csv,5a254575d8d5276d1176b53b38dad6600b46d6732441698e8e14668699d8ac43
NCT00500838,COMPLETED,0,2007-07-11,2007,development,HTT-P1-AACT-20260905,2026-09-05,20260905_export_ctgov.zip,ctgov.studies.overall_status,COMPLETED=0;TERMINATED|WITHDRAWN=1,ctgov.studies.study_first_submitted_date,step2_reconciliation/HeartTrialTwin_step2_cohort_reconciliation.csv,5a254575d8d5276d1176b53b38dad6600b46d6732441698e8e14668699d8ac43
NCT00501514,COMPLETED,0,2007-07-12,2007,development,HTT-P1-AACT-20260905,2026-09-05,20260905_export_ctgov.zip,ctgov.studies.overall_status,COMPLETED=0;TERMINATED|WITHDRAWN=1,ctgov.studies.study_first_submitted_date,step2_reconciliation/HeartTrialTwin_step2_cohort_reconciliation.csv,5a254575d8d5276d1176b53b38dad6600b46d6732441698e8e14668699d8ac43
NCT00502255,COMPLETED,0,2007-07-16,2007,development,HTT-P1-AACT-20260905,2026-09-05,20260905_export_ctgov.zip,ctgov.studies.overall_status,COMPLETED=0;TERMINATED|WITHDRAWN=1,ctgov.studies.study_first_submitted_date,step2_reconciliation/HeartTrialTwin_step2_cohort_reconciliation.csv,5a254575d8d5276d1176b53b38dad6600b46d6732441698e8e14668699d8ac43
NCT00505050,COMPLETED,0,2007-07-18,2007,development,HTT-P1-AACT-20260905,2026-09-05,20260905_export_ctgov.zip,ctgov.studies.overall_status,COMPLETED=0;TERMINATED|WITHDRAWN=1,ctgov.studies.study_first_submitted_date,step2_reconciliation/HeartTrialTwin_step2_cohort_reconciliation.csv,5a254575d8d5276d1176b53b38dad6600b46d6732441698e8e14668699d8ac43
NCT00505336,COMPLETED,0,2007-07-19,2007,development,HTT-P1-AACT-20260905,2026-09-05,20260905_export_ctgov.zip,ctgov.studies.overall_status,COMPLETED=0;TERMINATED|WITHDRAWN=1,ctgov.studies.study_first_submitted_date,step2_reconciliation/HeartTrialTwin_step2_cohort_reconciliation.csv,5a254575d8d5276d1176b53b38dad6600b46d6732441698e8e14668699d8ac43
NCT00505791,WITHDRAWN,1,2007-07-19,2007,development,HTT-P1-AACT-20260905,2026-09-05,20260905_export_ctgov.zip,ctgov.studies.overall_status,COMPLETED=0;TERMINATED|WITHDRAWN=1,ctgov.studies.study_first_submitted_date,step2_reconciliation/HeartTrialTwin_step2_cohort_reconciliation.csv,5a254575d8d5276d1176b53b38dad6600b46d6732441698e8e14668699d8ac43
NCT00508391,COMPLETED,0,2007-07-26,2007,development,HTT-P1-AACT-20260905,2026-09-05,20260905_export_ctgov.zip,ctgov.studies.overall_status,COMPLETED=0;TERMINATED|WITHDRAWN=1,ctgov.studies.study_first_submitted_date,step2_reconciliation/HeartTrialTwin_step2_cohort_reconciliation.csv,5a254575d8d5276d1176b53b38dad6600b46d6732441698e8e14668699d8ac43
NCT00508508,COMPLETED,0,2007-07-27,2007,development,HTT-P1-AACT-20260905,2026-09-05,20260905_export_ctgov.zip,ctgov.studies.overall_status,COMPLETED=0;TERMINATED|WITHDRAWN=1,ctgov.studies.study_first_submitted_date,step2_reconciliation/HeartTrialTwin_step2_cohort_reconciliation.csv,5a254575d8d5276d1176b53b38dad6600b46d6732441698e8e14668699d8ac43
NCT00508716,COMPLETED,0,2007-07-26,2007,development,HTT-P1-AACT-20260905,2026-09-05,20260905_export_ctgov.zip,ctgov.studies.overall_status,COMPLETED=0;TERMINATED|WITHDRAWN=1,ctgov.studies.study_first_submitted_date,step2_reconciliation/HeartTrialTwin_step2_cohort_reconciliation.csv,5a254575d8d5276d1176b53b38dad6600b46d6732441698e8e14668699d8ac43
NCT00510198,TERMINATED,1,2007-07-31,2007,development,HTT-P1-AACT-20260905,2026-09-05,20260905_export_ctgov.zip,ctgov.studies.overall_status,COMPLETED=0;TERMINATED|WITHDRAWN=1,ctgov.studies.study_first_submitted_date,step2_reconciliation/HeartTrialTwin_step2_cohort_reconciliation.csv,5a254575d8d5276d1176b53b38dad6600b46d6732441698e8e14668699d8ac43
NCT00510601,COMPLETED,0,2007-07-31,2007,development,HTT-P1-AACT-20260905,2026-09-05,20260905_export_ctgov.zip,ctgov.studies.overall_status,COMPLETED=0;TERMINATED|WITHDRAWN=1,ctgov.studies.study_first_submitted_date,step2_reconciliation/HeartTrialTwin_step2_cohort_reconciliation.csv,5a254575d8d5276d1176b53b38dad6600b46d6732441698e8e14668699d8ac43
NCT00512759,COMPLETED,0,2007-08-06,2007,development,HTT-P1-AACT-20260905,2026-09-05,20260905_export_ctgov.zip,ctgov.studies.overall_status,COMPLETED=0;TERMINATED|WITHDRAWN=1,ctgov.studies.study_first_submitted_date,step2_reconciliation/HeartTrialTwin_step2_cohort_reconciliation.csv,5a254575d8d5276d1176b53b38dad6600b46d6732441698e8e14668699d8ac43
NCT00514241,COMPLETED,0,2007-08-08,2007,development,HTT-P1-AACT-20260905,2026-09-05,20260905_export_ctgov.zip,ctgov.studies.overall_status,COMPLETED=0;TERMINATED|WITHDRAWN=1,ctgov.studies.study_first_submitted_date,step2_reconciliation/HeartTrialTwin_step2_cohort_reconciliation.csv,5a254575d8d5276d1176b53b38dad6600b46d6732441698e8e14668699d8ac43
NCT00516646,COMPLETED,0,2007-08-13,2007,development,HTT-P1-AACT-20260905,2026-09-05,20260905_export_ctgov.zip,ctgov.studies.overall_status,COMPLETED=0;TERMINATED|WITHDRAWN=1,ctgov.studies.study_first_submitted_date,step2_reconciliation/HeartTrialTwin_step2_cohort_reconciliation.csv,5a254575d8d5276d1176b53b38dad6600b46d6732441698e8e14668699d8ac43
NCT00517426,COMPLETED,0,2007-08-16,2007,development,HTT-P1-AACT-20260905,2026-09-05,20260905_export_ctgov.zip,ctgov.studies.overall_status,COMPLETED=0;TERMINATED|WITHDRAWN=1,ctgov.studies.study_first_submitted_date,step2_reconciliation/HeartTrialTwin_step2_cohort_reconciliation.csv,5a254575d8d5276d1176b53b38dad6600b46d6732441698e8e14668699d8ac43
NCT00517725,COMPLETED,0,2007-08-16,2007,development,HTT-P1-AACT-20260905,2026-09-05,20260905_export_ctgov.zip,ctgov.studies.overall_status,COMPLETED=0;TERMINATED|WITHDRAWN=1,ctgov.studies.study_first_submitted_date,step2_reconciliation/HeartTrialTwin_step2_cohort_reconciliation.csv,5a254575d8d5276d1176b53b38dad6600b46d6732441698e8e14668699d8ac43
NCT00519038,COMPLETED,0,2007-08-20,2007,development,HTT-P1-AACT-20260905,2026-09-05,20260905_export_ctgov.zip,ctgov.studies.overall_status,COMPLETED=0;TERMINATED|WITHDRAWN=1,ctgov.studies.study_first_submitted_date,step2_reconciliation/HeartTrialTwin_step2_cohort_reconciliation.csv,5a254575d8d5276d1176b53b38dad6600b46d6732441698e8e14668699d8ac43
NCT00520429,COMPLETED,0,2007-08-23,2007,development,HTT-P1-AACT-20260905,2026-09-05,20260905_export_ctgov.zip,ctgov.studies.overall_status,COMPLETED=0;TERMINATED|WITHDRAWN=1,ctgov.studies.study_first_submitted_date,step2_reconciliation/HeartTrialTwin_step2_cohort_reconciliation.csv,5a254575d8d5276d1176b53b38dad6600b46d6732441698e8e14668699d8ac43
NCT00520780,COMPLETED,0,2007-08-24,2007,development,HTT-P1-AACT-20260905,2026-09-05,20260905_export_ctgov.zip,ctgov.studies.overall_status,COMPLETED=0;TERMINATED|WITHDRAWN=1,ctgov.studies.study_first_submitted_date,step2_reconciliation/HeartTrialTwin_step2_cohort_reconciliation.csv,5a254575d8d5276d1176b53b38dad6600b46d6732441698e8e14668699d8ac43
NCT00520806,COMPLETED,0,2007-08-24,2007,development,HTT-P1-AACT-20260905,2026-09-05,20260905_export_ctgov.zip,ctgov.studies.overall_status,COMPLETED=0;TERMINATED|WITHDRAWN=1,ctgov.studies.study_first_submitted_date,step2_reconciliation/HeartTrialTwin_step2_cohort_reconciliation.csv,5a254575d8d5276d1176b53b38dad6600b46d6732441698e8e14668699d8ac43
NCT00522340,COMPLETED,0,2007-08-27,2007,development,HTT-P1-AACT-20260905,2026-09-05,20260905_export_ctgov.zip,ctgov.studies.overall_status,COMPLETED=0;TERMINATED|WITHDRAWN=1,ctgov.studies.study_first_submitted_date,step2_reconciliation/HeartTrialTwin_step2_cohort_reconciliation.csv,5a254575d8d5276d1176b53b38dad6600b46d6732441698e8e14668699d8ac43
NCT00523757,COMPLETED,0,2007-08-29,2007,development,HTT-P1-AACT-20260905,2026-09-05,20260905_export_ctgov.zip,ctgov.studies.overall_status,COMPLETED=0;TERMINATED|WITHDRAWN=1,ctgov.studies.study_first_submitted_date,step2_reconciliation/HeartTrialTwin_step2_cohort_reconciliation.csv,5a254575d8d5276d1176b53b38dad6600b46d6732441698e8e14668699d8ac43
NCT00524433,COMPLETED,0,2007-08-31,2007,development,HTT-P1-AACT-20260905,2026-09-05,20260905_export_ctgov.zip,ctgov.studies.overall_status,COMPLETED=0;TERMINATED|WITHDRAWN=1,ctgov.studies.study_first_submitted_date,step2_reconciliation/HeartTrialTwin_step2_cohort_reconciliation.csv,5a254575d8d5276d1176b53b38dad6600b46d6732441698e8e14668699d8ac43
NCT00524862,TERMINATED,1,2007-08-29,2007,development,HTT-P1-AACT-20260905,2026-09-05,20260905_export_ctgov.zip,ctgov.studies.overall_status,COMPLETED=0;TERMINATED|WITHDRAWN=1,ctgov.studies.study_first_submitted_date,step2_reconciliation/HeartTrialTwin_step2_cohort_reconciliation.csv,5a254575d8d5276d1176b53b38dad6600b46d6732441698e8e14668699d8ac43
NCT00525265,COMPLETED,0,2007-09-03,2007,development,HTT-P1-AACT-20260905,2026-09-05,20260905_export_ctgov.zip,ctgov.studies.overall_status,COMPLETED=0;TERMINATED|WITHDRAWN=1,ctgov.studies.study_first_submitted_date,step2_reconciliation/HeartTrialTwin_step2_cohort_reconciliation.csv,5a254575d8d5276d1176b53b38dad6600b46d6732441698e8e14668699d8ac43
NCT00525707,COMPLETED,0,2007-08-31,2007,development,HTT-P1-AACT-20260905,2026-09-05,20260905_export_ctgov.zip,ctgov.studies.overall_status,COMPLETED=0;TERMINATED|WITHDRAWN=1,ctgov.studies.study_first_submitted_date,step2_reconciliation/HeartTrialTwin_step2_cohort_reconciliation.csv,5a254575d8d5276d1176b53b38dad6600b46d6732441698e8e14668699d8ac43
NCT00526162,COMPLETED,0,2007-09-06,2007,development,HTT-P1-AACT-20260905,2026-09-05,20260905_export_ctgov.zip,ctgov.studies.overall_status,COMPLETED=0;TERMINATED|WITHDRAWN=1,ctgov.studies.study_first_submitted_date,step2_reconciliation/HeartTrialTwin_step2_cohort_reconciliation.csv,5a254575d8d5276d1176b53b38dad6600b46d6732441698e8e14668699d8ac43
NCT00526773,COMPLETED,0,2007-09-05,2007,development,HTT-P1-AACT-20260905,2026-09-05,20260905_export_ctgov.zip,ctgov.studies.overall_status,COMPLETED=0;TERMINATED|WITHDRAWN=1,ctgov.studies.study_first_submitted_date,step2_reconciliation/HeartTrialTwin_step2_cohort_reconciliation.csv,5a254575d8d5276d1176b53b38dad6600b46d6732441698e8e14668699d8ac43
NCT00530361,WITHDRAWN,1,2007-09-13,2007,development,HTT-P1-AACT-20260905,2026-09-05,20260905_export_ctgov.zip,ctgov.studies.overall_status,COMPLETED=0;TERMINATED|WITHDRAWN=1,ctgov.studies.study_first_submitted_date,step2_reconciliation/HeartTrialTwin_step2_cohort_reconciliation.csv,5a254575d8d5276d1176b53b38dad6600b46d6732441698e8e14668699d8ac43
NCT00531661,COMPLETED,0,2007-09-18,2007,development,HTT-P1-AACT-20260905,2026-09-05,20260905_export_ctgov.zip,ctgov.studies.overall_status,COMPLETED=0;TERMINATED|WITHDRAWN=1,ctgov.studies.study_first_submitted_date,step2_reconciliation/HeartTrialTwin_step2_cohort_reconciliation.csv,5a254575d8d5276d1176b53b38dad6600b46d6732441698e8e14668699d8ac43
NCT00533013,COMPLETED,0,2007-09-20,2007,development,HTT-P1-AACT-20260905,2026-09-05,20260905_export_ctgov.zip,ctgov.studies.overall_status,COMPLETED=0;TERMINATED|WITHDRAWN=1,ctgov.studies.study_first_submitted_date,step2_reconciliation/HeartTrialTwin_step2_cohort_reconciliation.csv,5a254575d8d5276d1176b53b38dad6600b46d6732441698e8e14668699d8ac43
NCT00534456,TERMINATED,1,2007-09-20,2007,development,HTT-P1-AACT-20260905,2026-09-05,20260905_export_ctgov.zip,ctgov.studies.overall_status,COMPLETED=0;TERMINATED|WITHDRAWN=1,ctgov.studies.study_first_submitted_date,step2_reconciliation/HeartTrialTwin_step2_cohort_reconciliation.csv,5a254575d8d5276d1176b53b38dad6600b46d6732441698e8e14668699d8ac43
NCT00534703,TERMINATED,1,2007-09-24,2007,development,HTT-P1-AACT-20260905,2026-09-05,20260905_export_ctgov.zip,ctgov.studies.overall_status,COMPLETED=0;TERMINATED|WITHDRAWN=1,ctgov.studies.study_first_submitted_date,step2_reconciliation/HeartTrialTwin_step2_cohort_reconciliation.csv,5a254575d8d5276d1176b53b38dad6600b46d6732441698e8e14668699d8ac43
NCT00537186,COMPLETED,0,2007-09-27,2007,development,HTT-P1-AACT-20260905,2026-09-05,20260905_export_ctgov.zip,ctgov.studies.overall_status,COMPLETED=0;TERMINATED|WITHDRAWN=1,ctgov.studies.study_first_submitted_date,step2_reconciliation/HeartTrialTwin_step2_cohort_reconciliation.csv,5a254575d8d5276d1176b53b38dad6600b46d6732441698e8e14668699d8ac43
NCT00538356,COMPLETED,0,2007-10-01,2007,development,HTT-P1-AACT-20260905,2026-09-05,20260905_export_ctgov.zip,ctgov.studies.overall_status,COMPLETED=0;TERMINATED|WITHDRAWN=1,ctgov.studies.study_first_submitted_date,step2_reconciliation/HeartTrialTwin_step2_cohort_reconciliation.csv,5a254575d8d5276d1176b53b38dad6600b46d6732441698e8e14668699d8ac43
NCT00538941,COMPLETED,0,2007-10-01,2007,development,HTT-P1-AACT-20260905,2026-09-05,20260905_export_ctgov.zip,ctgov.studies.overall_status,COMPLETED=0;TERMINATED|WITHDRAWN=1,ctgov.studies.study_first_submitted_date,step2_reconciliation/HeartTrialTwin_step2_cohort_reconciliation.csv,5a254575d8d5276d1176b53b38dad6600b46d6732441698e8e14668699d8ac43
NCT00541268,COMPLETED,0,2007-10-09,2007,development,HTT-P1-AACT-20260905,2026-09-05,20260905_export_ctgov.zip,ctgov.studies.overall_status,COMPLETED=0;TERMINATED|WITHDRAWN=1,ctgov.studies.study_first_submitted_date,step2_reconciliation/HeartTrialTwin_step2_cohort_reconciliation.csv,5a254575d8d5276d1176b53b38dad6600b46d6732441698e8e14668699d8ac43
NCT00541541,COMPLETED,0,2007-10-08,2007,development,HTT-P1-AACT-20260905,2026-09-05,20260905_export_ctgov.zip,ctgov.studies.overall_status,COMPLETED=0;TERMINATED|WITHDRAWN=1,ctgov.studies.study_first_submitted_date,step2_reconciliation/HeartTrialTwin_step2_cohort_reconciliation.csv,5a254575d8d5276d1176b53b38dad6600b46d6732441698e8e14668699d8ac43
NCT00541801,COMPLETED,0,2007-10-08,2007,development,HTT-P1-AACT-20260905,2026-09-05,20260905_export_ctgov.zip,ctgov.studies.overall_status,COMPLETED=0;TERMINATED|WITHDRAWN=1,ctgov.studies.study_first_submitted_date,step2_reconciliation/HeartTrialTwin_step2_cohort_reconciliation.csv,5a254575d8d5276d1176b53b38dad6600b46d6732441698e8e14668699d8ac43
NCT00542945,COMPLETED,0,2007-10-11,2007,development,HTT-P1-AACT-20260905,2026-09-05,20260905_export_ctgov.zip,ctgov.studies.overall_status,COMPLETED=0;TERMINATED|WITHDRAWN=1,ctgov.studies.study_first_submitted_date,step2_reconciliation/HeartTrialTwin_step2_cohort_reconciliation.csv,5a254575d8d5276d1176b53b38dad6600b46d6732441698e8e14668699d8ac43
NCT00543881,COMPLETED,0,2007-10-11,2007,development,HTT-P1-AACT-20260905,2026-09-05,20260905_export_ctgov.zip,ctgov.studies.overall_status,COMPLETED=0;TERMINATED|WITHDRAWN=1,ctgov.studies.study_first_submitted_date,step2_reconciliation/HeartTrialTwin_step2_cohort_reconciliation.csv,5a254575d8d5276d1176b53b38dad6600b46d6732441698e8e14668699d8ac43
NCT00544869,COMPLETED,0,2007-10-15,2007,development,HTT-P1-AACT-20260905,2026-09-05,20260905_export_ctgov.zip,ctgov.studies.overall_status,COMPLETED=0;TERMINATED|WITHDRAWN=1,ctgov.studies.study_first_submitted_date,step2_reconciliation/HeartTrialTwin_step2_cohort_reconciliation.csv,5a254575d8d5276d1176b53b38dad6600b46d6732441698e8e14668699d8ac43
NCT00547729,COMPLETED,0,2007-10-19,2007,development,HTT-P1-AACT-20260905,2026-09-05,20260905_export_ctgov.zip,ctgov.studies.overall_status,COMPLETED=0;TERMINATED|WITHDRAWN=1,ctgov.studies.study_first_submitted_date,step2_reconciliation/HeartTrialTwin_step2_cohort_reconciliation.csv,5a254575d8d5276d1176b53b38dad6600b46d6732441698e8e14668699d8ac43
NCT00549614,COMPLETED,0,2007-10-25,2007,development,HTT-P1-AACT-20260905,2026-09-05,20260905_export_ctgov.zip,ctgov.studies.overall_status,COMPLETED=0;TERMINATED|WITHDRAWN=1,ctgov.studies.study_first_submitted_date,step2_reconciliation/HeartTrialTwin_step2_cohort_reconciliation.csv,5a254575d8d5276d1176b53b38dad6600b46d6732441698e8e14668699d8ac43
NCT00550121,COMPLETED,0,2007-10-25,2007,development,HTT-P1-AACT-20260905,2026-09-05,20260905_export_ctgov.zip,ctgov.studies.overall_status,COMPLETED=0;TERMINATED|WITHDRAWN=1,ctgov.studies.study_first_submitted_date,step2_reconciliation/HeartTrialTwin_step2_cohort_reconciliation.csv,5a254575d8d5276d1176b53b38dad6600b46d6732441698e8e14668699d8ac43
NCT00551499,COMPLETED,0,2007-10-30,2007,development,HTT-P1-AACT-20260905,2026-09-05,20260905_export_ctgov.zip,ctgov.studies.overall_status,COMPLETED=0;TERMINATED|WITHDRAWN=1,ctgov.studies.study_first_submitted_date,step2_reconciliation/HeartTrialTwin_step2_cohort_reconciliation.csv,5a254575d8d5276d1176b53b38dad6600b46d6732441698e8e14668699d8ac43
NCT00551681,COMPLETED,0,2007-10-30,2007,development,HTT-P1-AACT-20260905,2026-09-05,20260905_export_ctgov.zip,ctgov.studies.overall_status,COMPLETED=0;TERMINATED|WITHDRAWN=1,ctgov.studies.study_first_submitted_date,step2_reconciliation/HeartTrialTwin_step2_cohort_reconciliation.csv,5a254575d8d5276d1176b53b38dad6600b46d6732441698e8e14668699d8ac43
NCT00554580,COMPLETED,0,2007-11-06,2007,development,HTT-P1-AACT-20260905,2026-09-05,20260905_export_ctgov.zip,ctgov.studies.overall_status,COMPLETED=0;TERMINATED|WITHDRAWN=1,ctgov.studies.study_first_submitted_date,step2_reconciliation/HeartTrialTwin_step2_cohort_reconciliation.csv,5a254575d8d5276d1176b53b38dad6600b46d6732441698e8e14668699d8ac43
NCT00555360,COMPLETED,0,2007-11-06,2007,development,HTT-P1-AACT-20260905,2026-09-05,20260905_export_ctgov.zip,ctgov.studies.overall_status,COMPLETED=0;TERMINATED|WITHDRAWN=1,ctgov.studies.study_first_submitted_date,step2_reconciliation/HeartTrialTwin_step2_cohort_reconciliation.csv,5a254575d8d5276d1176b53b38dad6600b46d6732441698e8e14668699d8ac43
NCT00555685,COMPLETED,0,2007-11-08,2007,development,HTT-P1-AACT-20260905,2026-09-05,20260905_export_ctgov.zip,ctgov.studies.overall_status,COMPLETED=0;TERMINATED|WITHDRAWN=1,ctgov.studies.study_first_submitted_date,step2_reconciliation/HeartTrialTwin_step2_cohort_reconciliation.csv,5a254575d8d5276d1176b53b38dad6600b46d6732441698e8e14668699d8ac43
NCT00557661,COMPLETED,0,2007-11-12,2007,development,HTT-P1-AACT-20260905,2026-09-05,20260905_export_ctgov.zip,ctgov.studies.overall_status,COMPLETED=0;TERMINATED|WITHDRAWN=1,ctgov.studies.study_first_submitted_date,step2_reconciliation/HeartTrialTwin_step2_cohort_reconciliation.csv,5a254575d8d5276d1176b53b38dad6600b46d6732441698e8e14668699d8ac43
NCT00559338,COMPLETED,0,2007-11-14,2007,development,HTT-P1-AACT-20260905,2026-09-05,20260905_export_ctgov.zip,ctgov.studies.overall_status,COMPLETED=0;TERMINATED|WITHDRAWN=1,ctgov.studies.study_first_submitted_date,step2_reconciliation/HeartTrialTwin_step2_cohort_reconciliation.csv,5a254575d8d5276d1176b53b38dad6600b46d6732441698e8e14668699d8ac43
NCT00559650,TERMINATED,1,2007-11-15,2007,development,HTT-P1-AACT-20260905,2026-09-05,20260905_export_ctgov.zip,ctgov.studies.overall_status,COMPLETED=0;TERMINATED|WITHDRAWN=1,ctgov.studies.study_first_submitted_date,step2_reconciliation/HeartTrialTwin_step2_cohort_reconciliation.csv,5a254575d8d5276d1176b53b38dad6600b46d6732441698e8e14668699d8ac43
NCT00562692,TERMINATED,1,2007-11-21,2007,development,HTT-P1-AACT-20260905,2026-09-05,20260905_export_ctgov.zip,ctgov.studies.overall_status,COMPLETED=0;TERMINATED|WITHDRAWN=1,ctgov.studies.study_first_submitted_date,step2_reconciliation/HeartTrialTwin_step2_cohort_reconciliation.csv,5a254575d8d5276d1176b53b38dad6600b46d6732441698e8e14668699d8ac43
NCT00562952,COMPLETED,0,2007-11-23,2007,development,HTT-P1-AACT-20260905,2026-09-05,20260905_export_ctgov.zip,ctgov.studies.overall_status,COMPLETED=0;TERMINATED|WITHDRAWN=1,ctgov.studies.study_first_submitted_date,step2_reconciliation/HeartTrialTwin_step2_cohort_reconciliation.csv,5a254575d8d5276d1176b53b38dad6600b46d6732441698e8e14668699d8ac43
NCT00563693,COMPLETED,0,2007-11-23,2007,development,HTT-P1-AACT-20260905,2026-09-05,20260905_export_ctgov.zip,ctgov.studies.overall_status,COMPLETED=0;TERMINATED|WITHDRAWN=1,ctgov.studies.study_first_submitted_date,step2_reconciliation/HeartTrialTwin_step2_cohort_reconciliation.csv,5a254575d8d5276d1176b53b38dad6600b46d6732441698e8e14668699d8ac43
NCT00565565,COMPLETED,0,2007-10-31,2007,development,HTT-P1-AACT-20260905,2026-09-05,20260905_export_ctgov.zip,ctgov.studies.overall_status,COMPLETED=0;TERMINATED|WITHDRAWN=1,ctgov.studies.study_first_submitted_date,step2_reconciliation/HeartTrialTwin_step2_cohort_reconciliation.csv,5a254575d8d5276d1176b53b38dad6600b46d6732441698e8e14668699d8ac43
NCT00568165,COMPLETED,0,2007-12-04,2007,development,HTT-P1-AACT-20260905,2026-09-05,20260905_export_ctgov.zip,ctgov.studies.overall_status,COMPLETED=0;TERMINATED|WITHDRAWN=1,ctgov.studies.study_first_submitted_date,step2_reconciliation/HeartTrialTwin_step2_cohort_reconciliation.csv,5a254575d8d5276d1176b53b38dad6600b46d6732441698e8e14668699d8ac43
NCT00568230,COMPLETED,0,2007-11-30,2007,development,HTT-P1-AACT-20260905,2026-09-05,20260905_export_ctgov.zip,ctgov.studies.overall_status,COMPLETED=0;TERMINATED|WITHDRAWN=1,ctgov.studies.study_first_submitted_date,step2_reconciliation/HeartTrialTwin_step2_cohort_reconciliation.csv,5a254575d8d5276d1176b53b38dad6600b46d6732441698e8e14668699d8ac43
NCT00571610,COMPLETED,0,2007-11-30,2007,development,HTT-P1-AACT-20260905,2026-09-05,20260905_export_ctgov.zip,ctgov.studies.overall_status,COMPLETED=0;TERMINATED|WITHDRAWN=1,ctgov.studies.study_first_submitted_date,step2_reconciliation/HeartTrialTwin_step2_cohort_reconciliation.csv,5a254575d8d5276d1176b53b38dad6600b46d6732441698e8e14668699d8ac43
NCT00572091,COMPLETED,0,2007-12-10,2007,development,HTT-P1-AACT-20260905,2026-09-05,20260905_export_ctgov.zip,ctgov.studies.overall_status,COMPLETED=0;TERMINATED|WITHDRAWN=1,ctgov.studies.study_first_submitted_date,step2_reconciliation/HeartTrialTwin_step2_cohort_reconciliation.csv,5a254575d8d5276d1176b53b38dad6600b46d6732441698e8e14668699d8ac43
NCT00573560,COMPLETED,0,2007-12-12,2007,development,HTT-P1-AACT-20260905,2026-09-05,20260905_export_ctgov.zip,ctgov.studies.overall_status,COMPLETED=0;TERMINATED|WITHDRAWN=1,ctgov.studies.study_first_submitted_date,step2_reconciliation/HeartTrialTwin_step2_cohort_reconciliation.csv,5a254575d8d5276d1176b53b38dad6600b46d6732441698e8e14668699d8ac43
NCT00574119,COMPLETED,0,2007-12-13,2007,development,HTT-P1-AACT-20260905,2026-09-05,20260905_export_ctgov.zip,ctgov.studies.overall_status,COMPLETED=0;TERMINATED|WITHDRAWN=1,ctgov.studies.study_first_submitted_date,step2_reconciliation/HeartTrialTwin_step2_cohort_reconciliation.csv,5a254575d8d5276d1176b53b38dad6600b46d6732441698e8e14668699d8ac43
NCT00574756,TERMINATED,1,2007-12-14,2007,development,HTT-P1-AACT-20260905,2026-09-05,20260905_export_ctgov.zip,ctgov.studies.overall_status,COMPLETED=0;TERMINATED|WITHDRAWN=1,ctgov.studies.study_first_submitted_date,step2_reconciliation/HeartTrialTwin_step2_cohort_reconciliation.csv,5a254575d8d5276d1176b53b38dad6600b46d6732441698e8e14668699d8ac43
NCT00575484,TERMINATED,1,2007-12-17,2007,development,HTT-P1-AACT-20260905,2026-09-05,20260905_export_ctgov.zip,ctgov.studies.overall_status,COMPLETED=0;TERMINATED|WITHDRAWN=1,ctgov.studies.study_first_submitted_date,step2_reconciliation/HeartTrialTwin_step2_cohort_reconciliation.csv,5a254575d8d5276d1176b53b38dad6600b46d6732441698e8e14668699d8ac43
NCT00577135,COMPLETED,0,2007-12-18,2007,development,HTT-P1-AACT-20260905,2026-09-05,20260905_export_ctgov.zip,ctgov.studies.overall_status,COMPLETED=0;TERMINATED|WITHDRAWN=1,ctgov.studies.study_first_submitted_date,step2_reconciliation/HeartTrialTwin_step2_cohort_reconciliation.csv,5a254575d8d5276d1176b53b38dad6600b46d6732441698e8e14668699d8ac43
NCT00577187,WITHDRAWN,1,2007-12-18,2007,development,HTT-P1-AACT-20260905,2026-09-05,20260905_export_ctgov.zip,ctgov.studies.overall_status,COMPLETED=0;TERMINATED|WITHDRAWN=1,ctgov.studies.study_first_submitted_date,step2_reconciliation/HeartTrialTwin_step2_cohort_reconciliation.csv,5a254575d8d5276d1176b53b38dad6600b46d6732441698e8e14668699d8ac43
NCT00578695,COMPLETED,0,2007-12-19,2007,development,HTT-P1-AACT-20260905,2026-09-05,20260905_export_ctgov.zip,ctgov.studies.overall_status,COMPLETED=0;TERMINATED|WITHDRAWN=1,ctgov.studies.study_first_submitted_date,step2_reconciliation/HeartTrialTwin_step2_cohort_reconciliation.csv,5a254575d8d5276d1176b53b38dad6600b46d6732441698e8e14668699d8ac43
NCT00583661,COMPLETED,0,2007-12-20,2007,development,HTT-P1-AACT-20260905,2026-09-05,20260905_export_ctgov.zip,ctgov.studies.overall_status,COMPLETED=0;TERMINATED|WITHDRAWN=1,ctgov.studies.study_first_submitted_date,step2_reconciliation/HeartTrialTwin_step2_cohort_reconciliation.csv,5a254575d8d5276d1176b53b38dad6600b46d6732441698e8e14668699d8ac43
NCT00585091,COMPLETED,0,2007-12-26,2007,development,HTT-P1-AACT-20260905,2026-09-05,20260905_export_ctgov.zip,ctgov.studies.overall_status,COMPLETED=0;TERMINATED|WITHDRAWN=1,ctgov.studies.study_first_submitted_date,step2_reconciliation/HeartTrialTwin_step2_cohort_reconciliation.csv,5a254575d8d5276d1176b53b38dad6600b46d6732441698e8e14668699d8ac43
NCT00585104,COMPLETED,0,2007-12-21,2007,development,HTT-P1-AACT-20260905,2026-09-05,20260905_export_ctgov.zip,ctgov.studies.overall_status,COMPLETED=0;TERMINATED|WITHDRAWN=1,ctgov.studies.study_first_submitted_date,step2_reconciliation/HeartTrialTwin_step2_cohort_reconciliation.csv,5a254575d8d5276d1176b53b38dad6600b46d6732441698e8e14668699d8ac43
NCT00585546,TERMINATED,1,2007-12-26,2007,development,HTT-P1-AACT-20260905,2026-09-05,20260905_export_ctgov.zip,ctgov.studies.overall_status,COMPLETED=0;TERMINATED|WITHDRAWN=1,ctgov.studies.study_first_submitted_date,step2_reconciliation/HeartTrialTwin_step2_cohort_reconciliation.csv,5a254575d8d5276d1176b53b38dad6600b46d6732441698e8e14668699d8ac43
NCT00585611,TERMINATED,1,2007-12-26,2007,development,HTT-P1-AACT-20260905,2026-09-05,20260905_export_ctgov.zip,ctgov.studies.overall_status,COMPLETED=0;TERMINATED|WITHDRAWN=1,ctgov.studies.study_first_submitted_date,step2_reconciliation/HeartTrialTwin_step2_cohort_reconciliation.csv,5a254575d8d5276d1176b53b38dad6600b46d6732441698e8e14668699d8ac43
NCT00588692,COMPLETED,0,2007-12-21,2007,development,HTT-P1-AACT-20260905,2026-09-05,20260905_export_ctgov.zip,ctgov.studies.overall_status,COMPLETED=0;TERMINATED|WITHDRAWN=1,ctgov.studies.study_first_submitted_date,step2_reconciliation/HeartTrialTwin_step2_cohort_reconciliation.csv,5a254575d8d5276d1176b53b38dad6600b46d6732441698e8e14668699d8ac43
NCT00589303,TERMINATED,1,2007-12-21,2007,development,HTT-P1-AACT-20260905,2026-09-05,20260905_export_ctgov.zip,ctgov.studies.overall_status,COMPLETED=0;TERMINATED|WITHDRAWN=1,ctgov.studies.study_first_submitted_date,step2_reconciliation/HeartTrialTwin_step2_cohort_reconciliation.csv,5a254575d8d5276d1176b53b38dad6600b46d6732441698e8e14668699d8ac43
NCT00591760,COMPLETED,0,2007-12-20,2007,development,HTT-P1-AACT-20260905,2026-09-05,20260905_export_ctgov.zip,ctgov.studies.overall_status,COMPLETED=0;TERMINATED|WITHDRAWN=1,ctgov.studies.study_first_submitted_date,step2_reconciliation/HeartTrialTwin_step2_cohort_reconciliation.csv,5a254575d8d5276d1176b53b38dad6600b46d6732441698e8e14668699d8ac43
NCT00591799,COMPLETED,0,2007-12-26,2007,development,HTT-P1-AACT-20260905,2026-09-05,20260905_export_ctgov.zip,ctgov.studies.overall_status,COMPLETED=0;TERMINATED|WITHDRAWN=1,ctgov.studies.study_first_submitted_date,step2_reconciliation/HeartTrialTwin_step2_cohort_reconciliation.csv,5a254575d8d5276d1176b53b38dad6600b46d6732441698e8e14668699d8ac43
NCT00597077,COMPLETED,0,2008-01-08,2008,development,HTT-P1-AACT-20260905,2026-09-05,20260905_export_ctgov.zip,ctgov.studies.overall_status,COMPLETED=0;TERMINATED|WITHDRAWN=1,ctgov.studies.study_first_submitted_date,step2_reconciliation/HeartTrialTwin_step2_cohort_reconciliation.csv,5a254575d8d5276d1176b53b38dad6600b46d6732441698e8e14668699d8ac43
NCT00599976,COMPLETED,0,2008-01-02,2008,development,HTT-P1-AACT-20260905,2026-09-05,20260905_export_ctgov.zip,ctgov.studies.overall_status,COMPLETED=0;TERMINATED|WITHDRAWN=1,ctgov.studies.study_first_submitted_date,step2_reconciliation/HeartTrialTwin_step2_cohort_reconciliation.csv,5a254575d8d5276d1176b53b38dad6600b46d6732441698e8e14668699d8ac43
NCT00602485,COMPLETED,0,2008-01-15,2008,development,HTT-P1-AACT-20260905,2026-09-05,20260905_export_ctgov.zip,ctgov.studies.overall_status,COMPLETED=0;TERMINATED|WITHDRAWN=1,ctgov.studies.study_first_submitted_date,step2_reconciliation/HeartTrialTwin_step2_cohort_reconciliation.csv,5a254575d8d5276d1176b53b38dad6600b46d6732441698e8e14668699d8ac43
NCT00604006,COMPLETED,0,2008-01-16,2008,development,HTT-P1-AACT-20260905,2026-09-05,20260905_export_ctgov.zip,ctgov.studies.overall_status,COMPLETED=0;TERMINATED|WITHDRAWN=1,ctgov.studies.study_first_submitted_date,step2_reconciliation/HeartTrialTwin_step2_cohort_reconciliation.csv,5a254575d8d5276d1176b53b38dad6600b46d6732441698e8e14668699d8ac43
NCT00604331,COMPLETED,0,2008-01-17,2008,development,HTT-P1-AACT-20260905,2026-09-05,20260905_export_ctgov.zip,ctgov.studies.overall_status,COMPLETED=0;TERMINATED|WITHDRAWN=1,ctgov.studies.study_first_submitted_date,step2_reconciliation/HeartTrialTwin_step2_cohort_reconciliation.csv,5a254575d8d5276d1176b53b38dad6600b46d6732441698e8e14668699d8ac43
NCT00604903,COMPLETED,0,2008-01-04,2008,development,HTT-P1-AACT-20260905,2026-09-05,20260905_export_ctgov.zip,ctgov.studies.overall_status,COMPLETED=0;TERMINATED|WITHDRAWN=1,ctgov.studies.study_first_submitted_date,step2_reconciliation/HeartTrialTwin_step2_cohort_reconciliation.csv,5a254575d8d5276d1176b53b38dad6600b46d6732441698e8e14668699d8ac43
NCT00608140,TERMINATED,1,2008-01-24,2008,development,HTT-P1-AACT-20260905,2026-09-05,20260905_export_ctgov.zip,ctgov.studies.overall_status,COMPLETED=0;TERMINATED|WITHDRAWN=1,ctgov.studies.study_first_submitted_date,step2_reconciliation/HeartTrialTwin_step2_cohort_reconciliation.csv,5a254575d8d5276d1176b53b38dad6600b46d6732441698e8e14668699d8ac43
NCT00608491,COMPLETED,0,2008-01-25,2008,development,HTT-P1-AACT-20260905,2026-09-05,20260905_export_ctgov.zip,ctgov.studies.overall_status,COMPLETED=0;TERMINATED|WITHDRAWN=1,ctgov.studies.study_first_submitted_date,step2_reconciliation/HeartTrialTwin_step2_cohort_reconciliation.csv,5a254575d8d5276d1176b53b38dad6600b46d6732441698e8e14668699d8ac43
NCT00610116,COMPLETED,0,2008-01-24,2008,development,HTT-P1-AACT-20260905,2026-09-05,20260905_export_ctgov.zip,ctgov.studies.overall_status,COMPLETED=0;TERMINATED|WITHDRAWN=1,ctgov.studies.study_first_submitted_date,step2_reconciliation/HeartTrialTwin_step2_cohort_reconciliation.csv,5a254575d8d5276d1176b53b38dad6600b46d6732441698e8e14668699d8ac43
NCT00611260,COMPLETED,0,2008-01-25,2008,development,HTT-P1-AACT-20260905,2026-09-05,20260905_export_ctgov.zip,ctgov.studies.overall_status,COMPLETED=0;TERMINATED|WITHDRAWN=1,ctgov.studies.study_first_submitted_date,step2_reconciliation/HeartTrialTwin_step2_cohort_reconciliation.csv,5a254575d8d5276d1176b53b38dad6600b46d6732441698e8e14668699d8ac43
NCT00613964,TERMINATED,1,2008-01-31,2008,development,HTT-P1-AACT-20260905,2026-09-05,20260905_export_ctgov.zip,ctgov.studies.overall_status,COMPLETED=0;TERMINATED|WITHDRAWN=1,ctgov.studies.study_first_submitted_date,step2_reconciliation/HeartTrialTwin_step2_cohort_reconciliation.csv,5a254575d8d5276d1176b53b38dad6600b46d6732441698e8e14668699d8ac43
NCT00616161,COMPLETED,0,2008-02-05,2008,development,HTT-P1-AACT-20260905,2026-09-05,20260905_export_ctgov.zip,ctgov.studies.overall_status,COMPLETED=0;TERMINATED|WITHDRAWN=1,ctgov.studies.study_first_submitted_date,step2_reconciliation/HeartTrialTwin_step2_cohort_reconciliation.csv,5a254575d8d5276d1176b53b38dad6600b46d6732441698e8e14668699d8ac43
NCT00619593,COMPLETED,0,2008-02-11,2008,development,HTT-P1-AACT-20260905,2026-09-05,20260905_export_ctgov.zip,ctgov.studies.overall_status,COMPLETED=0;TERMINATED|WITHDRAWN=1,ctgov.studies.study_first_submitted_date,step2_reconciliation/HeartTrialTwin_step2_cohort_reconciliation.csv,5a254575d8d5276d1176b53b38dad6600b46d6732441698e8e14668699d8ac43
NCT00620048,TERMINATED,1,2008-02-07,2008,development,HTT-P1-AACT-20260905,2026-09-05,20260905_export_ctgov.zip,ctgov.studies.overall_status,COMPLETED=0;TERMINATED|WITHDRAWN=1,ctgov.studies.study_first_submitted_date,step2_reconciliation/HeartTrialTwin_step2_cohort_reconciliation.csv,5a254575d8d5276d1176b53b38dad6600b46d6732441698e8e14668699d8ac43
NCT00620308,COMPLETED,0,2008-02-10,2008,development,HTT-P1-AACT-20260905,2026-09-05,20260905_export_ctgov.zip,ctgov.studies.overall_status,COMPLETED=0;TERMINATED|WITHDRAWN=1,ctgov.studies.study_first_submitted_date,step2_reconciliation/HeartTrialTwin_step2_cohort_reconciliation.csv,5a254575d8d5276d1176b53b38dad6600b46d6732441698e8e14668699d8ac43
NCT00623571,COMPLETED,0,2008-02-19,2008,development,HTT-P1-AACT-20260905,2026-09-05,20260905_export_ctgov.zip,ctgov.studies.overall_status,COMPLETED=0;TERMINATED|WITHDRAWN=1,ctgov.studies.study_first_submitted_date,step2_reconciliation/HeartTrialTwin_step2_cohort_reconciliation.csv,5a254575d8d5276d1176b53b38dad6600b46d6732441698e8e14668699d8ac43
NCT00624442,COMPLETED,0,2007-12-21,2007,development,HTT-P1-AACT-20260905,2026-09-05,20260905_export_ctgov.zip,ctgov.studies.overall_status,COMPLETED=0;TERMINATED|WITHDRAWN=1,ctgov.studies.study_first_submitted_date,step2_reconciliation/HeartTrialTwin_step2_cohort_reconciliation.csv,5a254575d8d5276d1176b53b38dad6600b46d6732441698e8e14668699d8ac43
NCT00629018,COMPLETED,0,2008-02-25,2008,development,HTT-P1-AACT-20260905,2026-09-05,20260905_export_ctgov.zip,ctgov.studies.overall_status,COMPLETED=0;TERMINATED|WITHDRAWN=1,ctgov.studies.study_first_submitted_date,step2_reconciliation/HeartTrialTwin_step2_cohort_reconciliation.csv,5a254575d8d5276d1176b53b38dad6600b46d6732441698e8e14668699d8ac43
NCT00629538,COMPLETED,0,2008-02-25,2008,development,HTT-P1-AACT-20260905,2026-09-05,20260905_export_ctgov.zip,ctgov.studies.overall_status,COMPLETED=0;TERMINATED|WITHDRAWN=1,ctgov.studies.study_first_submitted_date,step2_reconciliation/HeartTrialTwin_step2_cohort_reconciliation.csv,5a254575d8d5276d1176b53b38dad6600b46d6732441698e8e14668699d8ac43
NCT00632021,COMPLETED,0,2008-03-06,2008,development,HTT-P1-AACT-20260905,2026-09-05,20260905_export_ctgov.zip,ctgov.studies.overall_status,COMPLETED=0;TERMINATED|WITHDRAWN=1,ctgov.studies.study_first_submitted_date,step2_reconciliation/HeartTrialTwin_step2_cohort_reconciliation.csv,5a254575d8d5276d1176b53b38dad6600b46d6732441698e8e14668699d8ac43
NCT00634309,COMPLETED,0,2008-03-07,2008,development,HTT-P1-AACT-20260905,2026-09-05,20260905_export_ctgov.zip,ctgov.studies.overall_status,COMPLETED=0;TERMINATED|WITHDRAWN=1,ctgov.studies.study_first_submitted_date,step2_reconciliation/HeartTrialTwin_step2_cohort_reconciliation.csv,5a254575d8d5276d1176b53b38dad6600b46d6732441698e8e14668699d8ac43
NCT00634400,COMPLETED,0,2008-03-07,2008,development,HTT-P1-AACT-20260905,2026-09-05,20260905_export_ctgov.zip,ctgov.studies.overall_status,COMPLETED=0;TERMINATED|WITHDRAWN=1,ctgov.studies.study_first_submitted_date,step2_reconciliation/HeartTrialTwin_step2_cohort_reconciliation.csv,5a254575d8d5276d1176b53b38dad6600b46d6732441698e8e14668699d8ac43
NCT00634712,COMPLETED,0,2008-03-07,2008,development,HTT-P1-AACT-20260905,2026-09-05,20260905_export_ctgov.zip,ctgov.studies.overall_status,COMPLETED=0;TERMINATED|WITHDRAWN=1,ctgov.studies.study_first_submitted_date,step2_reconciliation/HeartTrialTwin_step2_cohort_reconciliation.csv,5a254575d8d5276d1176b53b38dad6600b46d6732441698e8e14668699d8ac43
NCT00643188,COMPLETED,0,2008-02-22,2008,development,HTT-P1-AACT-20260905,2026-09-05,20260905_export_ctgov.zip,ctgov.studies.overall_status,COMPLETED=0;TERMINATED|WITHDRAWN=1,ctgov.studies.study_first_submitted_date,step2_reconciliation/HeartTrialTwin_step2_cohort_reconciliation.csv,5a254575d8d5276d1176b53b38dad6600b46d6732441698e8e14668699d8ac43
NCT00643279,COMPLETED,0,2008-02-29,2008,development,HTT-P1-AACT-20260905,2026-09-05,20260905_export_ctgov.zip,ctgov.studies.overall_status,COMPLETED=0;TERMINATED|WITHDRAWN=1,ctgov.studies.study_first_submitted_date,step2_reconciliation/HeartTrialTwin_step2_cohort_reconciliation.csv,5a254575d8d5276d1176b53b38dad6600b46d6732441698e8e14668699d8ac43
NCT00644410,COMPLETED,0,2008-03-20,2008,development,HTT-P1-AACT-20260905,2026-09-05,20260905_export_ctgov.zip,ctgov.studies.overall_status,COMPLETED=0;TERMINATED|WITHDRAWN=1,ctgov.studies.study_first_submitted_date,step2_reconciliation/HeartTrialTwin_step2_cohort_reconciliation.csv,5a254575d8d5276d1176b53b38dad6600b46d6732441698e8e14668699d8ac43
NCT00645489,COMPLETED,0,2008-03-24,2008,development,HTT-P1-AACT-20260905,2026-09-05,20260905_export_ctgov.zip,ctgov.studies.overall_status,COMPLETED=0;TERMINATED|WITHDRAWN=1,ctgov.studies.study_first_submitted_date,step2_reconciliation/HeartTrialTwin_step2_cohort_reconciliation.csv,5a254575d8d5276d1176b53b38dad6600b46d6732441698e8e14668699d8ac43
NCT00647361,COMPLETED,0,2008-03-19,2008,development,HTT-P1-AACT-20260905,2026-09-05,20260905_export_ctgov.zip,ctgov.studies.overall_status,COMPLETED=0;TERMINATED|WITHDRAWN=1,ctgov.studies.study_first_submitted_date,step2_reconciliation/HeartTrialTwin_step2_cohort_reconciliation.csv,5a254575d8d5276d1176b53b38dad6600b46d6732441698e8e14668699d8ac43
NCT00652522,COMPLETED,0,2008-03-20,2008,development,HTT-P1-AACT-20260905,2026-09-05,20260905_export_ctgov.zip,ctgov.studies.overall_status,COMPLETED=0;TERMINATED|WITHDRAWN=1,ctgov.studies.study_first_submitted_date,step2_reconciliation/HeartTrialTwin_step2_cohort_reconciliation.csv,5a254575d8d5276d1176b53b38dad6600b46d6732441698e8e14668699d8ac43
NCT00652652,COMPLETED,0,2008-04-01,2008,development,HTT-P1-AACT-20260905,2026-09-05,20260905_export_ctgov.zip,ctgov.studies.overall_status,COMPLETED=0;TERMINATED|WITHDRAWN=1,ctgov.studies.study_first_submitted_date,step2_reconciliation/HeartTrialTwin_step2_cohort_reconciliation.csv,5a254575d8d5276d1176b53b38dad6600b46d6732441698e8e14668699d8ac43
NCT00652782,COMPLETED,0,2008-04-01,2008,development,HTT-P1-AACT-20260905,2026-09-05,20260905_export_ctgov.zip,ctgov.studies.overall_status,COMPLETED=0;TERMINATED|WITHDRAWN=1,ctgov.studies.study_first_submitted_date,step2_reconciliation/HeartTrialTwin_step2_cohort_reconciliation.csv,5a254575d8d5276d1176b53b38dad6600b46d6732441698e8e14668699d8ac43
NCT00653042,COMPLETED,0,2008-04-01,2008,development,HTT-P1-AACT-20260905,2026-09-05,20260905_export_ctgov.zip,ctgov.studies.overall_status,COMPLETED=0;TERMINATED|WITHDRAWN=1,ctgov.studies.study_first_submitted_date,step2_reconciliation/HeartTrialTwin_step2_cohort_reconciliation.csv,5a254575d8d5276d1176b53b38dad6600b46d6732441698e8e14668699d8ac43
NCT00654719,COMPLETED,0,2008-04-03,2008,development,HTT-P1-AACT-20260905,2026-09-05,20260905_export_ctgov.zip,ctgov.studies.overall_status,COMPLETED=0;TERMINATED|WITHDRAWN=1,ctgov.studies.study_first_submitted_date,step2_reconciliation/HeartTrialTwin_step2_cohort_reconciliation.csv,5a254575d8d5276d1176b53b38dad6600b46d6732441698e8e14668699d8ac43
NCT00654966,COMPLETED,0,2008-04-03,2008,development,HTT-P1-AACT-20260905,2026-09-05,20260905_export_ctgov.zip,ctgov.studies.overall_status,COMPLETED=0;TERMINATED|WITHDRAWN=1,ctgov.studies.study_first_submitted_date,step2_reconciliation/HeartTrialTwin_step2_cohort_reconciliation.csv,5a254575d8d5276d1176b53b38dad6600b46d6732441698e8e14668699d8ac43
NCT00657280,COMPLETED,0,2008-04-09,2008,development,HTT-P1-AACT-20260905,2026-09-05,20260905_export_ctgov.zip,ctgov.studies.overall_status,COMPLETED=0;TERMINATED|WITHDRAWN=1,ctgov.studies.study_first_submitted_date,step2_reconciliation/HeartTrialTwin_step2_cohort_reconciliation.csv,5a254575d8d5276d1176b53b38dad6600b46d6732441698e8e14668699d8ac43
NCT00658203,COMPLETED,0,2008-03-28,2008,development,HTT-P1-AACT-20260905,2026-09-05,20260905_export_ctgov.zip,ctgov.studies.overall_status,COMPLETED=0;TERMINATED|WITHDRAWN=1,ctgov.studies.study_first_submitted_date,step2_reconciliation/HeartTrialTwin_step2_cohort_reconciliation.csv,5a254575d8d5276d1176b53b38dad6600b46d6732441698e8e14668699d8ac43
NCT00662116,TERMINATED,1,2008-04-17,2008,development,HTT-P1-AACT-20260905,2026-09-05,20260905_export_ctgov.zip,ctgov.studies.overall_status,COMPLETED=0;TERMINATED|WITHDRAWN=1,ctgov.studies.study_first_submitted_date,step2_reconciliation/HeartTrialTwin_step2_cohort_reconciliation.csv,5a254575d8d5276d1176b53b38dad6600b46d6732441698e8e14668699d8ac43
NCT00663195,COMPLETED,0,2008-04-18,2008,development,HTT-P1-AACT-20260905,2026-09-05,20260905_export_ctgov.zip,ctgov.studies.overall_status,COMPLETED=0;TERMINATED|WITHDRAWN=1,ctgov.studies.study_first_submitted_date,step2_reconciliation/HeartTrialTwin_step2_cohort_reconciliation.csv,5a254575d8d5276d1176b53b38dad6600b46d6732441698e8e14668699d8ac43
NCT00663377,COMPLETED,0,2008-04-18,2008,development,HTT-P1-AACT-20260905,2026-09-05,20260905_export_ctgov.zip,ctgov.studies.overall_status,COMPLETED=0;TERMINATED|WITHDRAWN=1,ctgov.studies.study_first_submitted_date,step2_reconciliation/HeartTrialTwin_step2_cohort_reconciliation.csv,5a254575d8d5276d1176b53b38dad6600b46d6732441698e8e14668699d8ac43
NCT00664222,COMPLETED,0,2008-04-18,2008,development,HTT-P1-AACT-20260905,2026-09-05,20260905_export_ctgov.zip,ctgov.studies.overall_status,COMPLETED=0;TERMINATED|WITHDRAWN=1,ctgov.studies.study_first_submitted_date,step2_reconciliation/HeartTrialTwin_step2_cohort_reconciliation.csv,5a254575d8d5276d1176b53b38dad6600b46d6732441698e8e14668699d8ac43
NCT00664339,COMPLETED,0,2008-04-17,2008,development,HTT-P1-AACT-20260905,2026-09-05,20260905_export_ctgov.zip,ctgov.studies.overall_status,COMPLETED=0;TERMINATED|WITHDRAWN=1,ctgov.studies.study_first_submitted_date,step2_reconciliation/HeartTrialTwin_step2_cohort_reconciliation.csv,5a254575d8d5276d1176b53b38dad6600b46d6732441698e8e14668699d8ac43
NCT00670111,TERMINATED,1,2008-04-23,2008,development,HTT-P1-AACT-20260905,2026-09-05,20260905_export_ctgov.zip,ctgov.studies.overall_status,COMPLETED=0;TERMINATED|WITHDRAWN=1,ctgov.studies.study_first_submitted_date,step2_reconciliation/HeartTrialTwin_step2_cohort_reconciliation.csv,5a254575d8d5276d1176b53b38dad6600b46d6732441698e8e14668699d8ac43
NCT00676390,COMPLETED,0,2008-05-09,2008,development,HTT-P1-AACT-20260905,2026-09-05,20260905_export_ctgov.zip,ctgov.studies.overall_status,COMPLETED=0;TERMINATED|WITHDRAWN=1,ctgov.studies.study_first_submitted_date,step2_reconciliation/HeartTrialTwin_step2_cohort_reconciliation.csv,5a254575d8d5276d1176b53b38dad6600b46d6732441698e8e14668699d8ac43
NCT00677014,COMPLETED,0,2008-05-09,2008,development,HTT-P1-AACT-20260905,2026-09-05,20260905_export_ctgov.zip,ctgov.studies.overall_status,COMPLETED=0;TERMINATED|WITHDRAWN=1,ctgov.studies.study_first_submitted_date,step2_reconciliation/HeartTrialTwin_step2_cohort_reconciliation.csv,5a254575d8d5276d1176b53b38dad6600b46d6732441698e8e14668699d8ac43
NCT00679484,TERMINATED,1,2008-05-14,2008,development,HTT-P1-AACT-20260905,2026-09-05,20260905_export_ctgov.zip,ctgov.studies.overall_status,COMPLETED=0;TERMINATED|WITHDRAWN=1,ctgov.studies.study_first_submitted_date,step2_reconciliation/HeartTrialTwin_step2_cohort_reconciliation.csv,5a254575d8d5276d1176b53b38dad6600b46d6732441698e8e14668699d8ac43
NCT00679549,COMPLETED,0,2008-05-15,2008,development,HTT-P1-AACT-20260905,2026-09-05,20260905_export_ctgov.zip,ctgov.studies.overall_status,COMPLETED=0;TERMINATED|WITHDRAWN=1,ctgov.studies.study_first_submitted_date,step2_reconciliation/HeartTrialTwin_step2_cohort_reconciliation.csv,5a254575d8d5276d1176b53b38dad6600b46d6732441698e8e14668699d8ac43
NCT00680706,COMPLETED,0,2008-05-16,2008,development,HTT-P1-AACT-20260905,2026-09-05,20260905_export_ctgov.zip,ctgov.studies.overall_status,COMPLETED=0;TERMINATED|WITHDRAWN=1,ctgov.studies.study_first_submitted_date,step2_reconciliation/HeartTrialTwin_step2_cohort_reconciliation.csv,5a254575d8d5276d1176b53b38dad6600b46d6732441698e8e14668699d8ac43
NCT00682565,COMPLETED,0,2008-05-20,2008,development,HTT-P1-AACT-20260905,2026-09-05,20260905_export_ctgov.zip,ctgov.studies.overall_status,COMPLETED=0;TERMINATED|WITHDRAWN=1,ctgov.studies.study_first_submitted_date,step2_reconciliation/HeartTrialTwin_step2_cohort_reconciliation.csv,5a254575d8d5276d1176b53b38dad6600b46d6732441698e8e14668699d8ac43
NCT00683696,TERMINATED,1,2007-08-30,2007,development,HTT-P1-AACT-20260905,2026-09-05,20260905_export_ctgov.zip,ctgov.studies.overall_status,COMPLETED=0;TERMINATED|WITHDRAWN=1,ctgov.studies.study_first_submitted_date,step2_reconciliation/HeartTrialTwin_step2_cohort_reconciliation.csv,5a254575d8d5276d1176b53b38dad6600b46d6732441698e8e14668699d8ac43
NCT00687349,COMPLETED,0,2008-05-28,2008,development,HTT-P1-AACT-20260905,2026-09-05,20260905_export_ctgov.zip,ctgov.studies.overall_status,COMPLETED=0;TERMINATED|WITHDRAWN=1,ctgov.studies.study_first_submitted_date,step2_reconciliation/HeartTrialTwin_step2_cohort_reconciliation.csv,5a254575d8d5276d1176b53b38dad6600b46d6732441698e8e14668699d8ac43
NCT00690521,COMPLETED,0,2008-06-02,2008,development,HTT-P1-AACT-20260905,2026-09-05,20260905_export_ctgov.zip,ctgov.studies.overall_status,COMPLETED=0;TERMINATED|WITHDRAWN=1,ctgov.studies.study_first_submitted_date,step2_reconciliation/HeartTrialTwin_step2_cohort_reconciliation.csv,5a254575d8d5276d1176b53b38dad6600b46d6732441698e8e14668699d8ac43
NCT00691834,WITHDRAWN,1,2008-06-03,2008,development,HTT-P1-AACT-20260905,2026-09-05,20260905_export_ctgov.zip,ctgov.studies.overall_status,COMPLETED=0;TERMINATED|WITHDRAWN=1,ctgov.studies.study_first_submitted_date,step2_reconciliation/HeartTrialTwin_step2_cohort_reconciliation.csv,5a254575d8d5276d1176b53b38dad6600b46d6732441698e8e14668699d8ac43
NCT00694720,TERMINATED,1,2008-05-07,2008,development,HTT-P1-AACT-20260905,2026-09-05,20260905_export_ctgov.zip,ctgov.studies.overall_status,COMPLETED=0;TERMINATED|WITHDRAWN=1,ctgov.studies.study_first_submitted_date,step2_reconciliation/HeartTrialTwin_step2_cohort_reconciliation.csv,5a254575d8d5276d1176b53b38dad6600b46d6732441698e8e14668699d8ac43
NCT00696410,COMPLETED,0,2008-06-09,2008,development,HTT-P1-AACT-20260905,2026-09-05,20260905_export_ctgov.zip,ctgov.studies.overall_status,COMPLETED=0;TERMINATED|WITHDRAWN=1,ctgov.studies.study_first_submitted_date,step2_reconciliation/HeartTrialTwin_step2_cohort_reconciliation.csv,5a254575d8d5276d1176b53b38dad6600b46d6732441698e8e14668699d8ac43
NCT00696631,TERMINATED,1,2008-06-12,2008,development,HTT-P1-AACT-20260905,2026-09-05,20260905_export_ctgov.zip,ctgov.studies.overall_status,COMPLETED=0;TERMINATED|WITHDRAWN=1,ctgov.studies.study_first_submitted_date,step2_reconciliation/HeartTrialTwin_step2_cohort_reconciliation.csv,5a254575d8d5276d1176b53b38dad6600b46d6732441698e8e14668699d8ac43
NCT00698139,TERMINATED,1,2008-06-11,2008,development,HTT-P1-AACT-20260905,2026-09-05,20260905_export_ctgov.zip,ctgov.studies.overall_status,COMPLETED=0;TERMINATED|WITHDRAWN=1,ctgov.studies.study_first_submitted_date,step2_reconciliation/HeartTrialTwin_step2_cohort_reconciliation.csv,5a254575d8d5276d1176b53b38dad6600b46d6732441698e8e14668699d8ac43
NCT00699361,WITHDRAWN,1,2008-06-13,2008,development,HTT-P1-AACT-20260905,2026-09-05,20260905_export_ctgov.zip,ctgov.studies.overall_status,COMPLETED=0;TERMINATED|WITHDRAWN=1,ctgov.studies.study_first_submitted_date,step2_reconciliation/HeartTrialTwin_step2_cohort_reconciliation.csv,5a254575d8d5276d1176b53b38dad6600b46d6732441698e8e14668699d8ac43
NCT00699712,COMPLETED,0,2008-06-10,2008,development,HTT-P1-AACT-20260905,2026-09-05,20260905_export_ctgov.zip,ctgov.studies.overall_status,COMPLETED=0;TERMINATED|WITHDRAWN=1,ctgov.studies.study_first_submitted_date,step2_reconciliation/HeartTrialTwin_step2_cohort_reconciliation.csv,5a254575d8d5276d1176b53b38dad6600b46d6732441698e8e14668699d8ac43
NCT00700700,TERMINATED,1,2008-05-16,2008,development,HTT-P1-AACT-20260905,2026-09-05,20260905_export_ctgov.zip,ctgov.studies.overall_status,COMPLETED=0;TERMINATED|WITHDRAWN=1,ctgov.studies.study_first_submitted_date,step2_reconciliation/HeartTrialTwin_step2_cohort_reconciliation.csv,5a254575d8d5276d1176b53b38dad6600b46d6732441698e8e14668699d8ac43
NCT00701038,COMPLETED,0,2008-06-17,2008,development,HTT-P1-AACT-20260905,2026-09-05,20260905_export_ctgov.zip,ctgov.studies.overall_status,COMPLETED=0;TERMINATED|WITHDRAWN=1,ctgov.studies.study_first_submitted_date,step2_reconciliation/HeartTrialTwin_step2_cohort_reconciliation.csv,5a254575d8d5276d1176b53b38dad6600b46d6732441698e8e14668699d8ac43
NCT00701285,COMPLETED,0,2008-06-17,2008,development,HTT-P1-AACT-20260905,2026-09-05,20260905_export_ctgov.zip,ctgov.studies.overall_status,COMPLETED=0;TERMINATED|WITHDRAWN=1,ctgov.studies.study_first_submitted_date,step2_reconciliation/HeartTrialTwin_step2_cohort_reconciliation.csv,5a254575d8d5276d1176b53b38dad6600b46d6732441698e8e14668699d8ac43
NCT00702156,TERMINATED,1,2008-06-19,2008,development,HTT-P1-AACT-20260905,2026-09-05,20260905_export_ctgov.zip,ctgov.studies.overall_status,COMPLETED=0;TERMINATED|WITHDRAWN=1,ctgov.studies.study_first_submitted_date,step2_reconciliation/HeartTrialTwin_step2_cohort_reconciliation.csv,5a254575d8d5276d1176b53b38dad6600b46d6732441698e8e14668699d8ac43
NCT00709865,COMPLETED,0,2008-07-01,2008,development,HTT-P1-AACT-20260905,2026-09-05,20260905_export_ctgov.zip,ctgov.studies.overall_status,COMPLETED=0;TERMINATED|WITHDRAWN=1,ctgov.studies.study_first_submitted_date,step2_reconciliation/HeartTrialTwin_step2_cohort_reconciliation.csv,5a254575d8d5276d1176b53b38dad6600b46d6732441698e8e14668699d8ac43
NCT00710567,TERMINATED,1,2008-07-02,2008,development,HTT-P1-AACT-20260905,2026-09-05,20260905_export_ctgov.zip,ctgov.studies.overall_status,COMPLETED=0;TERMINATED|WITHDRAWN=1,ctgov.studies.study_first_submitted_date,step2_reconciliation/HeartTrialTwin_step2_cohort_reconciliation.csv,5a254575d8d5276d1176b53b38dad6600b46d6732441698e8e14668699d8ac43
NCT00711360,COMPLETED,0,2008-07-07,2008,development,HTT-P1-AACT-20260905,2026-09-05,20260905_export_ctgov.zip,ctgov.studies.overall_status,COMPLETED=0;TERMINATED|WITHDRAWN=1,ctgov.studies.study_first_submitted_date,step2_reconciliation/HeartTrialTwin_step2_cohort_reconciliation.csv,5a254575d8d5276d1176b53b38dad6600b46d6732441698e8e14668699d8ac43
NCT00718939,COMPLETED,0,2008-07-17,2008,development,HTT-P1-AACT-20260905,2026-09-05,20260905_export_ctgov.zip,ctgov.studies.overall_status,COMPLETED=0;TERMINATED|WITHDRAWN=1,ctgov.studies.study_first_submitted_date,step2_reconciliation/HeartTrialTwin_step2_cohort_reconciliation.csv,5a254575d8d5276d1176b53b38dad6600b46d6732441698e8e14668699d8ac43
NCT00721045,COMPLETED,0,2008-07-21,2008,development,HTT-P1-AACT-20260905,2026-09-05,20260905_export_ctgov.zip,ctgov.studies.overall_status,COMPLETED=0;TERMINATED|WITHDRAWN=1,ctgov.studies.study_first_submitted_date,step2_reconciliation/HeartTrialTwin_step2_cohort_reconciliation.csv,5a254575d8d5276d1176b53b38dad6600b46d6732441698e8e14668699d8ac43
NCT00729222,COMPLETED,0,2008-08-05,2008,development,HTT-P1-AACT-20260905,2026-09-05,20260905_export_ctgov.zip,ctgov.studies.overall_status,COMPLETED=0;TERMINATED|WITHDRAWN=1,ctgov.studies.study_first_submitted_date,step2_reconciliation/HeartTrialTwin_step2_cohort_reconciliation.csv,5a254575d8d5276d1176b53b38dad6600b46d6732441698e8e14668699d8ac43
NCT00729911,COMPLETED,0,2008-08-06,2008,development,HTT-P1-AACT-20260905,2026-09-05,20260905_export_ctgov.zip,ctgov.studies.overall_status,COMPLETED=0;TERMINATED|WITHDRAWN=1,ctgov.studies.study_first_submitted_date,step2_reconciliation/HeartTrialTwin_step2_cohort_reconciliation.csv,5a254575d8d5276d1176b53b38dad6600b46d6732441698e8e14668699d8ac43
NCT00730548,COMPLETED,0,2008-06-19,2008,development,HTT-P1-AACT-20260905,2026-09-05,20260905_export_ctgov.zip,ctgov.studies.overall_status,COMPLETED=0;TERMINATED|WITHDRAWN=1,ctgov.studies.study_first_submitted_date,step2_reconciliation/HeartTrialTwin_step2_cohort_reconciliation.csv,5a254575d8d5276d1176b53b38dad6600b46d6732441698e8e14668699d8ac43
NCT00733161,COMPLETED,0,2008-08-11,2008,development,HTT-P1-AACT-20260905,2026-09-05,20260905_export_ctgov.zip,ctgov.studies.overall_status,COMPLETED=0;TERMINATED|WITHDRAWN=1,ctgov.studies.study_first_submitted_date,step2_reconciliation/HeartTrialTwin_step2_cohort_reconciliation.csv,5a254575d8d5276d1176b53b38dad6600b46d6732441698e8e14668699d8ac43
NCT00733343,COMPLETED,0,2008-02-14,2008,development,HTT-P1-AACT-20260905,2026-09-05,20260905_export_ctgov.zip,ctgov.studies.overall_status,COMPLETED=0;TERMINATED|WITHDRAWN=1,ctgov.studies.study_first_submitted_date,step2_reconciliation/HeartTrialTwin_step2_cohort_reconciliation.csv,5a254575d8d5276d1176b53b38dad6600b46d6732441698e8e14668699d8ac43
NCT00737490,COMPLETED,0,2008-05-04,2008,development,HTT-P1-AACT-20260905,2026-09-05,20260905_export_ctgov.zip,ctgov.studies.overall_status,COMPLETED=0;TERMINATED|WITHDRAWN=1,ctgov.studies.study_first_submitted_date,step2_reconciliation/HeartTrialTwin_step2_cohort_reconciliation.csv,5a254575d8d5276d1176b53b38dad6600b46d6732441698e8e14668699d8ac43
NCT00738517,WITHDRAWN,1,2008-08-18,2008,development,HTT-P1-AACT-20260905,2026-09-05,20260905_export_ctgov.zip,ctgov.studies.overall_status,COMPLETED=0;TERMINATED|WITHDRAWN=1,ctgov.studies.study_first_submitted_date,step2_reconciliation/HeartTrialTwin_step2_cohort_reconciliation.csv,5a254575d8d5276d1176b53b38dad6600b46d6732441698e8e14668699d8ac43
NCT00739687,TERMINATED,1,2008-08-21,2008,development,HTT-P1-AACT-20260905,2026-09-05,20260905_export_ctgov.zip,ctgov.studies.overall_status,COMPLETED=0;TERMINATED|WITHDRAWN=1,ctgov.studies.study_first_submitted_date,step2_reconciliation/HeartTrialTwin_step2_cohort_reconciliation.csv,5a254575d8d5276d1176b53b38dad6600b46d6732441698e8e14668699d8ac43
NCT00742508,COMPLETED,0,2008-08-26,2008,development,HTT-P1-AACT-20260905,2026-09-05,20260905_export_ctgov.zip,ctgov.studies.overall_status,COMPLETED=0;TERMINATED|WITHDRAWN=1,ctgov.studies.study_first_submitted_date,step2_reconciliation/HeartTrialTwin_step2_cohort_reconciliation.csv,5a254575d8d5276d1176b53b38dad6600b46d6732441698e8e14668699d8ac43
NCT00743639,COMPLETED,0,2008-08-28,2008,development,HTT-P1-AACT-20260905,2026-09-05,20260905_export_ctgov.zip,ctgov.studies.overall_status,COMPLETED=0;TERMINATED|WITHDRAWN=1,ctgov.studies.study_first_submitted_date,step2_reconciliation/HeartTrialTwin_step2_cohort_reconciliation.csv,5a254575d8d5276d1176b53b38dad6600b46d6732441698e8e14668699d8ac43
NCT00744341,TERMINATED,1,2008-08-28,2008,development,HTT-P1-AACT-20260905,2026-09-05,20260905_export_ctgov.zip,ctgov.studies.overall_status,COMPLETED=0;TERMINATED|WITHDRAWN=1,ctgov.studies.study_first_submitted_date,step2_reconciliation/HeartTrialTwin_step2_cohort_reconciliation.csv,5a254575d8d5276d1176b53b38dad6600b46d6732441698e8e14668699d8ac43
NCT00745316,TERMINATED,1,2008-09-02,2008,development,HTT-P1-AACT-20260905,2026-09-05,20260905_export_ctgov.zip,ctgov.studies.overall_status,COMPLETED=0;TERMINATED|WITHDRAWN=1,ctgov.studies.study_first_submitted_date,step2_reconciliation/HeartTrialTwin_step2_cohort_reconciliation.csv,5a254575d8d5276d1176b53b38dad6600b46d6732441698e8e14668699d8ac43
NCT00746135,COMPLETED,0,2008-08-20,2008,development,HTT-P1-AACT-20260905,2026-09-05,20260905_export_ctgov.zip,ctgov.studies.overall_status,COMPLETED=0;TERMINATED|WITHDRAWN=1,ctgov.studies.study_first_submitted_date,step2_reconciliation/HeartTrialTwin_step2_cohort_reconciliation.csv,5a254575d8d5276d1176b53b38dad6600b46d6732441698e8e14668699d8ac43
NCT00746356,COMPLETED,0,2008-09-02,2008,development,HTT-P1-AACT-20260905,2026-09-05,20260905_export_ctgov.zip,ctgov.studies.overall_status,COMPLETED=0;TERMINATED|WITHDRAWN=1,ctgov.studies.study_first_submitted_date,step2_reconciliation/HeartTrialTwin_step2_cohort_reconciliation.csv,5a254575d8d5276d1176b53b38dad6600b46d6732441698e8e14668699d8ac43
NCT00746954,TERMINATED,1,2008-09-02,2008,development,HTT-P1-AACT-20260905,2026-09-05,20260905_export_ctgov.zip,ctgov.studies.overall_status,COMPLETED=0;TERMINATED|WITHDRAWN=1,ctgov.studies.study_first_submitted_date,step2_reconciliation/HeartTrialTwin_step2_cohort_reconciliation.csv,5a254575d8d5276d1176b53b38dad6600b46d6732441698e8e14668699d8ac43
NCT00747708,COMPLETED,0,2008-09-04,2008,development,HTT-P1-AACT-20260905,2026-09-05,20260905_export_ctgov.zip,ctgov.studies.overall_status,COMPLETED=0;TERMINATED|WITHDRAWN=1,ctgov.studies.study_first_submitted_date,step2_reconciliation/HeartTrialTwin_step2_cohort_reconciliation.csv,5a254575d8d5276d1176b53b38dad6600b46d6732441698e8e14668699d8ac43
NCT00748579,TERMINATED,1,2008-04-21,2008,development,HTT-P1-AACT-20260905,2026-09-05,20260905_export_ctgov.zip,ctgov.studies.overall_status,COMPLETED=0;TERMINATED|WITHDRAWN=1,ctgov.studies.study_first_submitted_date,step2_reconciliation/HeartTrialTwin_step2_cohort_reconciliation.csv,5a254575d8d5276d1176b53b38dad6600b46d6732441698e8e14668699d8ac43
NCT00751972,COMPLETED,0,2008-09-10,2008,development,HTT-P1-AACT-20260905,2026-09-05,20260905_export_ctgov.zip,ctgov.studies.overall_status,COMPLETED=0;TERMINATED|WITHDRAWN=1,ctgov.studies.study_first_submitted_date,step2_reconciliation/HeartTrialTwin_step2_cohort_reconciliation.csv,5a254575d8d5276d1176b53b38dad6600b46d6732441698e8e14668699d8ac43
NCT00752596,COMPLETED,0,2008-09-11,2008,development,HTT-P1-AACT-20260905,2026-09-05,20260905_export_ctgov.zip,ctgov.studies.overall_status,COMPLETED=0;TERMINATED|WITHDRAWN=1,ctgov.studies.study_first_submitted_date,step2_reconciliation/HeartTrialTwin_step2_cohort_reconciliation.csv,5a254575d8d5276d1176b53b38dad6600b46d6732441698e8e14668699d8ac43
NCT00756366,COMPLETED,0,2008-09-18,2008,development,HTT-P1-AACT-20260905,2026-09-05,20260905_export_ctgov.zip,ctgov.studies.overall_status,COMPLETED=0;TERMINATED|WITHDRAWN=1,ctgov.studies.study_first_submitted_date,step2_reconciliation/HeartTrialTwin_step2_cohort_reconciliation.csv,5a254575d8d5276d1176b53b38dad6600b46d6732441698e8e14668699d8ac43
NCT00757055,WITHDRAWN,1,2008-09-19,2008,development,HTT-P1-AACT-20260905,2026-09-05,20260905_export_ctgov.zip,ctgov.studies.overall_status,COMPLETED=0;TERMINATED|WITHDRAWN=1,ctgov.studies.study_first_submitted_date,step2_reconciliation/HeartTrialTwin_step2_cohort_reconciliation.csv,5a254575d8d5276d1176b53b38dad6600b46d6732441698e8e14668699d8ac43
NCT00759811,COMPLETED,0,2008-09-24,2008,development,HTT-P1-AACT-20260905,2026-09-05,20260905_export_ctgov.zip,ctgov.studies.overall_status,COMPLETED=0;TERMINATED|WITHDRAWN=1,ctgov.studies.study_first_submitted_date,step2_reconciliation/HeartTrialTwin_step2_cohort_reconciliation.csv,5a254575d8d5276d1176b53b38dad6600b46d6732441698e8e14668699d8ac43
NCT00763698,COMPLETED,0,2008-09-29,2008,development,HTT-P1-AACT-20260905,2026-09-05,20260905_export_ctgov.zip,ctgov.studies.overall_status,COMPLETED=0;TERMINATED|WITHDRAWN=1,ctgov.studies.study_first_submitted_date,step2_reconciliation/HeartTrialTwin_step2_cohort_reconciliation.csv,5a254575d8d5276d1176b53b38dad6600b46d6732441698e8e14668699d8ac43
NCT00763867,COMPLETED,0,2008-09-30,2008,development,HTT-P1-AACT-20260905,2026-09-05,20260905_export_ctgov.zip,ctgov.studies.overall_status,COMPLETED=0;TERMINATED|WITHDRAWN=1,ctgov.studies.study_first_submitted_date,step2_reconciliation/HeartTrialTwin_step2_cohort_reconciliation.csv,5a254575d8d5276d1176b53b38dad6600b46d6732441698e8e14668699d8ac43
NCT00764075,COMPLETED,0,2008-09-26,2008,development,HTT-P1-AACT-20260905,2026-09-05,20260905_export_ctgov.zip,ctgov.studies.overall_status,COMPLETED=0;TERMINATED|WITHDRAWN=1,ctgov.studies.study_first_submitted_date,step2_reconciliation/HeartTrialTwin_step2_cohort_reconciliation.csv,5a254575d8d5276d1176b53b38dad6600b46d6732441698e8e14668699d8ac43
NCT00766857,COMPLETED,0,2008-10-03,2008,development,HTT-P1-AACT-20260905,2026-09-05,20260905_export_ctgov.zip,ctgov.studies.overall_status,COMPLETED=0;TERMINATED|WITHDRAWN=1,ctgov.studies.study_first_submitted_date,step2_reconciliation/HeartTrialTwin_step2_cohort_reconciliation.csv,5a254575d8d5276d1176b53b38dad6600b46d6732441698e8e14668699d8ac43
NCT00769210,COMPLETED,0,2007-12-22,2007,development,HTT-P1-AACT-20260905,2026-09-05,20260905_export_ctgov.zip,ctgov.studies.overall_status,COMPLETED=0;TERMINATED|WITHDRAWN=1,ctgov.studies.study_first_submitted_date,step2_reconciliation/HeartTrialTwin_step2_cohort_reconciliation.csv,5a254575d8d5276d1176b53b38dad6600b46d6732441698e8e14668699d8ac43
NCT00769457,COMPLETED,0,2008-10-08,2008,development,HTT-P1-AACT-20260905,2026-09-05,20260905_export_ctgov.zip,ctgov.studies.overall_status,COMPLETED=0;TERMINATED|WITHDRAWN=1,ctgov.studies.study_first_submitted_date,step2_reconciliation/HeartTrialTwin_step2_cohort_reconciliation.csv,5a254575d8d5276d1176b53b38dad6600b46d6732441698e8e14668699d8ac43
NCT00769678,COMPLETED,0,2008-10-03,2008,development,HTT-P1-AACT-20260905,2026-09-05,20260905_export_ctgov.zip,ctgov.studies.overall_status,COMPLETED=0;TERMINATED|WITHDRAWN=1,ctgov.studies.study_first_submitted_date,step2_reconciliation/HeartTrialTwin_step2_cohort_reconciliation.csv,5a254575d8d5276d1176b53b38dad6600b46d6732441698e8e14668699d8ac43
NCT00770107,COMPLETED,0,2008-10-03,2008,development,HTT-P1-AACT-20260905,2026-09-05,20260905_export_ctgov.zip,ctgov.studies.overall_status,COMPLETED=0;TERMINATED|WITHDRAWN=1,ctgov.studies.study_first_submitted_date,step2_reconciliation/HeartTrialTwin_step2_cohort_reconciliation.csv,5a254575d8d5276d1176b53b38dad6600b46d6732441698e8e14668699d8ac43
NCT00773084,WITHDRAWN,1,2008-10-15,2008,development,HTT-P1-AACT-20260905,2026-09-05,20260905_export_ctgov.zip,ctgov.studies.overall_status,COMPLETED=0;TERMINATED|WITHDRAWN=1,ctgov.studies.study_first_submitted_date,step2_reconciliation/HeartTrialTwin_step2_cohort_reconciliation.csv,5a254575d8d5276d1176b53b38dad6600b46d6732441698e8e14668699d8ac43
NCT00775840,COMPLETED,0,2008-10-16,2008,development,HTT-P1-AACT-20260905,2026-09-05,20260905_export_ctgov.zip,ctgov.studies.overall_status,COMPLETED=0;TERMINATED|WITHDRAWN=1,ctgov.studies.study_first_submitted_date,step2_reconciliation/HeartTrialTwin_step2_cohort_reconciliation.csv,5a254575d8d5276d1176b53b38dad6600b46d6732441698e8e14668699d8ac43
NCT00778986,COMPLETED,0,2008-10-23,2008,development,HTT-P1-AACT-20260905,2026-09-05,20260905_export_ctgov.zip,ctgov.studies.overall_status,COMPLETED=0;TERMINATED|WITHDRAWN=1,ctgov.studies.study_first_submitted_date,step2_reconciliation/HeartTrialTwin_step2_cohort_reconciliation.csv,5a254575d8d5276d1176b53b38dad6600b46d6732441698e8e14668699d8ac43
NCT00781508,COMPLETED,0,2008-10-28,2008,development,HTT-P1-AACT-20260905,2026-09-05,20260905_export_ctgov.zip,ctgov.studies.overall_status,COMPLETED=0;TERMINATED|WITHDRAWN=1,ctgov.studies.study_first_submitted_date,step2_reconciliation/HeartTrialTwin_step2_cohort_reconciliation.csv,5a254575d8d5276d1176b53b38dad6600b46d6732441698e8e14668699d8ac43
NCT00784095,COMPLETED,0,2008-10-30,2008,development,HTT-P1-AACT-20260905,2026-09-05,20260905_export_ctgov.zip,ctgov.studies.overall_status,COMPLETED=0;TERMINATED|WITHDRAWN=1,ctgov.studies.study_first_submitted_date,step2_reconciliation/HeartTrialTwin_step2_cohort_reconciliation.csv,5a254575d8d5276d1176b53b38dad6600b46d6732441698e8e14668699d8ac43
NCT00787059,COMPLETED,0,2008-11-06,2008,development,HTT-P1-AACT-20260905,2026-09-05,20260905_export_ctgov.zip,ctgov.studies.overall_status,COMPLETED=0;TERMINATED|WITHDRAWN=1,ctgov.studies.study_first_submitted_date,step2_reconciliation/HeartTrialTwin_step2_cohort_reconciliation.csv,5a254575d8d5276d1176b53b38dad6600b46d6732441698e8e14668699d8ac43
NCT00788242,COMPLETED,0,2008-11-07,2008,development,HTT-P1-AACT-20260905,2026-09-05,20260905_export_ctgov.zip,ctgov.studies.overall_status,COMPLETED=0;TERMINATED|WITHDRAWN=1,ctgov.studies.study_first_submitted_date,step2_reconciliation/HeartTrialTwin_step2_cohort_reconciliation.csv,5a254575d8d5276d1176b53b38dad6600b46d6732441698e8e14668699d8ac43
NCT00791843,COMPLETED,0,2008-11-13,2008,development,HTT-P1-AACT-20260905,2026-09-05,20260905_export_ctgov.zip,ctgov.studies.overall_status,COMPLETED=0;TERMINATED|WITHDRAWN=1,ctgov.studies.study_first_submitted_date,step2_reconciliation/HeartTrialTwin_step2_cohort_reconciliation.csv,5a254575d8d5276d1176b53b38dad6600b46d6732441698e8e14668699d8ac43
NCT00793338,WITHDRAWN,1,2008-11-17,2008,development,HTT-P1-AACT-20260905,2026-09-05,20260905_export_ctgov.zip,ctgov.studies.overall_status,COMPLETED=0;TERMINATED|WITHDRAWN=1,ctgov.studies.study_first_submitted_date,step2_reconciliation/HeartTrialTwin_step2_cohort_reconciliation.csv,5a254575d8d5276d1176b53b38dad6600b46d6732441698e8e14668699d8ac43
NCT00794027,COMPLETED,0,2008-11-11,2008,development,HTT-P1-AACT-20260905,2026-09-05,20260905_export_ctgov.zip,ctgov.studies.overall_status,COMPLETED=0;TERMINATED|WITHDRAWN=1,ctgov.studies.study_first_submitted_date,step2_reconciliation/HeartTrialTwin_step2_cohort_reconciliation.csv,5a254575d8d5276d1176b53b38dad6600b46d6732441698e8e14668699d8ac43
NCT00794183,TERMINATED,1,2008-11-18,2008,development,HTT-P1-AACT-20260905,2026-09-05,20260905_export_ctgov.zip,ctgov.studies.overall_status,COMPLETED=0;TERMINATED|WITHDRAWN=1,ctgov.studies.study_first_submitted_date,step2_reconciliation/HeartTrialTwin_step2_cohort_reconciliation.csv,5a254575d8d5276d1176b53b38dad6600b46d6732441698e8e14668699d8ac43
NCT00795912,COMPLETED,0,2008-11-19,2008,development,HTT-P1-AACT-20260905,2026-09-05,20260905_export_ctgov.zip,ctgov.studies.overall_status,COMPLETED=0;TERMINATED|WITHDRAWN=1,ctgov.studies.study_first_submitted_date,step2_reconciliation/HeartTrialTwin_step2_cohort_reconciliation.csv,5a254575d8d5276d1176b53b38dad6600b46d6732441698e8e14668699d8ac43
NCT00798174,COMPLETED,0,2008-11-24,2008,development,HTT-P1-AACT-20260905,2026-09-05,20260905_export_ctgov.zip,ctgov.studies.overall_status,COMPLETED=0;TERMINATED|WITHDRAWN=1,ctgov.studies.study_first_submitted_date,step2_reconciliation/HeartTrialTwin_step2_cohort_reconciliation.csv,5a254575d8d5276d1176b53b38dad6600b46d6732441698e8e14668699d8ac43
NCT00799435,TERMINATED,1,2008-11-26,2008,development,HTT-P1-AACT-20260905,2026-09-05,20260905_export_ctgov.zip,ctgov.studies.overall_status,COMPLETED=0;TERMINATED|WITHDRAWN=1,ctgov.studies.study_first_submitted_date,step2_reconciliation/HeartTrialTwin_step2_cohort_reconciliation.csv,5a254575d8d5276d1176b53b38dad6600b46d6732441698e8e14668699d8ac43
NCT00802230,COMPLETED,0,2008-12-02,2008,development,HTT-P1-AACT-20260905,2026-09-05,20260905_export_ctgov.zip,ctgov.studies.overall_status,COMPLETED=0;TERMINATED|WITHDRAWN=1,ctgov.studies.study_first_submitted_date,step2_reconciliation/HeartTrialTwin_step2_cohort_reconciliation.csv,5a254575d8d5276d1176b53b38dad6600b46d6732441698e8e14668699d8ac43
NCT00803634,COMPLETED,0,2008-12-03,2008,development,HTT-P1-AACT-20260905,2026-09-05,20260905_export_ctgov.zip,ctgov.studies.overall_status,COMPLETED=0;TERMINATED|WITHDRAWN=1,ctgov.studies.study_first_submitted_date,step2_reconciliation/HeartTrialTwin_step2_cohort_reconciliation.csv,5a254575d8d5276d1176b53b38dad6600b46d6732441698e8e14668699d8ac43
NCT00804349,COMPLETED,0,2008-12-05,2008,development,HTT-P1-AACT-20260905,2026-09-05,20260905_export_ctgov.zip,ctgov.studies.overall_status,COMPLETED=0;TERMINATED|WITHDRAWN=1,ctgov.studies.study_first_submitted_date,step2_reconciliation/HeartTrialTwin_step2_cohort_reconciliation.csv,5a254575d8d5276d1176b53b38dad6600b46d6732441698e8e14668699d8ac43
NCT00806910,WITHDRAWN,1,2008-12-10,2008,development,HTT-P1-AACT-20260905,2026-09-05,20260905_export_ctgov.zip,ctgov.studies.overall_status,COMPLETED=0;TERMINATED|WITHDRAWN=1,ctgov.studies.study_first_submitted_date,step2_reconciliation/HeartTrialTwin_step2_cohort_reconciliation.csv,5a254575d8d5276d1176b53b38dad6600b46d6732441698e8e14668699d8ac43
NCT00810238,COMPLETED,0,2008-12-17,2008,development,HTT-P1-AACT-20260905,2026-09-05,20260905_export_ctgov.zip,ctgov.studies.overall_status,COMPLETED=0;TERMINATED|WITHDRAWN=1,ctgov.studies.study_first_submitted_date,step2_reconciliation/HeartTrialTwin_step2_cohort_reconciliation.csv,5a254575d8d5276d1176b53b38dad6600b46d6732441698e8e14668699d8ac43
NCT00810550,COMPLETED,0,2008-12-17,2008,development,HTT-P1-AACT-20260905,2026-09-05,20260905_export_ctgov.zip,ctgov.studies.overall_status,COMPLETED=0;TERMINATED|WITHDRAWN=1,ctgov.studies.study_first_submitted_date,step2_reconciliation/HeartTrialTwin_step2_cohort_reconciliation.csv,5a254575d8d5276d1176b53b38dad6600b46d6732441698e8e14668699d8ac43
NCT00811382,TERMINATED,1,2008-12-18,2008,development,HTT-P1-AACT-20260905,2026-09-05,20260905_export_ctgov.zip,ctgov.studies.overall_status,COMPLETED=0;TERMINATED|WITHDRAWN=1,ctgov.studies.study_first_submitted_date,step2_reconciliation/HeartTrialTwin_step2_cohort_reconciliation.csv,5a254575d8d5276d1176b53b38dad6600b46d6732441698e8e14668699d8ac43
NCT00811486,WITHDRAWN,1,2008-12-18,2008,development,HTT-P1-AACT-20260905,2026-09-05,20260905_export_ctgov.zip,ctgov.studies.overall_status,COMPLETED=0;TERMINATED|WITHDRAWN=1,ctgov.studies.study_first_submitted_date,step2_reconciliation/HeartTrialTwin_step2_cohort_reconciliation.csv,5a254575d8d5276d1176b53b38dad6600b46d6732441698e8e14668699d8ac43
NCT00812253,COMPLETED,0,2008-12-19,2008,development,HTT-P1-AACT-20260905,2026-09-05,20260905_export_ctgov.zip,ctgov.studies.overall_status,COMPLETED=0;TERMINATED|WITHDRAWN=1,ctgov.studies.study_first_submitted_date,step2_reconciliation/HeartTrialTwin_step2_cohort_reconciliation.csv,5a254575d8d5276d1176b53b38dad6600b46d6732441698e8e14668699d8ac43
NCT00812487,COMPLETED,0,2008-12-19,2008,development,HTT-P1-AACT-20260905,2026-09-05,20260905_export_ctgov.zip,ctgov.studies.overall_status,COMPLETED=0;TERMINATED|WITHDRAWN=1,ctgov.studies.study_first_submitted_date,step2_reconciliation/HeartTrialTwin_step2_cohort_reconciliation.csv,5a254575d8d5276d1176b53b38dad6600b46d6732441698e8e14668699d8ac43
NCT00813202,COMPLETED,0,2008-12-18,2008,development,HTT-P1-AACT-20260905,2026-09-05,20260905_export_ctgov.zip,ctgov.studies.overall_status,COMPLETED=0;TERMINATED|WITHDRAWN=1,ctgov.studies.study_first_submitted_date,step2_reconciliation/HeartTrialTwin_step2_cohort_reconciliation.csv,5a254575d8d5276d1176b53b38dad6600b46d6732441698e8e14668699d8ac43
NCT00814840,COMPLETED,0,2008-12-22,2008,development,HTT-P1-AACT-20260905,2026-09-05,20260905_export_ctgov.zip,ctgov.studies.overall_status,COMPLETED=0;TERMINATED|WITHDRAWN=1,ctgov.studies.study_first_submitted_date,step2_reconciliation/HeartTrialTwin_step2_cohort_reconciliation.csv,5a254575d8d5276d1176b53b38dad6600b46d6732441698e8e14668699d8ac43
NCT00815880,COMPLETED,0,2008-12-30,2008,development,HTT-P1-AACT-20260905,2026-09-05,20260905_export_ctgov.zip,ctgov.studies.overall_status,COMPLETED=0;TERMINATED|WITHDRAWN=1,ctgov.studies.study_first_submitted_date,step2_reconciliation/HeartTrialTwin_step2_cohort_reconciliation.csv,5a254575d8d5276d1176b53b38dad6600b46d6732441698e8e14668699d8ac43
NCT00818701,TERMINATED,1,2009-01-06,2009,development,HTT-P1-AACT-20260905,2026-09-05,20260905_export_ctgov.zip,ctgov.studies.overall_status,COMPLETED=0;TERMINATED|WITHDRAWN=1,ctgov.studies.study_first_submitted_date,step2_reconciliation/HeartTrialTwin_step2_cohort_reconciliation.csv,5a254575d8d5276d1176b53b38dad6600b46d6732441698e8e14668699d8ac43
NCT00819117,COMPLETED,0,2009-01-07,2009,development,HTT-P1-AACT-20260905,2026-09-05,20260905_export_ctgov.zip,ctgov.studies.overall_status,COMPLETED=0;TERMINATED|WITHDRAWN=1,ctgov.studies.study_first_submitted_date,step2_reconciliation/HeartTrialTwin_step2_cohort_reconciliation.csv,5a254575d8d5276d1176b53b38dad6600b46d6732441698e8e14668699d8ac43
NCT00819793,COMPLETED,0,2009-01-08,2009,development,HTT-P1-AACT-20260905,2026-09-05,20260905_export_ctgov.zip,ctgov.studies.overall_status,COMPLETED=0;TERMINATED|WITHDRAWN=1,ctgov.studies.study_first_submitted_date,step2_reconciliation/HeartTrialTwin_step2_cohort_reconciliation.csv,5a254575d8d5276d1176b53b38dad6600b46d6732441698e8e14668699d8ac43
NCT00820352,COMPLETED,0,2009-01-08,2009,development,HTT-P1-AACT-20260905,2026-09-05,20260905_export_ctgov.zip,ctgov.studies.overall_status,COMPLETED=0;TERMINATED|WITHDRAWN=1,ctgov.studies.study_first_submitted_date,step2_reconciliation/HeartTrialTwin_step2_cohort_reconciliation.csv,5a254575d8d5276d1176b53b38dad6600b46d6732441698e8e14668699d8ac43
NCT00821717,TERMINATED,1,2009-01-07,2009,development,HTT-P1-AACT-20260905,2026-09-05,20260905_export_ctgov.zip,ctgov.studies.overall_status,COMPLETED=0;TERMINATED|WITHDRAWN=1,ctgov.studies.study_first_submitted_date,step2_reconciliation/HeartTrialTwin_step2_cohort_reconciliation.csv,5a254575d8d5276d1176b53b38dad6600b46d6732441698e8e14668699d8ac43
NCT00821938,COMPLETED,0,2009-01-13,2009,development,HTT-P1-AACT-20260905,2026-09-05,20260905_export_ctgov.zip,ctgov.studies.overall_status,COMPLETED=0;TERMINATED|WITHDRAWN=1,ctgov.studies.study_first_submitted_date,step2_reconciliation/HeartTrialTwin_step2_cohort_reconciliation.csv,5a254575d8d5276d1176b53b38dad6600b46d6732441698e8e14668699d8ac43
NCT00822146,COMPLETED,0,2009-01-13,2009,development,HTT-P1-AACT-20260905,2026-09-05,20260905_export_ctgov.zip,ctgov.studies.overall_status,COMPLETED=0;TERMINATED|WITHDRAWN=1,ctgov.studies.study_first_submitted_date,step2_reconciliation/HeartTrialTwin_step2_cohort_reconciliation.csv,5a254575d8d5276d1176b53b38dad6600b46d6732441698e8e14668699d8ac43
NCT00824005,COMPLETED,0,2009-01-15,2009,development,HTT-P1-AACT-20260905,2026-09-05,20260905_export_ctgov.zip,ctgov.studies.overall_status,COMPLETED=0;TERMINATED|WITHDRAWN=1,ctgov.studies.study_first_submitted_date,step2_reconciliation/HeartTrialTwin_step2_cohort_reconciliation.csv,5a254575d8d5276d1176b53b38dad6600b46d6732441698e8e14668699d8ac43
NCT00833352,COMPLETED,0,2009-01-30,2009,development,HTT-P1-AACT-20260905,2026-09-05,20260905_export_ctgov.zip,ctgov.studies.overall_status,COMPLETED=0;TERMINATED|WITHDRAWN=1,ctgov.studies.study_first_submitted_date,step2_reconciliation/HeartTrialTwin_step2_cohort_reconciliation.csv,5a254575d8d5276d1176b53b38dad6600b46d6732441698e8e14668699d8ac43
NCT00838253,WITHDRAWN,1,2009-02-05,2009,development,HTT-P1-AACT-20260905,2026-09-05,20260905_export_ctgov.zip,ctgov.studies.overall_status,COMPLETED=0;TERMINATED|WITHDRAWN=1,ctgov.studies.study_first_submitted_date,step2_reconciliation/HeartTrialTwin_step2_cohort_reconciliation.csv,5a254575d8d5276d1176b53b38dad6600b46d6732441698e8e14668699d8ac43
NCT00839007,COMPLETED,0,2009-02-06,2009,development,HTT-P1-AACT-20260905,2026-09-05,20260905_export_ctgov.zip,ctgov.studies.overall_status,COMPLETED=0;TERMINATED|WITHDRAWN=1,ctgov.studies.study_first_submitted_date,step2_reconciliation/HeartTrialTwin_step2_cohort_reconciliation.csv,5a254575d8d5276d1176b53b38dad6600b46d6732441698e8e14668699d8ac43
NCT00839228,COMPLETED,0,2009-02-06,2009,development,HTT-P1-AACT-20260905,2026-09-05,20260905_export_ctgov.zip,ctgov.studies.overall_status,COMPLETED=0;TERMINATED|WITHDRAWN=1,ctgov.studies.study_first_submitted_date,step2_reconciliation/HeartTrialTwin_step2_cohort_reconciliation.csv,5a254575d8d5276d1176b53b38dad6600b46d6732441698e8e14668699d8ac43
NCT00839566,TERMINATED,1,2009-01-13,2009,development,HTT-P1-AACT-20260905,2026-09-05,20260905_export_ctgov.zip,ctgov.studies.overall_status,COMPLETED=0;TERMINATED|WITHDRAWN=1,ctgov.studies.study_first_submitted_date,step2_reconciliation/HeartTrialTwin_step2_cohort_reconciliation.csv,5a254575d8d5276d1176b53b38dad6600b46d6732441698e8e14668699d8ac43
NCT00840463,TERMINATED,1,2009-02-06,2009,development,HTT-P1-AACT-20260905,2026-09-05,20260905_export_ctgov.zip,ctgov.studies.overall_status,COMPLETED=0;TERMINATED|WITHDRAWN=1,ctgov.studies.study_first_submitted_date,step2_reconciliation/HeartTrialTwin_step2_cohort_reconciliation.csv,5a254575d8d5276d1176b53b38dad6600b46d6732441698e8e14668699d8ac43
NCT00841139,COMPLETED,0,2009-02-06,2009,development,HTT-P1-AACT-20260905,2026-09-05,20260905_export_ctgov.zip,ctgov.studies.overall_status,COMPLETED=0;TERMINATED|WITHDRAWN=1,ctgov.studies.study_first_submitted_date,step2_reconciliation/HeartTrialTwin_step2_cohort_reconciliation.csv,5a254575d8d5276d1176b53b38dad6600b46d6732441698e8e14668699d8ac43
NCT00842023,COMPLETED,0,2009-02-10,2009,development,HTT-P1-AACT-20260905,2026-09-05,20260905_export_ctgov.zip,ctgov.studies.overall_status,COMPLETED=0;TERMINATED|WITHDRAWN=1,ctgov.studies.study_first_submitted_date,step2_reconciliation/HeartTrialTwin_step2_cohort_reconciliation.csv,5a254575d8d5276d1176b53b38dad6600b46d6732441698e8e14668699d8ac43
NCT00843154,TERMINATED,1,2009-02-12,2009,development,HTT-P1-AACT-20260905,2026-09-05,20260905_export_ctgov.zip,ctgov.studies.overall_status,COMPLETED=0;TERMINATED|WITHDRAWN=1,ctgov.studies.study_first_submitted_date,step2_reconciliation/HeartTrialTwin_step2_cohort_reconciliation.csv,5a254575d8d5276d1176b53b38dad6600b46d6732441698e8e14668699d8ac43
NCT00843986,TERMINATED,1,2009-02-11,2009,development,HTT-P1-AACT-20260905,2026-09-05,20260905_export_ctgov.zip,ctgov.studies.overall_status,COMPLETED=0;TERMINATED|WITHDRAWN=1,ctgov.studies.study_first_submitted_date,step2_reconciliation/HeartTrialTwin_step2_cohort_reconciliation.csv,5a254575d8d5276d1176b53b38dad6600b46d6732441698e8e14668699d8ac43
NCT00845286,COMPLETED,0,2008-09-19,2008,development,HTT-P1-AACT-20260905,2026-09-05,20260905_export_ctgov.zip,ctgov.studies.overall_status,COMPLETED=0;TERMINATED|WITHDRAWN=1,ctgov.studies.study_first_submitted_date,step2_reconciliation/HeartTrialTwin_step2_cohort_reconciliation.csv,5a254575d8d5276d1176b53b38dad6600b46d6732441698e8e14668699d8ac43
NCT00846001,COMPLETED,0,2009-02-16,2009,development,HTT-P1-AACT-20260905,2026-09-05,20260905_export_ctgov.zip,ctgov.studies.overall_status,COMPLETED=0;TERMINATED|WITHDRAWN=1,ctgov.studies.study_first_submitted_date,step2_reconciliation/HeartTrialTwin_step2_cohort_reconciliation.csv,5a254575d8d5276d1176b53b38dad6600b46d6732441698e8e14668699d8ac43
NCT00847132,COMPLETED,0,2009-02-17,2009,development,HTT-P1-AACT-20260905,2026-09-05,20260905_export_ctgov.zip,ctgov.studies.overall_status,COMPLETED=0;TERMINATED|WITHDRAWN=1,ctgov.studies.study_first_submitted_date,step2_reconciliation/HeartTrialTwin_step2_cohort_reconciliation.csv,5a254575d8d5276d1176b53b38dad6600b46d6732441698e8e14668699d8ac43
NCT00847288,COMPLETED,0,2009-02-13,2009,development,HTT-P1-AACT-20260905,2026-09-05,20260905_export_ctgov.zip,ctgov.studies.overall_status,COMPLETED=0;TERMINATED|WITHDRAWN=1,ctgov.studies.study_first_submitted_date,step2_reconciliation/HeartTrialTwin_step2_cohort_reconciliation.csv,5a254575d8d5276d1176b53b38dad6600b46d6732441698e8e14668699d8ac43
NCT00848562,COMPLETED,0,2009-02-19,2009,development,HTT-P1-AACT-20260905,2026-09-05,20260905_export_ctgov.zip,ctgov.studies.overall_status,COMPLETED=0;TERMINATED|WITHDRAWN=1,ctgov.studies.study_first_submitted_date,step2_reconciliation/HeartTrialTwin_step2_cohort_reconciliation.csv,5a254575d8d5276d1176b53b38dad6600b46d6732441698e8e14668699d8ac43
NCT00852020,COMPLETED,0,2009-02-13,2009,development,HTT-P1-AACT-20260905,2026-09-05,20260905_export_ctgov.zip,ctgov.studies.overall_status,COMPLETED=0;TERMINATED|WITHDRAWN=1,ctgov.studies.study_first_submitted_date,step2_reconciliation/HeartTrialTwin_step2_cohort_reconciliation.csv,5a254575d8d5276d1176b53b38dad6600b46d6732441698e8e14668699d8ac43
NCT00853593,COMPLETED,0,2009-02-26,2009,development,HTT-P1-AACT-20260905,2026-09-05,20260905_export_ctgov.zip,ctgov.studies.overall_status,COMPLETED=0;TERMINATED|WITHDRAWN=1,ctgov.studies.study_first_submitted_date,step2_reconciliation/HeartTrialTwin_step2_cohort_reconciliation.csv,5a254575d8d5276d1176b53b38dad6600b46d6732441698e8e14668699d8ac43
NCT00853632,COMPLETED,0,2009-02-26,2009,development,HTT-P1-AACT-20260905,2026-09-05,20260905_export_ctgov.zip,ctgov.studies.overall_status,COMPLETED=0;TERMINATED|WITHDRAWN=1,ctgov.studies.study_first_submitted_date,step2_reconciliation/HeartTrialTwin_step2_cohort_reconciliation.csv,5a254575d8d5276d1176b53b38dad6600b46d6732441698e8e14668699d8ac43
NCT00853658,COMPLETED,0,2009-02-26,2009,development,HTT-P1-AACT-20260905,2026-09-05,20260905_export_ctgov.zip,ctgov.studies.overall_status,COMPLETED=0;TERMINATED|WITHDRAWN=1,ctgov.studies.study_first_submitted_date,step2_reconciliation/HeartTrialTwin_step2_cohort_reconciliation.csv,5a254575d8d5276d1176b53b38dad6600b46d6732441698e8e14668699d8ac43
NCT00855712,COMPLETED,0,2009-03-03,2009,development,HTT-P1-AACT-20260905,2026-09-05,20260905_export_ctgov.zip,ctgov.studies.overall_status,COMPLETED=0;TERMINATED|WITHDRAWN=1,ctgov.studies.study_first_submitted_date,step2_reconciliation/HeartTrialTwin_step2_cohort_reconciliation.csv,5a254575d8d5276d1176b53b38dad6600b46d6732441698e8e14668699d8ac43
NCT00858845,COMPLETED,0,2009-03-06,2009,development,HTT-P1-AACT-20260905,2026-09-05,20260905_export_ctgov.zip,ctgov.studies.overall_status,COMPLETED=0;TERMINATED|WITHDRAWN=1,ctgov.studies.study_first_submitted_date,step2_reconciliation/HeartTrialTwin_step2_cohort_reconciliation.csv,5a254575d8d5276d1176b53b38dad6600b46d6732441698e8e14668699d8ac43
NCT00860340,COMPLETED,0,2009-03-11,2009,development,HTT-P1-AACT-20260905,2026-09-05,20260905_export_ctgov.zip,ctgov.studies.overall_status,COMPLETED=0;TERMINATED|WITHDRAWN=1,ctgov.studies.study_first_submitted_date,step2_reconciliation/HeartTrialTwin_step2_cohort_reconciliation.csv,5a254575d8d5276d1176b53b38dad6600b46d6732441698e8e14668699d8ac43
NCT00861770,COMPLETED,0,2009-03-11,2009,development,HTT-P1-AACT-20260905,2026-09-05,20260905_export_ctgov.zip,ctgov.studies.overall_status,COMPLETED=0;TERMINATED|WITHDRAWN=1,ctgov.studies.study_first_submitted_date,step2_reconciliation/HeartTrialTwin_step2_cohort_reconciliation.csv,5a254575d8d5276d1176b53b38dad6600b46d6732441698e8e14668699d8ac43
NCT00868439,COMPLETED,0,2009-03-23,2009,development,HTT-P1-AACT-20260905,2026-09-05,20260905_export_ctgov.zip,ctgov.studies.overall_status,COMPLETED=0;TERMINATED|WITHDRAWN=1,ctgov.studies.study_first_submitted_date,step2_reconciliation/HeartTrialTwin_step2_cohort_reconciliation.csv,5a254575d8d5276d1176b53b38dad6600b46d6732441698e8e14668699d8ac43
NCT00869024,COMPLETED,0,2009-03-24,2009,development,HTT-P1-AACT-20260905,2026-09-05,20260905_export_ctgov.zip,ctgov.studies.overall_status,COMPLETED=0;TERMINATED|WITHDRAWN=1,ctgov.studies.study_first_submitted_date,step2_reconciliation/HeartTrialTwin_step2_cohort_reconciliation.csv,5a254575d8d5276d1176b53b38dad6600b46d6732441698e8e14668699d8ac43
NCT00869115,WITHDRAWN,1,2009-03-24,2009,development,HTT-P1-AACT-20260905,2026-09-05,20260905_export_ctgov.zip,ctgov.studies.overall_status,COMPLETED=0;TERMINATED|WITHDRAWN=1,ctgov.studies.study_first_submitted_date,step2_reconciliation/HeartTrialTwin_step2_cohort_reconciliation.csv,5a254575d8d5276d1176b53b38dad6600b46d6732441698e8e14668699d8ac43
NCT00869869,WITHDRAWN,1,2009-03-25,2009,development,HTT-P1-AACT-20260905,2026-09-05,20260905_export_ctgov.zip,ctgov.studies.overall_status,COMPLETED=0;TERMINATED|WITHDRAWN=1,ctgov.studies.study_first_submitted_date,step2_reconciliation/HeartTrialTwin_step2_cohort_reconciliation.csv,5a254575d8d5276d1176b53b38dad6600b46d6732441698e8e14668699d8ac43
NCT00873418,COMPLETED,0,2009-03-30,2009,development,HTT-P1-AACT-20260905,2026-09-05,20260905_export_ctgov.zip,ctgov.studies.overall_status,COMPLETED=0;TERMINATED|WITHDRAWN=1,ctgov.studies.study_first_submitted_date,step2_reconciliation/HeartTrialTwin_step2_cohort_reconciliation.csv,5a254575d8d5276d1176b53b38dad6600b46d6732441698e8e14668699d8ac43
NCT00874354,COMPLETED,0,2007-12-26,2007,development,HTT-P1-AACT-20260905,2026-09-05,20260905_export_ctgov.zip,ctgov.studies.overall_status,COMPLETED=0;TERMINATED|WITHDRAWN=1,ctgov.studies.study_first_submitted_date,step2_reconciliation/HeartTrialTwin_step2_cohort_reconciliation.csv,5a254575d8d5276d1176b53b38dad6600b46d6732441698e8e14668699d8ac43
NCT00875732,COMPLETED,0,2009-03-31,2009,development,HTT-P1-AACT-20260905,2026-09-05,20260905_export_ctgov.zip,ctgov.studies.overall_status,COMPLETED=0;TERMINATED|WITHDRAWN=1,ctgov.studies.study_first_submitted_date,step2_reconciliation/HeartTrialTwin_step2_cohort_reconciliation.csv,5a254575d8d5276d1176b53b38dad6600b46d6732441698e8e14668699d8ac43
NCT00877318,TERMINATED,1,2009-04-06,2009,development,HTT-P1-AACT-20260905,2026-09-05,20260905_export_ctgov.zip,ctgov.studies.overall_status,COMPLETED=0;TERMINATED|WITHDRAWN=1,ctgov.studies.study_first_submitted_date,step2_reconciliation/HeartTrialTwin_step2_cohort_reconciliation.csv,5a254575d8d5276d1176b53b38dad6600b46d6732441698e8e14668699d8ac43
NCT00878202,TERMINATED,1,2009-04-06,2009,development,HTT-P1-AACT-20260905,2026-09-05,20260905_export_ctgov.zip,ctgov.studies.overall_status,COMPLETED=0;TERMINATED|WITHDRAWN=1,ctgov.studies.study_first_submitted_date,step2_reconciliation/HeartTrialTwin_step2_cohort_reconciliation.csv,5a254575d8d5276d1176b53b38dad6600b46d6732441698e8e14668699d8ac43
NCT00878384,COMPLETED,0,2009-04-07,2009,development,HTT-P1-AACT-20260905,2026-09-05,20260905_export_ctgov.zip,ctgov.studies.overall_status,COMPLETED=0;TERMINATED|WITHDRAWN=1,ctgov.studies.study_first_submitted_date,step2_reconciliation/HeartTrialTwin_step2_cohort_reconciliation.csv,5a254575d8d5276d1176b53b38dad6600b46d6732441698e8e14668699d8ac43
NCT00878527,COMPLETED,0,2009-04-08,2009,development,HTT-P1-AACT-20260905,2026-09-05,20260905_export_ctgov.zip,ctgov.studies.overall_status,COMPLETED=0;TERMINATED|WITHDRAWN=1,ctgov.studies.study_first_submitted_date,step2_reconciliation/HeartTrialTwin_step2_cohort_reconciliation.csv,5a254575d8d5276d1176b53b38dad6600b46d6732441698e8e14668699d8ac43
NCT00880204,COMPLETED,0,2009-04-09,2009,development,HTT-P1-AACT-20260905,2026-09-05,20260905_export_ctgov.zip,ctgov.studies.overall_status,COMPLETED=0;TERMINATED|WITHDRAWN=1,ctgov.studies.study_first_submitted_date,step2_reconciliation/HeartTrialTwin_step2_cohort_reconciliation.csv,5a254575d8d5276d1176b53b38dad6600b46d6732441698e8e14668699d8ac43
NCT00881439,TERMINATED,1,2009-04-14,2009,development,HTT-P1-AACT-20260905,2026-09-05,20260905_export_ctgov.zip,ctgov.studies.overall_status,COMPLETED=0;TERMINATED|WITHDRAWN=1,ctgov.studies.study_first_submitted_date,step2_reconciliation/HeartTrialTwin_step2_cohort_reconciliation.csv,5a254575d8d5276d1176b53b38dad6600b46d6732441698e8e14668699d8ac43
NCT00881777,TERMINATED,1,2009-04-13,2009,development,HTT-P1-AACT-20260905,2026-09-05,20260905_export_ctgov.zip,ctgov.studies.overall_status,COMPLETED=0;TERMINATED|WITHDRAWN=1,ctgov.studies.study_first_submitted_date,step2_reconciliation/HeartTrialTwin_step2_cohort_reconciliation.csv,5a254575d8d5276d1176b53b38dad6600b46d6732441698e8e14668699d8ac43
NCT00885677,TERMINATED,1,2009-04-21,2009,development,HTT-P1-AACT-20260905,2026-09-05,20260905_export_ctgov.zip,ctgov.studies.overall_status,COMPLETED=0;TERMINATED|WITHDRAWN=1,ctgov.studies.study_first_submitted_date,step2_reconciliation/HeartTrialTwin_step2_cohort_reconciliation.csv,5a254575d8d5276d1176b53b38dad6600b46d6732441698e8e14668699d8ac43
NCT00887237,COMPLETED,0,2009-04-22,2009,development,HTT-P1-AACT-20260905,2026-09-05,20260905_export_ctgov.zip,ctgov.studies.overall_status,COMPLETED=0;TERMINATED|WITHDRAWN=1,ctgov.studies.study_first_submitted_date,step2_reconciliation/HeartTrialTwin_step2_cohort_reconciliation.csv,5a254575d8d5276d1176b53b38dad6600b46d6732441698e8e14668699d8ac43
NCT00887588,COMPLETED,0,2009-04-22,2009,development,HTT-P1-AACT-20260905,2026-09-05,20260905_export_ctgov.zip,ctgov.studies.overall_status,COMPLETED=0;TERMINATED|WITHDRAWN=1,ctgov.studies.study_first_submitted_date,step2_reconciliation/HeartTrialTwin_step2_cohort_reconciliation.csv,5a254575d8d5276d1176b53b38dad6600b46d6732441698e8e14668699d8ac43
NCT00891241,COMPLETED,0,2009-04-29,2009,development,HTT-P1-AACT-20260905,2026-09-05,20260905_export_ctgov.zip,ctgov.studies.overall_status,COMPLETED=0;TERMINATED|WITHDRAWN=1,ctgov.studies.study_first_submitted_date,step2_reconciliation/HeartTrialTwin_step2_cohort_reconciliation.csv,5a254575d8d5276d1176b53b38dad6600b46d6732441698e8e14668699d8ac43
NCT00894387,COMPLETED,0,2009-05-05,2009,development,HTT-P1-AACT-20260905,2026-09-05,20260905_export_ctgov.zip,ctgov.studies.overall_status,COMPLETED=0;TERMINATED|WITHDRAWN=1,ctgov.studies.study_first_submitted_date,step2_reconciliation/HeartTrialTwin_step2_cohort_reconciliation.csv,5a254575d8d5276d1176b53b38dad6600b46d6732441698e8e14668699d8ac43
NCT00894868,COMPLETED,0,2009-05-06,2009,development,HTT-P1-AACT-20260905,2026-09-05,20260905_export_ctgov.zip,ctgov.studies.overall_status,COMPLETED=0;TERMINATED|WITHDRAWN=1,ctgov.studies.study_first_submitted_date,step2_reconciliation/HeartTrialTwin_step2_cohort_reconciliation.csv,5a254575d8d5276d1176b53b38dad6600b46d6732441698e8e14668699d8ac43
NCT00900549,TERMINATED,1,2009-05-12,2009,development,HTT-P1-AACT-20260905,2026-09-05,20260905_export_ctgov.zip,ctgov.studies.overall_status,COMPLETED=0;TERMINATED|WITHDRAWN=1,ctgov.studies.study_first_submitted_date,step2_reconciliation/HeartTrialTwin_step2_cohort_reconciliation.csv,5a254575d8d5276d1176b53b38dad6600b46d6732441698e8e14668699d8ac43
NCT00901212,COMPLETED,0,2009-05-12,2009,development,HTT-P1-AACT-20260905,2026-09-05,20260905_export_ctgov.zip,ctgov.studies.overall_status,COMPLETED=0;TERMINATED|WITHDRAWN=1,ctgov.studies.study_first_submitted_date,step2_reconciliation/HeartTrialTwin_step2_cohort_reconciliation.csv,5a254575d8d5276d1176b53b38dad6600b46d6732441698e8e14668699d8ac43
NCT00901719,COMPLETED,0,2009-05-13,2009,development,HTT-P1-AACT-20260905,2026-09-05,20260905_export_ctgov.zip,ctgov.studies.overall_status,COMPLETED=0;TERMINATED|WITHDRAWN=1,ctgov.studies.study_first_submitted_date,step2_reconciliation/HeartTrialTwin_step2_cohort_reconciliation.csv,5a254575d8d5276d1176b53b38dad6600b46d6732441698e8e14668699d8ac43
NCT00904488,TERMINATED,1,2009-05-17,2009,development,HTT-P1-AACT-20260905,2026-09-05,20260905_export_ctgov.zip,ctgov.studies.overall_status,COMPLETED=0;TERMINATED|WITHDRAWN=1,ctgov.studies.study_first_submitted_date,step2_reconciliation/HeartTrialTwin_step2_cohort_reconciliation.csv,5a254575d8d5276d1176b53b38dad6600b46d6732441698e8e14668699d8ac43
NCT00907673,COMPLETED,0,2009-05-21,2009,development,HTT-P1-AACT-20260905,2026-09-05,20260905_export_ctgov.zip,ctgov.studies.overall_status,COMPLETED=0;TERMINATED|WITHDRAWN=1,ctgov.studies.study_first_submitted_date,step2_reconciliation/HeartTrialTwin_step2_cohort_reconciliation.csv,5a254575d8d5276d1176b53b38dad6600b46d6732441698e8e14668699d8ac43
NCT00913653,COMPLETED,0,2009-06-02,2009,development,HTT-P1-AACT-20260905,2026-09-05,20260905_export_ctgov.zip,ctgov.studies.overall_status,COMPLETED=0;TERMINATED|WITHDRAWN=1,ctgov.studies.study_first_submitted_date,step2_reconciliation/HeartTrialTwin_step2_cohort_reconciliation.csv,5a254575d8d5276d1176b53b38dad6600b46d6732441698e8e14668699d8ac43
NCT00916929,COMPLETED,0,2009-06-08,2009,development,HTT-P1-AACT-20260905,2026-09-05,20260905_export_ctgov.zip,ctgov.studies.overall_status,COMPLETED=0;TERMINATED|WITHDRAWN=1,ctgov.studies.study_first_submitted_date,step2_reconciliation/HeartTrialTwin_step2_cohort_reconciliation.csv,5a254575d8d5276d1176b53b38dad6600b46d6732441698e8e14668699d8ac43
NCT00917046,COMPLETED,0,2009-06-08,2009,development,HTT-P1-AACT-20260905,2026-09-05,20260905_export_ctgov.zip,ctgov.studies.overall_status,COMPLETED=0;TERMINATED|WITHDRAWN=1,ctgov.studies.study_first_submitted_date,step2_reconciliation/HeartTrialTwin_step2_cohort_reconciliation.csv,5a254575d8d5276d1176b53b38dad6600b46d6732441698e8e14668699d8ac43
NCT00918294,COMPLETED,0,2009-02-04,2009,development,HTT-P1-AACT-20260905,2026-09-05,20260905_export_ctgov.zip,ctgov.studies.overall_status,COMPLETED=0;TERMINATED|WITHDRAWN=1,ctgov.studies.study_first_submitted_date,step2_reconciliation/HeartTrialTwin_step2_cohort_reconciliation.csv,5a254575d8d5276d1176b53b38dad6600b46d6732441698e8e14668699d8ac43
NCT00919243,COMPLETED,0,2009-06-11,2009,development,HTT-P1-AACT-20260905,2026-09-05,20260905_export_ctgov.zip,ctgov.studies.overall_status,COMPLETED=0;TERMINATED|WITHDRAWN=1,ctgov.studies.study_first_submitted_date,step2_reconciliation/HeartTrialTwin_step2_cohort_reconciliation.csv,5a254575d8d5276d1176b53b38dad6600b46d6732441698e8e14668699d8ac43
NCT00921960,COMPLETED,0,2009-06-16,2009,development,HTT-P1-AACT-20260905,2026-09-05,20260905_export_ctgov.zip,ctgov.studies.overall_status,COMPLETED=0;TERMINATED|WITHDRAWN=1,ctgov.studies.study_first_submitted_date,step2_reconciliation/HeartTrialTwin_step2_cohort_reconciliation.csv,5a254575d8d5276d1176b53b38dad6600b46d6732441698e8e14668699d8ac43
NCT00922402,WITHDRAWN,1,2009-06-16,2009,development,HTT-P1-AACT-20260905,2026-09-05,20260905_export_ctgov.zip,ctgov.studies.overall_status,COMPLETED=0;TERMINATED|WITHDRAWN=1,ctgov.studies.study_first_submitted_date,step2_reconciliation/HeartTrialTwin_step2_cohort_reconciliation.csv,5a254575d8d5276d1176b53b38dad6600b46d6732441698e8e14668699d8ac43
NCT00923156,COMPLETED,0,2009-06-17,2009,development,HTT-P1-AACT-20260905,2026-09-05,20260905_export_ctgov.zip,ctgov.studies.overall_status,COMPLETED=0;TERMINATED|WITHDRAWN=1,ctgov.studies.study_first_submitted_date,step2_reconciliation/HeartTrialTwin_step2_cohort_reconciliation.csv,5a254575d8d5276d1176b53b38dad6600b46d6732441698e8e14668699d8ac43
NCT00924833,COMPLETED,0,2009-02-19,2009,development,HTT-P1-AACT-20260905,2026-09-05,20260905_export_ctgov.zip,ctgov.studies.overall_status,COMPLETED=0;TERMINATED|WITHDRAWN=1,ctgov.studies.study_first_submitted_date,step2_reconciliation/HeartTrialTwin_step2_cohort_reconciliation.csv,5a254575d8d5276d1176b53b38dad6600b46d6732441698e8e14668699d8ac43
NCT00927251,COMPLETED,0,2009-06-23,2009,development,HTT-P1-AACT-20260905,2026-09-05,20260905_export_ctgov.zip,ctgov.studies.overall_status,COMPLETED=0;TERMINATED|WITHDRAWN=1,ctgov.studies.study_first_submitted_date,step2_reconciliation/HeartTrialTwin_step2_cohort_reconciliation.csv,5a254575d8d5276d1176b53b38dad6600b46d6732441698e8e14668699d8ac43
NCT00927784,TERMINATED,1,2009-06-23,2009,development,HTT-P1-AACT-20260905,2026-09-05,20260905_export_ctgov.zip,ctgov.studies.overall_status,COMPLETED=0;TERMINATED|WITHDRAWN=1,ctgov.studies.study_first_submitted_date,step2_reconciliation/HeartTrialTwin_step2_cohort_reconciliation.csv,5a254575d8d5276d1176b53b38dad6600b46d6732441698e8e14668699d8ac43
NCT00929474,TERMINATED,1,2009-06-25,2009,development,HTT-P1-AACT-20260905,2026-09-05,20260905_export_ctgov.zip,ctgov.studies.overall_status,COMPLETED=0;TERMINATED|WITHDRAWN=1,ctgov.studies.study_first_submitted_date,step2_reconciliation/HeartTrialTwin_step2_cohort_reconciliation.csv,5a254575d8d5276d1176b53b38dad6600b46d6732441698e8e14668699d8ac43
NCT00933218,COMPLETED,0,2009-06-29,2009,development,HTT-P1-AACT-20260905,2026-09-05,20260905_export_ctgov.zip,ctgov.studies.overall_status,COMPLETED=0;TERMINATED|WITHDRAWN=1,ctgov.studies.study_first_submitted_date,step2_reconciliation/HeartTrialTwin_step2_cohort_reconciliation.csv,5a254575d8d5276d1176b53b38dad6600b46d6732441698e8e14668699d8ac43
NCT00933621,COMPLETED,0,2009-06-30,2009,development,HTT-P1-AACT-20260905,2026-09-05,20260905_export_ctgov.zip,ctgov.studies.overall_status,COMPLETED=0;TERMINATED|WITHDRAWN=1,ctgov.studies.study_first_submitted_date,step2_reconciliation/HeartTrialTwin_step2_cohort_reconciliation.csv,5a254575d8d5276d1176b53b38dad6600b46d6732441698e8e14668699d8ac43
NCT00934609,COMPLETED,0,2009-07-07,2009,development,HTT-P1-AACT-20260905,2026-09-05,20260905_export_ctgov.zip,ctgov.studies.overall_status,COMPLETED=0;TERMINATED|WITHDRAWN=1,ctgov.studies.study_first_submitted_date,step2_reconciliation/HeartTrialTwin_step2_cohort_reconciliation.csv,5a254575d8d5276d1176b53b38dad6600b46d6732441698e8e14668699d8ac43
NCT00939146,COMPLETED,0,2009-07-10,2009,development,HTT-P1-AACT-20260905,2026-09-05,20260905_export_ctgov.zip,ctgov.studies.overall_status,COMPLETED=0;TERMINATED|WITHDRAWN=1,ctgov.studies.study_first_submitted_date,step2_reconciliation/HeartTrialTwin_step2_cohort_reconciliation.csv,5a254575d8d5276d1176b53b38dad6600b46d6732441698e8e14668699d8ac43
NCT00939640,COMPLETED,0,2009-07-14,2009,development,HTT-P1-AACT-20260905,2026-09-05,20260905_export_ctgov.zip,ctgov.studies.overall_status,COMPLETED=0;TERMINATED|WITHDRAWN=1,ctgov.studies.study_first_submitted_date,step2_reconciliation/HeartTrialTwin_step2_cohort_reconciliation.csv,5a254575d8d5276d1176b53b38dad6600b46d6732441698e8e14668699d8ac43
NCT00941681,COMPLETED,0,2009-07-15,2009,development,HTT-P1-AACT-20260905,2026-09-05,20260905_export_ctgov.zip,ctgov.studies.overall_status,COMPLETED=0;TERMINATED|WITHDRAWN=1,ctgov.studies.study_first_submitted_date,step2_reconciliation/HeartTrialTwin_step2_cohort_reconciliation.csv,5a254575d8d5276d1176b53b38dad6600b46d6732441698e8e14668699d8ac43
NCT00941850,COMPLETED,0,2009-07-16,2009,development,HTT-P1-AACT-20260905,2026-09-05,20260905_export_ctgov.zip,ctgov.studies.overall_status,COMPLETED=0;TERMINATED|WITHDRAWN=1,ctgov.studies.study_first_submitted_date,step2_reconciliation/HeartTrialTwin_step2_cohort_reconciliation.csv,5a254575d8d5276d1176b53b38dad6600b46d6732441698e8e14668699d8ac43
NCT00944125,TERMINATED,1,2009-07-17,2009,development,HTT-P1-AACT-20260905,2026-09-05,20260905_export_ctgov.zip,ctgov.studies.overall_status,COMPLETED=0;TERMINATED|WITHDRAWN=1,ctgov.studies.study_first_submitted_date,step2_reconciliation/HeartTrialTwin_step2_cohort_reconciliation.csv,5a254575d8d5276d1176b53b38dad6600b46d6732441698e8e14668699d8ac43
NCT00944229,TERMINATED,1,2009-02-12,2009,development,HTT-P1-AACT-20260905,2026-09-05,20260905_export_ctgov.zip,ctgov.studies.overall_status,COMPLETED=0;TERMINATED|WITHDRAWN=1,ctgov.studies.study_first_submitted_date,step2_reconciliation/HeartTrialTwin_step2_cohort_reconciliation.csv,5a254575d8d5276d1176b53b38dad6600b46d6732441698e8e14668699d8ac43
NCT00953303,COMPLETED,0,2009-08-03,2009,development,HTT-P1-AACT-20260905,2026-09-05,20260905_export_ctgov.zip,ctgov.studies.overall_status,COMPLETED=0;TERMINATED|WITHDRAWN=1,ctgov.studies.study_first_submitted_date,step2_reconciliation/HeartTrialTwin_step2_cohort_reconciliation.csv,5a254575d8d5276d1176b53b38dad6600b46d6732441698e8e14668699d8ac43
NCT00953810,COMPLETED,0,2009-08-05,2009,development,HTT-P1-AACT-20260905,2026-09-05,20260905_export_ctgov.zip,ctgov.studies.overall_status,COMPLETED=0;TERMINATED|WITHDRAWN=1,ctgov.studies.study_first_submitted_date,step2_reconciliation/HeartTrialTwin_step2_cohort_reconciliation.csv,5a254575d8d5276d1176b53b38dad6600b46d6732441698e8e14668699d8ac43
NCT00957034,TERMINATED,1,2009-08-10,2009,development,HTT-P1-AACT-20260905,2026-09-05,20260905_export_ctgov.zip,ctgov.studies.overall_status,COMPLETED=0;TERMINATED|WITHDRAWN=1,ctgov.studies.study_first_submitted_date,step2_reconciliation/HeartTrialTwin_step2_cohort_reconciliation.csv,5a254575d8d5276d1176b53b38dad6600b46d6732441698e8e14668699d8ac43
NCT00957073,COMPLETED,0,2009-08-10,2009,development,HTT-P1-AACT-20260905,2026-09-05,20260905_export_ctgov.zip,ctgov.studies.overall_status,COMPLETED=0;TERMINATED|WITHDRAWN=1,ctgov.studies.study_first_submitted_date,step2_reconciliation/HeartTrialTwin_step2_cohort_reconciliation.csv,5a254575d8d5276d1176b53b38dad6600b46d6732441698e8e14668699d8ac43
NCT00957541,COMPLETED,0,2009-08-10,2009,development,HTT-P1-AACT-20260905,2026-09-05,20260905_export_ctgov.zip,ctgov.studies.overall_status,COMPLETED=0;TERMINATED|WITHDRAWN=1,ctgov.studies.study_first_submitted_date,step2_reconciliation/HeartTrialTwin_step2_cohort_reconciliation.csv,5a254575d8d5276d1176b53b38dad6600b46d6732441698e8e14668699d8ac43
NCT00957814,COMPLETED,0,2009-08-11,2009,development,HTT-P1-AACT-20260905,2026-09-05,20260905_export_ctgov.zip,ctgov.studies.overall_status,COMPLETED=0;TERMINATED|WITHDRAWN=1,ctgov.studies.study_first_submitted_date,step2_reconciliation/HeartTrialTwin_step2_cohort_reconciliation.csv,5a254575d8d5276d1176b53b38dad6600b46d6732441698e8e14668699d8ac43
NCT00959075,COMPLETED,0,2009-08-13,2009,development,HTT-P1-AACT-20260905,2026-09-05,20260905_export_ctgov.zip,ctgov.studies.overall_status,COMPLETED=0;TERMINATED|WITHDRAWN=1,ctgov.studies.study_first_submitted_date,step2_reconciliation/HeartTrialTwin_step2_cohort_reconciliation.csv,5a254575d8d5276d1176b53b38dad6600b46d6732441698e8e14668699d8ac43
NCT00959660,COMPLETED,0,2009-08-14,2009,development,HTT-P1-AACT-20260905,2026-09-05,20260905_export_ctgov.zip,ctgov.studies.overall_status,COMPLETED=0;TERMINATED|WITHDRAWN=1,ctgov.studies.study_first_submitted_date,step2_reconciliation/HeartTrialTwin_step2_cohort_reconciliation.csv,5a254575d8d5276d1176b53b38dad6600b46d6732441698e8e14668699d8ac43
NCT00964938,COMPLETED,0,2009-05-25,2009,development,HTT-P1-AACT-20260905,2026-09-05,20260905_export_ctgov.zip,ctgov.studies.overall_status,COMPLETED=0;TERMINATED|WITHDRAWN=1,ctgov.studies.study_first_submitted_date,step2_reconciliation/HeartTrialTwin_step2_cohort_reconciliation.csv,5a254575d8d5276d1176b53b38dad6600b46d6732441698e8e14668699d8ac43
NCT00968383,TERMINATED,1,2009-06-30,2009,development,HTT-P1-AACT-20260905,2026-09-05,20260905_export_ctgov.zip,ctgov.studies.overall_status,COMPLETED=0;TERMINATED|WITHDRAWN=1,ctgov.studies.study_first_submitted_date,step2_reconciliation/HeartTrialTwin_step2_cohort_reconciliation.csv,5a254575d8d5276d1176b53b38dad6600b46d6732441698e8e14668699d8ac43
NCT00971386,COMPLETED,0,2009-08-05,2009,development,HTT-P1-AACT-20260905,2026-09-05,20260905_export_ctgov.zip,ctgov.studies.overall_status,COMPLETED=0;TERMINATED|WITHDRAWN=1,ctgov.studies.study_first_submitted_date,step2_reconciliation/HeartTrialTwin_step2_cohort_reconciliation.csv,5a254575d8d5276d1176b53b38dad6600b46d6732441698e8e14668699d8ac43
NCT00972569,COMPLETED,0,2009-09-03,2009,development,HTT-P1-AACT-20260905,2026-09-05,20260905_export_ctgov.zip,ctgov.studies.overall_status,COMPLETED=0;TERMINATED|WITHDRAWN=1,ctgov.studies.study_first_submitted_date,step2_reconciliation/HeartTrialTwin_step2_cohort_reconciliation.csv,5a254575d8d5276d1176b53b38dad6600b46d6732441698e8e14668699d8ac43
NCT00975494,COMPLETED,0,2009-09-03,2009,development,HTT-P1-AACT-20260905,2026-09-05,20260905_export_ctgov.zip,ctgov.studies.overall_status,COMPLETED=0;TERMINATED|WITHDRAWN=1,ctgov.studies.study_first_submitted_date,step2_reconciliation/HeartTrialTwin_step2_cohort_reconciliation.csv,5a254575d8d5276d1176b53b38dad6600b46d6732441698e8e14668699d8ac43
NCT00979225,COMPLETED,0,2009-09-15,2009,development,HTT-P1-AACT-20260905,2026-09-05,20260905_export_ctgov.zip,ctgov.studies.overall_status,COMPLETED=0;TERMINATED|WITHDRAWN=1,ctgov.studies.study_first_submitted_date,step2_reconciliation/HeartTrialTwin_step2_cohort_reconciliation.csv,5a254575d8d5276d1176b53b38dad6600b46d6732441698e8e14668699d8ac43
NCT00979264,COMPLETED,0,2009-09-15,2009,development,HTT-P1-AACT-20260905,2026-09-05,20260905_export_ctgov.zip,ctgov.studies.overall_status,COMPLETED=0;TERMINATED|WITHDRAWN=1,ctgov.studies.study_first_submitted_date,step2_reconciliation/HeartTrialTwin_step2_cohort_reconciliation.csv,5a254575d8d5276d1176b53b38dad6600b46d6732441698e8e14668699d8ac43
NCT00980057,COMPLETED,0,2009-09-16,2009,development,HTT-P1-AACT-20260905,2026-09-05,20260905_export_ctgov.zip,ctgov.studies.overall_status,COMPLETED=0;TERMINATED|WITHDRAWN=1,ctgov.studies.study_first_submitted_date,step2_reconciliation/HeartTrialTwin_step2_cohort_reconciliation.csv,5a254575d8d5276d1176b53b38dad6600b46d6732441698e8e14668699d8ac43
NCT00981006,COMPLETED,0,2009-09-19,2009,development,HTT-P1-AACT-20260905,2026-09-05,20260905_export_ctgov.zip,ctgov.studies.overall_status,COMPLETED=0;TERMINATED|WITHDRAWN=1,ctgov.studies.study_first_submitted_date,step2_reconciliation/HeartTrialTwin_step2_cohort_reconciliation.csv,5a254575d8d5276d1176b53b38dad6600b46d6732441698e8e14668699d8ac43
NCT00982033,COMPLETED,0,2009-09-18,2009,development,HTT-P1-AACT-20260905,2026-09-05,20260905_export_ctgov.zip,ctgov.studies.overall_status,COMPLETED=0;TERMINATED|WITHDRAWN=1,ctgov.studies.study_first_submitted_date,step2_reconciliation/HeartTrialTwin_step2_cohort_reconciliation.csv,5a254575d8d5276d1176b53b38dad6600b46d6732441698e8e14668699d8ac43
NCT00982397,COMPLETED,0,2009-09-22,2009,development,HTT-P1-AACT-20260905,2026-09-05,20260905_export_ctgov.zip,ctgov.studies.overall_status,COMPLETED=0;TERMINATED|WITHDRAWN=1,ctgov.studies.study_first_submitted_date,step2_reconciliation/HeartTrialTwin_step2_cohort_reconciliation.csv,5a254575d8d5276d1176b53b38dad6600b46d6732441698e8e14668699d8ac43
NCT00982423,COMPLETED,0,2009-09-18,2009,development,HTT-P1-AACT-20260905,2026-09-05,20260905_export_ctgov.zip,ctgov.studies.overall_status,COMPLETED=0;TERMINATED|WITHDRAWN=1,ctgov.studies.study_first_submitted_date,step2_reconciliation/HeartTrialTwin_step2_cohort_reconciliation.csv,5a254575d8d5276d1176b53b38dad6600b46d6732441698e8e14668699d8ac43
NCT00983190,COMPLETED,0,2009-09-22,2009,development,HTT-P1-AACT-20260905,2026-09-05,20260905_export_ctgov.zip,ctgov.studies.overall_status,COMPLETED=0;TERMINATED|WITHDRAWN=1,ctgov.studies.study_first_submitted_date,step2_reconciliation/HeartTrialTwin_step2_cohort_reconciliation.csv,5a254575d8d5276d1176b53b38dad6600b46d6732441698e8e14668699d8ac43
NCT00987415,COMPLETED,0,2009-09-30,2009,development,HTT-P1-AACT-20260905,2026-09-05,20260905_export_ctgov.zip,ctgov.studies.overall_status,COMPLETED=0;TERMINATED|WITHDRAWN=1,ctgov.studies.study_first_submitted_date,step2_reconciliation/HeartTrialTwin_step2_cohort_reconciliation.csv,5a254575d8d5276d1176b53b38dad6600b46d6732441698e8e14668699d8ac43
NCT00989456,COMPLETED,0,2009-09-30,2009,development,HTT-P1-AACT-20260905,2026-09-05,20260905_export_ctgov.zip,ctgov.studies.overall_status,COMPLETED=0;TERMINATED|WITHDRAWN=1,ctgov.studies.study_first_submitted_date,step2_reconciliation/HeartTrialTwin_step2_cohort_reconciliation.csv,5a254575d8d5276d1176b53b38dad6600b46d6732441698e8e14668699d8ac43
NCT00990665,COMPLETED,0,2009-10-06,2009,development,HTT-P1-AACT-20260905,2026-09-05,20260905_export_ctgov.zip,ctgov.studies.overall_status,COMPLETED=0;TERMINATED|WITHDRAWN=1,ctgov.studies.study_first_submitted_date,step2_reconciliation/HeartTrialTwin_step2_cohort_reconciliation.csv,5a254575d8d5276d1176b53b38dad6600b46d6732441698e8e14668699d8ac43
NCT00997542,COMPLETED,0,2009-10-16,2009,development,HTT-P1-AACT-20260905,2026-09-05,20260905_export_ctgov.zip,ctgov.studies.overall_status,COMPLETED=0;TERMINATED|WITHDRAWN=1,ctgov.studies.study_first_submitted_date,step2_reconciliation/HeartTrialTwin_step2_cohort_reconciliation.csv,5a254575d8d5276d1176b53b38dad6600b46d6732441698e8e14668699d8ac43
NCT01000246,COMPLETED,0,2009-10-22,2009,development,HTT-P1-AACT-20260905,2026-09-05,20260905_export_ctgov.zip,ctgov.studies.overall_status,COMPLETED=0;TERMINATED|WITHDRAWN=1,ctgov.studies.study_first_submitted_date,step2_reconciliation/HeartTrialTwin_step2_cohort_reconciliation.csv,5a254575d8d5276d1176b53b38dad6600b46d6732441698e8e14668699d8ac43
NCT01001312,TERMINATED,1,2009-10-22,2009,development,HTT-P1-AACT-20260905,2026-09-05,20260905_export_ctgov.zip,ctgov.studies.overall_status,COMPLETED=0;TERMINATED|WITHDRAWN=1,ctgov.studies.study_first_submitted_date,step2_reconciliation/HeartTrialTwin_step2_cohort_reconciliation.csv,5a254575d8d5276d1176b53b38dad6600b46d6732441698e8e14668699d8ac43
NCT01001793,TERMINATED,1,2009-10-24,2009,development,HTT-P1-AACT-20260905,2026-09-05,20260905_export_ctgov.zip,ctgov.studies.overall_status,COMPLETED=0;TERMINATED|WITHDRAWN=1,ctgov.studies.study_first_submitted_date,step2_reconciliation/HeartTrialTwin_step2_cohort_reconciliation.csv,5a254575d8d5276d1176b53b38dad6600b46d6732441698e8e14668699d8ac43
NCT01002456,COMPLETED,0,2009-10-23,2009,development,HTT-P1-AACT-20260905,2026-09-05,20260905_export_ctgov.zip,ctgov.studies.overall_status,COMPLETED=0;TERMINATED|WITHDRAWN=1,ctgov.studies.study_first_submitted_date,step2_reconciliation/HeartTrialTwin_step2_cohort_reconciliation.csv,5a254575d8d5276d1176b53b38dad6600b46d6732441698e8e14668699d8ac43
NCT01005303,COMPLETED,0,2009-10-29,2009,development,HTT-P1-AACT-20260905,2026-09-05,20260905_export_ctgov.zip,ctgov.studies.overall_status,COMPLETED=0;TERMINATED|WITHDRAWN=1,ctgov.studies.study_first_submitted_date,step2_reconciliation/HeartTrialTwin_step2_cohort_reconciliation.csv,5a254575d8d5276d1176b53b38dad6600b46d6732441698e8e14668699d8ac43
NCT01005602,COMPLETED,0,2009-10-30,2009,development,HTT-P1-AACT-20260905,2026-09-05,20260905_export_ctgov.zip,ctgov.studies.overall_status,COMPLETED=0;TERMINATED|WITHDRAWN=1,ctgov.studies.study_first_submitted_date,step2_reconciliation/HeartTrialTwin_step2_cohort_reconciliation.csv,5a254575d8d5276d1176b53b38dad6600b46d6732441698e8e14668699d8ac43
NCT01009151,COMPLETED,0,2009-11-05,2009,development,HTT-P1-AACT-20260905,2026-09-05,20260905_export_ctgov.zip,ctgov.studies.overall_status,COMPLETED=0;TERMINATED|WITHDRAWN=1,ctgov.studies.study_first_submitted_date,step2_reconciliation/HeartTrialTwin_step2_cohort_reconciliation.csv,5a254575d8d5276d1176b53b38dad6600b46d6732441698e8e14668699d8ac43
NCT01014000,WITHDRAWN,1,2009-11-13,2009,development,HTT-P1-AACT-20260905,2026-09-05,20260905_export_ctgov.zip,ctgov.studies.overall_status,COMPLETED=0;TERMINATED|WITHDRAWN=1,ctgov.studies.study_first_submitted_date,step2_reconciliation/HeartTrialTwin_step2_cohort_reconciliation.csv,5a254575d8d5276d1176b53b38dad6600b46d6732441698e8e14668699d8ac43
NCT01014884,TERMINATED,1,2009-11-12,2009,development,HTT-P1-AACT-20260905,2026-09-05,20260905_export_ctgov.zip,ctgov.studies.overall_status,COMPLETED=0;TERMINATED|WITHDRAWN=1,ctgov.studies.study_first_submitted_date,step2_reconciliation/HeartTrialTwin_step2_cohort_reconciliation.csv,5a254575d8d5276d1176b53b38dad6600b46d6732441698e8e14668699d8ac43
NCT01019915,COMPLETED,0,2009-11-23,2009,development,HTT-P1-AACT-20260905,2026-09-05,20260905_export_ctgov.zip,ctgov.studies.overall_status,COMPLETED=0;TERMINATED|WITHDRAWN=1,ctgov.studies.study_first_submitted_date,step2_reconciliation/HeartTrialTwin_step2_cohort_reconciliation.csv,5a254575d8d5276d1176b53b38dad6600b46d6732441698e8e14668699d8ac43
NCT01022983,WITHDRAWN,1,2009-11-24,2009,development,HTT-P1-AACT-20260905,2026-09-05,20260905_export_ctgov.zip,ctgov.studies.overall_status,COMPLETED=0;TERMINATED|WITHDRAWN=1,ctgov.studies.study_first_submitted_date,step2_reconciliation/HeartTrialTwin_step2_cohort_reconciliation.csv,5a254575d8d5276d1176b53b38dad6600b46d6732441698e8e14668699d8ac43
NCT01023438,TERMINATED,1,2009-11-30,2009,development,HTT-P1-AACT-20260905,2026-09-05,20260905_export_ctgov.zip,ctgov.studies.overall_status,COMPLETED=0;TERMINATED|WITHDRAWN=1,ctgov.studies.study_first_submitted_date,step2_reconciliation/HeartTrialTwin_step2_cohort_reconciliation.csv,5a254575d8d5276d1176b53b38dad6600b46d6732441698e8e14668699d8ac43
NCT01027299,COMPLETED,0,2009-12-04,2009,development,HTT-P1-AACT-20260905,2026-09-05,20260905_export_ctgov.zip,ctgov.studies.overall_status,COMPLETED=0;TERMINATED|WITHDRAWN=1,ctgov.studies.study_first_submitted_date,step2_reconciliation/HeartTrialTwin_step2_cohort_reconciliation.csv,5a254575d8d5276d1176b53b38dad6600b46d6732441698e8e14668699d8ac43
NCT01028170,COMPLETED,0,2009-11-27,2009,development,HTT-P1-AACT-20260905,2026-09-05,20260905_export_ctgov.zip,ctgov.studies.overall_status,COMPLETED=0;TERMINATED|WITHDRAWN=1,ctgov.studies.study_first_submitted_date,step2_reconciliation/HeartTrialTwin_step2_cohort_reconciliation.csv,5a254575d8d5276d1176b53b38dad6600b46d6732441698e8e14668699d8ac43
NCT01028625,COMPLETED,0,2009-12-04,2009,development,HTT-P1-AACT-20260905,2026-09-05,20260905_export_ctgov.zip,ctgov.studies.overall_status,COMPLETED=0;TERMINATED|WITHDRAWN=1,ctgov.studies.study_first_submitted_date,step2_reconciliation/HeartTrialTwin_step2_cohort_reconciliation.csv,5a254575d8d5276d1176b53b38dad6600b46d6732441698e8e14668699d8ac43
NCT01033617,COMPLETED,0,2009-12-14,2009,development,HTT-P1-AACT-20260905,2026-09-05,20260905_export_ctgov.zip,ctgov.studies.overall_status,COMPLETED=0;TERMINATED|WITHDRAWN=1,ctgov.studies.study_first_submitted_date,step2_reconciliation/HeartTrialTwin_step2_cohort_reconciliation.csv,5a254575d8d5276d1176b53b38dad6600b46d6732441698e8e14668699d8ac43
NCT01035255,TERMINATED,1,2009-12-16,2009,development,HTT-P1-AACT-20260905,2026-09-05,20260905_export_ctgov.zip,ctgov.studies.overall_status,COMPLETED=0;TERMINATED|WITHDRAWN=1,ctgov.studies.study_first_submitted_date,step2_reconciliation/HeartTrialTwin_step2_cohort_reconciliation.csv,5a254575d8d5276d1176b53b38dad6600b46d6732441698e8e14668699d8ac43
NCT01039324,COMPLETED,0,2009-12-23,2009,development,HTT-P1-AACT-20260905,2026-09-05,20260905_export_ctgov.zip,ctgov.studies.overall_status,COMPLETED=0;TERMINATED|WITHDRAWN=1,ctgov.studies.study_first_submitted_date,step2_reconciliation/HeartTrialTwin_step2_cohort_reconciliation.csv,5a254575d8d5276d1176b53b38dad6600b46d6732441698e8e14668699d8ac43
NCT01043146,COMPLETED,0,2010-01-05,2010,development,HTT-P1-AACT-20260905,2026-09-05,20260905_export_ctgov.zip,ctgov.studies.overall_status,COMPLETED=0;TERMINATED|WITHDRAWN=1,ctgov.studies.study_first_submitted_date,step2_reconciliation/HeartTrialTwin_step2_cohort_reconciliation.csv,5a254575d8d5276d1176b53b38dad6600b46d6732441698e8e14668699d8ac43
NCT01044290,COMPLETED,0,2010-01-05,2010,development,HTT-P1-AACT-20260905,2026-09-05,20260905_export_ctgov.zip,ctgov.studies.overall_status,COMPLETED=0;TERMINATED|WITHDRAWN=1,ctgov.studies.study_first_submitted_date,step2_reconciliation/HeartTrialTwin_step2_cohort_reconciliation.csv,5a254575d8d5276d1176b53b38dad6600b46d6732441698e8e14668699d8ac43
NCT01045291,COMPLETED,0,2010-01-08,2010,development,HTT-P1-AACT-20260905,2026-09-05,20260905_export_ctgov.zip,ctgov.studies.overall_status,COMPLETED=0;TERMINATED|WITHDRAWN=1,ctgov.studies.study_first_submitted_date,step2_reconciliation/HeartTrialTwin_step2_cohort_reconciliation.csv,5a254575d8d5276d1176b53b38dad6600b46d6732441698e8e14668699d8ac43
NCT01045343,COMPLETED,0,2010-01-08,2010,development,HTT-P1-AACT-20260905,2026-09-05,20260905_export_ctgov.zip,ctgov.studies.overall_status,COMPLETED=0;TERMINATED|WITHDRAWN=1,ctgov.studies.study_first_submitted_date,step2_reconciliation/HeartTrialTwin_step2_cohort_reconciliation.csv,5a254575d8d5276d1176b53b38dad6600b46d6732441698e8e14668699d8ac43
NCT01046838,COMPLETED,0,2010-01-11,2010,development,HTT-P1-AACT-20260905,2026-09-05,20260905_export_ctgov.zip,ctgov.studies.overall_status,COMPLETED=0;TERMINATED|WITHDRAWN=1,ctgov.studies.study_first_submitted_date,step2_reconciliation/HeartTrialTwin_step2_cohort_reconciliation.csv,5a254575d8d5276d1176b53b38dad6600b46d6732441698e8e14668699d8ac43
NCT01047631,COMPLETED,0,2010-01-12,2010,development,HTT-P1-AACT-20260905,2026-09-05,20260905_export_ctgov.zip,ctgov.studies.overall_status,COMPLETED=0;TERMINATED|WITHDRAWN=1,ctgov.studies.study_first_submitted_date,step2_reconciliation/HeartTrialTwin_step2_cohort_reconciliation.csv,5a254575d8d5276d1176b53b38dad6600b46d6732441698e8e14668699d8ac43
NCT01049542,COMPLETED,0,2010-01-12,2010,development,HTT-P1-AACT-20260905,2026-09-05,20260905_export_ctgov.zip,ctgov.studies.overall_status,COMPLETED=0;TERMINATED|WITHDRAWN=1,ctgov.studies.study_first_submitted_date,step2_reconciliation/HeartTrialTwin_step2_cohort_reconciliation.csv,5a254575d8d5276d1176b53b38dad6600b46d6732441698e8e14668699d8ac43
NCT01050361,COMPLETED,0,2010-01-13,2010,development,HTT-P1-AACT-20260905,2026-09-05,20260905_export_ctgov.zip,ctgov.studies.overall_status,COMPLETED=0;TERMINATED|WITHDRAWN=1,ctgov.studies.study_first_submitted_date,step2_reconciliation/HeartTrialTwin_step2_cohort_reconciliation.csv,5a254575d8d5276d1176b53b38dad6600b46d6732441698e8e14668699d8ac43
NCT01053091,COMPLETED,0,2010-01-20,2010,development,HTT-P1-AACT-20260905,2026-09-05,20260905_export_ctgov.zip,ctgov.studies.overall_status,COMPLETED=0;TERMINATED|WITHDRAWN=1,ctgov.studies.study_first_submitted_date,step2_reconciliation/HeartTrialTwin_step2_cohort_reconciliation.csv,5a254575d8d5276d1176b53b38dad6600b46d6732441698e8e14668699d8ac43
NCT01055210,COMPLETED,0,2010-01-22,2010,development,HTT-P1-AACT-20260905,2026-09-05,20260905_export_ctgov.zip,ctgov.studies.overall_status,COMPLETED=0;TERMINATED|WITHDRAWN=1,ctgov.studies.study_first_submitted_date,step2_reconciliation/HeartTrialTwin_step2_cohort_reconciliation.csv,5a254575d8d5276d1176b53b38dad6600b46d6732441698e8e14668699d8ac43
NCT01055912,COMPLETED,0,2010-01-22,2010,development,HTT-P1-AACT-20260905,2026-09-05,20260905_export_ctgov.zip,ctgov.studies.overall_status,COMPLETED=0;TERMINATED|WITHDRAWN=1,ctgov.studies.study_first_submitted_date,step2_reconciliation/HeartTrialTwin_step2_cohort_reconciliation.csv,5a254575d8d5276d1176b53b38dad6600b46d6732441698e8e14668699d8ac43
NCT01059175,COMPLETED,0,2010-01-26,2010,development,HTT-P1-AACT-20260905,2026-09-05,20260905_export_ctgov.zip,ctgov.studies.overall_status,COMPLETED=0;TERMINATED|WITHDRAWN=1,ctgov.studies.study_first_submitted_date,step2_reconciliation/HeartTrialTwin_step2_cohort_reconciliation.csv,5a254575d8d5276d1176b53b38dad6600b46d6732441698e8e14668699d8ac43
NCT01060293,TERMINATED,1,2010-02-01,2010,development,HTT-P1-AACT-20260905,2026-09-05,20260905_export_ctgov.zip,ctgov.studies.overall_status,COMPLETED=0;TERMINATED|WITHDRAWN=1,ctgov.studies.study_first_submitted_date,step2_reconciliation/HeartTrialTwin_step2_cohort_reconciliation.csv,5a254575d8d5276d1176b53b38dad6600b46d6732441698e8e14668699d8ac43
NCT01060449,COMPLETED,0,2010-01-29,2010,development,HTT-P1-AACT-20260905,2026-09-05,20260905_export_ctgov.zip,ctgov.studies.overall_status,COMPLETED=0;TERMINATED|WITHDRAWN=1,ctgov.studies.study_first_submitted_date,step2_reconciliation/HeartTrialTwin_step2_cohort_reconciliation.csv,5a254575d8d5276d1176b53b38dad6600b46d6732441698e8e14668699d8ac43
NCT01061580,TERMINATED,1,2009-12-16,2009,development,HTT-P1-AACT-20260905,2026-09-05,20260905_export_ctgov.zip,ctgov.studies.overall_status,COMPLETED=0;TERMINATED|WITHDRAWN=1,ctgov.studies.study_first_submitted_date,step2_reconciliation/HeartTrialTwin_step2_cohort_reconciliation.csv,5a254575d8d5276d1176b53b38dad6600b46d6732441698e8e14668699d8ac43
NCT01064037,TERMINATED,1,2010-02-04,2010,development,HTT-P1-AACT-20260905,2026-09-05,20260905_export_ctgov.zip,ctgov.studies.overall_status,COMPLETED=0;TERMINATED|WITHDRAWN=1,ctgov.studies.study_first_submitted_date,step2_reconciliation/HeartTrialTwin_step2_cohort_reconciliation.csv,5a254575d8d5276d1176b53b38dad6600b46d6732441698e8e14668699d8ac43
NCT01065077,TERMINATED,1,2010-02-08,2010,development,HTT-P1-AACT-20260905,2026-09-05,20260905_export_ctgov.zip,ctgov.studies.overall_status,COMPLETED=0;TERMINATED|WITHDRAWN=1,ctgov.studies.study_first_submitted_date,step2_reconciliation/HeartTrialTwin_step2_cohort_reconciliation.csv,5a254575d8d5276d1176b53b38dad6600b46d6732441698e8e14668699d8ac43
NCT01067859,TERMINATED,1,2010-02-11,2010,development,HTT-P1-AACT-20260905,2026-09-05,20260905_export_ctgov.zip,ctgov.studies.overall_status,COMPLETED=0;TERMINATED|WITHDRAWN=1,ctgov.studies.study_first_submitted_date,step2_reconciliation/HeartTrialTwin_step2_cohort_reconciliation.csv,5a254575d8d5276d1176b53b38dad6600b46d6732441698e8e14668699d8ac43
NCT01069510,COMPLETED,0,2010-02-16,2010,development,HTT-P1-AACT-20260905,2026-09-05,20260905_export_ctgov.zip,ctgov.studies.overall_status,COMPLETED=0;TERMINATED|WITHDRAWN=1,ctgov.studies.study_first_submitted_date,step2_reconciliation/HeartTrialTwin_step2_cohort_reconciliation.csv,5a254575d8d5276d1176b53b38dad6600b46d6732441698e8e14668699d8ac43
NCT01071772,COMPLETED,0,2010-02-16,2010,development,HTT-P1-AACT-20260905,2026-09-05,20260905_export_ctgov.zip,ctgov.studies.overall_status,COMPLETED=0;TERMINATED|WITHDRAWN=1,ctgov.studies.study_first_submitted_date,step2_reconciliation/HeartTrialTwin_step2_cohort_reconciliation.csv,5a254575d8d5276d1176b53b38dad6600b46d6732441698e8e14668699d8ac43
NCT01074099,TERMINATED,1,2010-02-01,2010,development,HTT-P1-AACT-20260905,2026-09-05,20260905_export_ctgov.zip,ctgov.studies.overall_status,COMPLETED=0;TERMINATED|WITHDRAWN=1,ctgov.studies.study_first_submitted_date,step2_reconciliation/HeartTrialTwin_step2_cohort_reconciliation.csv,5a254575d8d5276d1176b53b38dad6600b46d6732441698e8e14668699d8ac43
NCT01074307,COMPLETED,0,2010-02-22,2010,development,HTT-P1-AACT-20260905,2026-09-05,20260905_export_ctgov.zip,ctgov.studies.overall_status,COMPLETED=0;TERMINATED|WITHDRAWN=1,ctgov.studies.study_first_submitted_date,step2_reconciliation/HeartTrialTwin_step2_cohort_reconciliation.csv,5a254575d8d5276d1176b53b38dad6600b46d6732441698e8e14668699d8ac43
NCT01076465,COMPLETED,0,2010-02-25,2010,development,HTT-P1-AACT-20260905,2026-09-05,20260905_export_ctgov.zip,ctgov.studies.overall_status,COMPLETED=0;TERMINATED|WITHDRAWN=1,ctgov.studies.study_first_submitted_date,step2_reconciliation/HeartTrialTwin_step2_cohort_reconciliation.csv,5a254575d8d5276d1176b53b38dad6600b46d6732441698e8e14668699d8ac43
NCT01077167,WITHDRAWN,1,2010-02-25,2010,development,HTT-P1-AACT-20260905,2026-09-05,20260905_export_ctgov.zip,ctgov.studies.overall_status,COMPLETED=0;TERMINATED|WITHDRAWN=1,ctgov.studies.study_first_submitted_date,step2_reconciliation/HeartTrialTwin_step2_cohort_reconciliation.csv,5a254575d8d5276d1176b53b38dad6600b46d6732441698e8e14668699d8ac43
NCT01082094,COMPLETED,0,2010-03-04,2010,development,HTT-P1-AACT-20260905,2026-09-05,20260905_export_ctgov.zip,ctgov.studies.overall_status,COMPLETED=0;TERMINATED|WITHDRAWN=1,ctgov.studies.study_first_submitted_date,step2_reconciliation/HeartTrialTwin_step2_cohort_reconciliation.csv,5a254575d8d5276d1176b53b38dad6600b46d6732441698e8e14668699d8ac43
NCT01082419,COMPLETED,0,2010-03-05,2010,development,HTT-P1-AACT-20260905,2026-09-05,20260905_export_ctgov.zip,ctgov.studies.overall_status,COMPLETED=0;TERMINATED|WITHDRAWN=1,ctgov.studies.study_first_submitted_date,step2_reconciliation/HeartTrialTwin_step2_cohort_reconciliation.csv,5a254575d8d5276d1176b53b38dad6600b46d6732441698e8e14668699d8ac43
NCT01085175,WITHDRAWN,1,2010-02-12,2010,development,HTT-P1-AACT-20260905,2026-09-05,20260905_export_ctgov.zip,ctgov.studies.overall_status,COMPLETED=0;TERMINATED|WITHDRAWN=1,ctgov.studies.study_first_submitted_date,step2_reconciliation/HeartTrialTwin_step2_cohort_reconciliation.csv,5a254575d8d5276d1176b53b38dad6600b46d6732441698e8e14668699d8ac43
NCT01088854,COMPLETED,0,2009-10-16,2009,development,HTT-P1-AACT-20260905,2026-09-05,20260905_export_ctgov.zip,ctgov.studies.overall_status,COMPLETED=0;TERMINATED|WITHDRAWN=1,ctgov.studies.study_first_submitted_date,step2_reconciliation/HeartTrialTwin_step2_cohort_reconciliation.csv,5a254575d8d5276d1176b53b38dad6600b46d6732441698e8e14668699d8ac43
NCT01092130,COMPLETED,0,2010-03-12,2010,development,HTT-P1-AACT-20260905,2026-09-05,20260905_export_ctgov.zip,ctgov.studies.overall_status,COMPLETED=0;TERMINATED|WITHDRAWN=1,ctgov.studies.study_first_submitted_date,step2_reconciliation/HeartTrialTwin_step2_cohort_reconciliation.csv,5a254575d8d5276d1176b53b38dad6600b46d6732441698e8e14668699d8ac43
NCT01092325,COMPLETED,0,2010-03-23,2010,development,HTT-P1-AACT-20260905,2026-09-05,20260905_export_ctgov.zip,ctgov.studies.overall_status,COMPLETED=0;TERMINATED|WITHDRAWN=1,ctgov.studies.study_first_submitted_date,step2_reconciliation/HeartTrialTwin_step2_cohort_reconciliation.csv,5a254575d8d5276d1176b53b38dad6600b46d6732441698e8e14668699d8ac43
NCT01096043,COMPLETED,0,2010-03-22,2010,development,HTT-P1-AACT-20260905,2026-09-05,20260905_export_ctgov.zip,ctgov.studies.overall_status,COMPLETED=0;TERMINATED|WITHDRAWN=1,ctgov.studies.study_first_submitted_date,step2_reconciliation/HeartTrialTwin_step2_cohort_reconciliation.csv,5a254575d8d5276d1176b53b38dad6600b46d6732441698e8e14668699d8ac43
NCT01096693,COMPLETED,0,2010-03-30,2010,development,HTT-P1-AACT-20260905,2026-09-05,20260905_export_ctgov.zip,ctgov.studies.overall_status,COMPLETED=0;TERMINATED|WITHDRAWN=1,ctgov.studies.study_first_submitted_date,step2_reconciliation/HeartTrialTwin_step2_cohort_reconciliation.csv,5a254575d8d5276d1176b53b38dad6600b46d6732441698e8e14668699d8ac43
NCT01096706,COMPLETED,0,2010-03-30,2010,development,HTT-P1-AACT-20260905,2026-09-05,20260905_export_ctgov.zip,ctgov.studies.overall_status,COMPLETED=0;TERMINATED|WITHDRAWN=1,ctgov.studies.study_first_submitted_date,step2_reconciliation/HeartTrialTwin_step2_cohort_reconciliation.csv,5a254575d8d5276d1176b53b38dad6600b46d6732441698e8e14668699d8ac43
NCT01097785,COMPLETED,0,2010-03-26,2010,development,HTT-P1-AACT-20260905,2026-09-05,20260905_export_ctgov.zip,ctgov.studies.overall_status,COMPLETED=0;TERMINATED|WITHDRAWN=1,ctgov.studies.study_first_submitted_date,step2_reconciliation/HeartTrialTwin_step2_cohort_reconciliation.csv,5a254575d8d5276d1176b53b38dad6600b46d6732441698e8e14668699d8ac43
NCT01098916,COMPLETED,0,2010-03-10,2010,development,HTT-P1-AACT-20260905,2026-09-05,20260905_export_ctgov.zip,ctgov.studies.overall_status,COMPLETED=0;TERMINATED|WITHDRAWN=1,ctgov.studies.study_first_submitted_date,step2_reconciliation/HeartTrialTwin_step2_cohort_reconciliation.csv,5a254575d8d5276d1176b53b38dad6600b46d6732441698e8e14668699d8ac43
NCT01100918,COMPLETED,0,2010-04-08,2010,development,HTT-P1-AACT-20260905,2026-09-05,20260905_export_ctgov.zip,ctgov.studies.overall_status,COMPLETED=0;TERMINATED|WITHDRAWN=1,ctgov.studies.study_first_submitted_date,step2_reconciliation/HeartTrialTwin_step2_cohort_reconciliation.csv,5a254575d8d5276d1176b53b38dad6600b46d6732441698e8e14668699d8ac43
NCT01102140,TERMINATED,1,2010-04-12,2010,development,HTT-P1-AACT-20260905,2026-09-05,20260905_export_ctgov.zip,ctgov.studies.overall_status,COMPLETED=0;TERMINATED|WITHDRAWN=1,ctgov.studies.study_first_submitted_date,step2_reconciliation/HeartTrialTwin_step2_cohort_reconciliation.csv,5a254575d8d5276d1176b53b38dad6600b46d6732441698e8e14668699d8ac43
NCT01104558,COMPLETED,0,2010-02-24,2010,development,HTT-P1-AACT-20260905,2026-09-05,20260905_export_ctgov.zip,ctgov.studies.overall_status,COMPLETED=0;TERMINATED|WITHDRAWN=1,ctgov.studies.study_first_submitted_date,step2_reconciliation/HeartTrialTwin_step2_cohort_reconciliation.csv,5a254575d8d5276d1176b53b38dad6600b46d6732441698e8e14668699d8ac43
NCT01105572,COMPLETED,0,2010-04-15,2010,development,HTT-P1-AACT-20260905,2026-09-05,20260905_export_ctgov.zip,ctgov.studies.overall_status,COMPLETED=0;TERMINATED|WITHDRAWN=1,ctgov.studies.study_first_submitted_date,step2_reconciliation/HeartTrialTwin_step2_cohort_reconciliation.csv,5a254575d8d5276d1176b53b38dad6600b46d6732441698e8e14668699d8ac43
NCT01109641,COMPLETED,0,2010-04-21,2010,development,HTT-P1-AACT-20260905,2026-09-05,20260905_export_ctgov.zip,ctgov.studies.overall_status,COMPLETED=0;TERMINATED|WITHDRAWN=1,ctgov.studies.study_first_submitted_date,step2_reconciliation/HeartTrialTwin_step2_cohort_reconciliation.csv,5a254575d8d5276d1176b53b38dad6600b46d6732441698e8e14668699d8ac43
NCT01112579,COMPLETED,0,2010-04-16,2010,development,HTT-P1-AACT-20260905,2026-09-05,20260905_export_ctgov.zip,ctgov.studies.overall_status,COMPLETED=0;TERMINATED|WITHDRAWN=1,ctgov.studies.study_first_submitted_date,step2_reconciliation/HeartTrialTwin_step2_cohort_reconciliation.csv,5a254575d8d5276d1176b53b38dad6600b46d6732441698e8e14668699d8ac43
NCT01113840,COMPLETED,0,2010-04-29,2010,development,HTT-P1-AACT-20260905,2026-09-05,20260905_export_ctgov.zip,ctgov.studies.overall_status,COMPLETED=0;TERMINATED|WITHDRAWN=1,ctgov.studies.study_first_submitted_date,step2_reconciliation/HeartTrialTwin_step2_cohort_reconciliation.csv,5a254575d8d5276d1176b53b38dad6600b46d6732441698e8e14668699d8ac43
NCT01115504,COMPLETED,0,2010-05-03,2010,development,HTT-P1-AACT-20260905,2026-09-05,20260905_export_ctgov.zip,ctgov.studies.overall_status,COMPLETED=0;TERMINATED|WITHDRAWN=1,ctgov.studies.study_first_submitted_date,step2_reconciliation/HeartTrialTwin_step2_cohort_reconciliation.csv,5a254575d8d5276d1176b53b38dad6600b46d6732441698e8e14668699d8ac43
NCT01115855,COMPLETED,0,2010-04-30,2010,development,HTT-P1-AACT-20260905,2026-09-05,20260905_export_ctgov.zip,ctgov.studies.overall_status,COMPLETED=0;TERMINATED|WITHDRAWN=1,ctgov.studies.study_first_submitted_date,step2_reconciliation/HeartTrialTwin_step2_cohort_reconciliation.csv,5a254575d8d5276d1176b53b38dad6600b46d6732441698e8e14668699d8ac43
NCT01120210,COMPLETED,0,2010-05-06,2010,development,HTT-P1-AACT-20260905,2026-09-05,20260905_export_ctgov.zip,ctgov.studies.overall_status,COMPLETED=0;TERMINATED|WITHDRAWN=1,ctgov.studies.study_first_submitted_date,step2_reconciliation/HeartTrialTwin_step2_cohort_reconciliation.csv,5a254575d8d5276d1176b53b38dad6600b46d6732441698e8e14668699d8ac43
NCT01120548,COMPLETED,0,2010-05-06,2010,development,HTT-P1-AACT-20260905,2026-09-05,20260905_export_ctgov.zip,ctgov.studies.overall_status,COMPLETED=0;TERMINATED|WITHDRAWN=1,ctgov.studies.study_first_submitted_date,step2_reconciliation/HeartTrialTwin_step2_cohort_reconciliation.csv,5a254575d8d5276d1176b53b38dad6600b46d6732441698e8e14668699d8ac43
NCT01121107,COMPLETED,0,2010-05-05,2010,development,HTT-P1-AACT-20260905,2026-09-05,20260905_export_ctgov.zip,ctgov.studies.overall_status,COMPLETED=0;TERMINATED|WITHDRAWN=1,ctgov.studies.study_first_submitted_date,step2_reconciliation/HeartTrialTwin_step2_cohort_reconciliation.csv,5a254575d8d5276d1176b53b38dad6600b46d6732441698e8e14668699d8ac43
NCT01122316,COMPLETED,0,2010-05-12,2010,development,HTT-P1-AACT-20260905,2026-09-05,20260905_export_ctgov.zip,ctgov.studies.overall_status,COMPLETED=0;TERMINATED|WITHDRAWN=1,ctgov.studies.study_first_submitted_date,step2_reconciliation/HeartTrialTwin_step2_cohort_reconciliation.csv,5a254575d8d5276d1176b53b38dad6600b46d6732441698e8e14668699d8ac43
NCT01124227,TERMINATED,1,2010-05-12,2010,development,HTT-P1-AACT-20260905,2026-09-05,20260905_export_ctgov.zip,ctgov.studies.overall_status,COMPLETED=0;TERMINATED|WITHDRAWN=1,ctgov.studies.study_first_submitted_date,step2_reconciliation/HeartTrialTwin_step2_cohort_reconciliation.csv,5a254575d8d5276d1176b53b38dad6600b46d6732441698e8e14668699d8ac43
NCT01125436,COMPLETED,0,2010-05-17,2010,development,HTT-P1-AACT-20260905,2026-09-05,20260905_export_ctgov.zip,ctgov.studies.overall_status,COMPLETED=0;TERMINATED|WITHDRAWN=1,ctgov.studies.study_first_submitted_date,step2_reconciliation/HeartTrialTwin_step2_cohort_reconciliation.csv,5a254575d8d5276d1176b53b38dad6600b46d6732441698e8e14668699d8ac43
NCT01125514,COMPLETED,0,2010-05-17,2010,development,HTT-P1-AACT-20260905,2026-09-05,20260905_export_ctgov.zip,ctgov.studies.overall_status,COMPLETED=0;TERMINATED|WITHDRAWN=1,ctgov.studies.study_first_submitted_date,step2_reconciliation/HeartTrialTwin_step2_cohort_reconciliation.csv,5a254575d8d5276d1176b53b38dad6600b46d6732441698e8e14668699d8ac43
NCT01126944,WITHDRAWN,1,2010-05-18,2010,development,HTT-P1-AACT-20260905,2026-09-05,20260905_export_ctgov.zip,ctgov.studies.overall_status,COMPLETED=0;TERMINATED|WITHDRAWN=1,ctgov.studies.study_first_submitted_date,step2_reconciliation/HeartTrialTwin_step2_cohort_reconciliation.csv,5a254575d8d5276d1176b53b38dad6600b46d6732441698e8e14668699d8ac43
NCT01127945,COMPLETED,0,2010-05-18,2010,development,HTT-P1-AACT-20260905,2026-09-05,20260905_export_ctgov.zip,ctgov.studies.overall_status,COMPLETED=0;TERMINATED|WITHDRAWN=1,ctgov.studies.study_first_submitted_date,step2_reconciliation/HeartTrialTwin_step2_cohort_reconciliation.csv,5a254575d8d5276d1176b53b38dad6600b46d6732441698e8e14668699d8ac43
NCT01128790,COMPLETED,0,2009-12-17,2009,development,HTT-P1-AACT-20260905,2026-09-05,20260905_export_ctgov.zip,ctgov.studies.overall_status,COMPLETED=0;TERMINATED|WITHDRAWN=1,ctgov.studies.study_first_submitted_date,step2_reconciliation/HeartTrialTwin_step2_cohort_reconciliation.csv,5a254575d8d5276d1176b53b38dad6600b46d6732441698e8e14668699d8ac43
NCT01128816,TERMINATED,1,2010-04-26,2010,development,HTT-P1-AACT-20260905,2026-09-05,20260905_export_ctgov.zip,ctgov.studies.overall_status,COMPLETED=0;TERMINATED|WITHDRAWN=1,ctgov.studies.study_first_submitted_date,step2_reconciliation/HeartTrialTwin_step2_cohort_reconciliation.csv,5a254575d8d5276d1176b53b38dad6600b46d6732441698e8e14668699d8ac43
NCT01129635,COMPLETED,0,2010-05-05,2010,development,HTT-P1-AACT-20260905,2026-09-05,20260905_export_ctgov.zip,ctgov.studies.overall_status,COMPLETED=0;TERMINATED|WITHDRAWN=1,ctgov.studies.study_first_submitted_date,step2_reconciliation/HeartTrialTwin_step2_cohort_reconciliation.csv,5a254575d8d5276d1176b53b38dad6600b46d6732441698e8e14668699d8ac43
NCT01130597,COMPLETED,0,2010-05-24,2010,development,HTT-P1-AACT-20260905,2026-09-05,20260905_export_ctgov.zip,ctgov.studies.overall_status,COMPLETED=0;TERMINATED|WITHDRAWN=1,ctgov.studies.study_first_submitted_date,step2_reconciliation/HeartTrialTwin_step2_cohort_reconciliation.csv,5a254575d8d5276d1176b53b38dad6600b46d6732441698e8e14668699d8ac43
NCT01131637,TERMINATED,1,2010-05-25,2010,development,HTT-P1-AACT-20260905,2026-09-05,20260905_export_ctgov.zip,ctgov.studies.overall_status,COMPLETED=0;TERMINATED|WITHDRAWN=1,ctgov.studies.study_first_submitted_date,step2_reconciliation/HeartTrialTwin_step2_cohort_reconciliation.csv,5a254575d8d5276d1176b53b38dad6600b46d6732441698e8e14668699d8ac43
NCT01132846,COMPLETED,0,2010-05-27,2010,development,HTT-P1-AACT-20260905,2026-09-05,20260905_export_ctgov.zip,ctgov.studies.overall_status,COMPLETED=0;TERMINATED|WITHDRAWN=1,ctgov.studies.study_first_submitted_date,step2_reconciliation/HeartTrialTwin_step2_cohort_reconciliation.csv,5a254575d8d5276d1176b53b38dad6600b46d6732441698e8e14668699d8ac43
NCT01133236,COMPLETED,0,2009-11-09,2009,development,HTT-P1-AACT-20260905,2026-09-05,20260905_export_ctgov.zip,ctgov.studies.overall_status,COMPLETED=0;TERMINATED|WITHDRAWN=1,ctgov.studies.study_first_submitted_date,step2_reconciliation/HeartTrialTwin_step2_cohort_reconciliation.csv,5a254575d8d5276d1176b53b38dad6600b46d6732441698e8e14668699d8ac43
NCT01135381,COMPLETED,0,2010-06-01,2010,development,HTT-P1-AACT-20260905,2026-09-05,20260905_export_ctgov.zip,ctgov.studies.overall_status,COMPLETED=0;TERMINATED|WITHDRAWN=1,ctgov.studies.study_first_submitted_date,step2_reconciliation/HeartTrialTwin_step2_cohort_reconciliation.csv,5a254575d8d5276d1176b53b38dad6600b46d6732441698e8e14668699d8ac43
NCT01138683,COMPLETED,0,2010-06-04,2010,development,HTT-P1-AACT-20260905,2026-09-05,20260905_export_ctgov.zip,ctgov.studies.overall_status,COMPLETED=0;TERMINATED|WITHDRAWN=1,ctgov.studies.study_first_submitted_date,step2_reconciliation/HeartTrialTwin_step2_cohort_reconciliation.csv,5a254575d8d5276d1176b53b38dad6600b46d6732441698e8e14668699d8ac43
NCT01140399,TERMINATED,1,2010-06-07,2010,development,HTT-P1-AACT-20260905,2026-09-05,20260905_export_ctgov.zip,ctgov.studies.overall_status,COMPLETED=0;TERMINATED|WITHDRAWN=1,ctgov.studies.study_first_submitted_date,step2_reconciliation/HeartTrialTwin_step2_cohort_reconciliation.csv,5a254575d8d5276d1176b53b38dad6600b46d6732441698e8e14668699d8ac43
NCT01141907,COMPLETED,0,2010-05-26,2010,development,HTT-P1-AACT-20260905,2026-09-05,20260905_export_ctgov.zip,ctgov.studies.overall_status,COMPLETED=0;TERMINATED|WITHDRAWN=1,ctgov.studies.study_first_submitted_date,step2_reconciliation/HeartTrialTwin_step2_cohort_reconciliation.csv,5a254575d8d5276d1176b53b38dad6600b46d6732441698e8e14668699d8ac43
NCT01144182,COMPLETED,0,2010-06-10,2010,development,HTT-P1-AACT-20260905,2026-09-05,20260905_export_ctgov.zip,ctgov.studies.overall_status,COMPLETED=0;TERMINATED|WITHDRAWN=1,ctgov.studies.study_first_submitted_date,step2_reconciliation/HeartTrialTwin_step2_cohort_reconciliation.csv,5a254575d8d5276d1176b53b38dad6600b46d6732441698e8e14668699d8ac43
NCT01148563,COMPLETED,0,2010-06-18,2010,development,HTT-P1-AACT-20260905,2026-09-05,20260905_export_ctgov.zip,ctgov.studies.overall_status,COMPLETED=0;TERMINATED|WITHDRAWN=1,ctgov.studies.study_first_submitted_date,step2_reconciliation/HeartTrialTwin_step2_cohort_reconciliation.csv,5a254575d8d5276d1176b53b38dad6600b46d6732441698e8e14668699d8ac43
NCT01148719,COMPLETED,0,2010-06-17,2010,development,HTT-P1-AACT-20260905,2026-09-05,20260905_export_ctgov.zip,ctgov.studies.overall_status,COMPLETED=0;TERMINATED|WITHDRAWN=1,ctgov.studies.study_first_submitted_date,step2_reconciliation/HeartTrialTwin_step2_cohort_reconciliation.csv,5a254575d8d5276d1176b53b38dad6600b46d6732441698e8e14668699d8ac43
NCT01149772,COMPLETED,0,2010-06-10,2010,development,HTT-P1-AACT-20260905,2026-09-05,20260905_export_ctgov.zip,ctgov.studies.overall_status,COMPLETED=0;TERMINATED|WITHDRAWN=1,ctgov.studies.study_first_submitted_date,step2_reconciliation/HeartTrialTwin_step2_cohort_reconciliation.csv,5a254575d8d5276d1176b53b38dad6600b46d6732441698e8e14668699d8ac43
NCT01150916,COMPLETED,0,2010-06-23,2010,development,HTT-P1-AACT-20260905,2026-09-05,20260905_export_ctgov.zip,ctgov.studies.overall_status,COMPLETED=0;TERMINATED|WITHDRAWN=1,ctgov.studies.study_first_submitted_date,step2_reconciliation/HeartTrialTwin_step2_cohort_reconciliation.csv,5a254575d8d5276d1176b53b38dad6600b46d6732441698e8e14668699d8ac43
NCT01151553,TERMINATED,1,2010-06-25,2010,development,HTT-P1-AACT-20260905,2026-09-05,20260905_export_ctgov.zip,ctgov.studies.overall_status,COMPLETED=0;TERMINATED|WITHDRAWN=1,ctgov.studies.study_first_submitted_date,step2_reconciliation/HeartTrialTwin_step2_cohort_reconciliation.csv,5a254575d8d5276d1176b53b38dad6600b46d6732441698e8e14668699d8ac43
NCT01154504,WITHDRAWN,1,2010-06-28,2010,development,HTT-P1-AACT-20260905,2026-09-05,20260905_export_ctgov.zip,ctgov.studies.overall_status,COMPLETED=0;TERMINATED|WITHDRAWN=1,ctgov.studies.study_first_submitted_date,step2_reconciliation/HeartTrialTwin_step2_cohort_reconciliation.csv,5a254575d8d5276d1176b53b38dad6600b46d6732441698e8e14668699d8ac43
NCT01156636,COMPLETED,0,2010-07-02,2010,development,HTT-P1-AACT-20260905,2026-09-05,20260905_export_ctgov.zip,ctgov.studies.overall_status,COMPLETED=0;TERMINATED|WITHDRAWN=1,ctgov.studies.study_first_submitted_date,step2_reconciliation/HeartTrialTwin_step2_cohort_reconciliation.csv,5a254575d8d5276d1176b53b38dad6600b46d6732441698e8e14668699d8ac43
NCT01156974,COMPLETED,0,2010-07-02,2010,development,HTT-P1-AACT-20260905,2026-09-05,20260905_export_ctgov.zip,ctgov.studies.overall_status,COMPLETED=0;TERMINATED|WITHDRAWN=1,ctgov.studies.study_first_submitted_date,step2_reconciliation/HeartTrialTwin_step2_cohort_reconciliation.csv,5a254575d8d5276d1176b53b38dad6600b46d6732441698e8e14668699d8ac43
NCT01160939,COMPLETED,0,2010-07-12,2010,development,HTT-P1-AACT-20260905,2026-09-05,20260905_export_ctgov.zip,ctgov.studies.overall_status,COMPLETED=0;TERMINATED|WITHDRAWN=1,ctgov.studies.study_first_submitted_date,step2_reconciliation/HeartTrialTwin_step2_cohort_reconciliation.csv,5a254575d8d5276d1176b53b38dad6600b46d6732441698e8e14668699d8ac43
NCT01160978,COMPLETED,0,2010-07-12,2010,development,HTT-P1-AACT-20260905,2026-09-05,20260905_export_ctgov.zip,ctgov.studies.overall_status,COMPLETED=0;TERMINATED|WITHDRAWN=1,ctgov.studies.study_first_submitted_date,step2_reconciliation/HeartTrialTwin_step2_cohort_reconciliation.csv,5a254575d8d5276d1176b53b38dad6600b46d6732441698e8e14668699d8ac43
NCT01162707,COMPLETED,0,2010-07-13,2010,development,HTT-P1-AACT-20260905,2026-09-05,20260905_export_ctgov.zip,ctgov.studies.overall_status,COMPLETED=0;TERMINATED|WITHDRAWN=1,ctgov.studies.study_first_submitted_date,step2_reconciliation/HeartTrialTwin_step2_cohort_reconciliation.csv,5a254575d8d5276d1176b53b38dad6600b46d6732441698e8e14668699d8ac43
NCT01163734,COMPLETED,0,2010-07-12,2010,development,HTT-P1-AACT-20260905,2026-09-05,20260905_export_ctgov.zip,ctgov.studies.overall_status,COMPLETED=0;TERMINATED|WITHDRAWN=1,ctgov.studies.study_first_submitted_date,step2_reconciliation/HeartTrialTwin_step2_cohort_reconciliation.csv,5a254575d8d5276d1176b53b38dad6600b46d6732441698e8e14668699d8ac43
NCT01164592,COMPLETED,0,2010-07-15,2010,development,HTT-P1-AACT-20260905,2026-09-05,20260905_export_ctgov.zip,ctgov.studies.overall_status,COMPLETED=0;TERMINATED|WITHDRAWN=1,ctgov.studies.study_first_submitted_date,step2_reconciliation/HeartTrialTwin_step2_cohort_reconciliation.csv,5a254575d8d5276d1176b53b38dad6600b46d6732441698e8e14668699d8ac43
NCT01166347,COMPLETED,0,2010-07-16,2010,development,HTT-P1-AACT-20260905,2026-09-05,20260905_export_ctgov.zip,ctgov.studies.overall_status,COMPLETED=0;TERMINATED|WITHDRAWN=1,ctgov.studies.study_first_submitted_date,step2_reconciliation/HeartTrialTwin_step2_cohort_reconciliation.csv,5a254575d8d5276d1176b53b38dad6600b46d6732441698e8e14668699d8ac43
NCT01169272,COMPLETED,0,2010-07-20,2010,development,HTT-P1-AACT-20260905,2026-09-05,20260905_export_ctgov.zip,ctgov.studies.overall_status,COMPLETED=0;TERMINATED|WITHDRAWN=1,ctgov.studies.study_first_submitted_date,step2_reconciliation/HeartTrialTwin_step2_cohort_reconciliation.csv,5a254575d8d5276d1176b53b38dad6600b46d6732441698e8e14668699d8ac43
NCT01169493,TERMINATED,1,2010-07-22,2010,development,HTT-P1-AACT-20260905,2026-09-05,20260905_export_ctgov.zip,ctgov.studies.overall_status,COMPLETED=0;TERMINATED|WITHDRAWN=1,ctgov.studies.study_first_submitted_date,step2_reconciliation/HeartTrialTwin_step2_cohort_reconciliation.csv,5a254575d8d5276d1176b53b38dad6600b46d6732441698e8e14668699d8ac43
NCT01170624,TERMINATED,1,2010-06-16,2010,development,HTT-P1-AACT-20260905,2026-09-05,20260905_export_ctgov.zip,ctgov.studies.overall_status,COMPLETED=0;TERMINATED|WITHDRAWN=1,ctgov.studies.study_first_submitted_date,step2_reconciliation/HeartTrialTwin_step2_cohort_reconciliation.csv,5a254575d8d5276d1176b53b38dad6600b46d6732441698e8e14668699d8ac43
NCT01171625,COMPLETED,0,2010-07-26,2010,development,HTT-P1-AACT-20260905,2026-09-05,20260905_export_ctgov.zip,ctgov.studies.overall_status,COMPLETED=0;TERMINATED|WITHDRAWN=1,ctgov.studies.study_first_submitted_date,step2_reconciliation/HeartTrialTwin_step2_cohort_reconciliation.csv,5a254575d8d5276d1176b53b38dad6600b46d6732441698e8e14668699d8ac43
NCT01171950,WITHDRAWN,1,2010-07-27,2010,development,HTT-P1-AACT-20260905,2026-09-05,20260905_export_ctgov.zip,ctgov.studies.overall_status,COMPLETED=0;TERMINATED|WITHDRAWN=1,ctgov.studies.study_first_submitted_date,step2_reconciliation/HeartTrialTwin_step2_cohort_reconciliation.csv,5a254575d8d5276d1176b53b38dad6600b46d6732441698e8e14668699d8ac43
NCT01172067,COMPLETED,0,2010-07-28,2010,development,HTT-P1-AACT-20260905,2026-09-05,20260905_export_ctgov.zip,ctgov.studies.overall_status,COMPLETED=0;TERMINATED|WITHDRAWN=1,ctgov.studies.study_first_submitted_date,step2_reconciliation/HeartTrialTwin_step2_cohort_reconciliation.csv,5a254575d8d5276d1176b53b38dad6600b46d6732441698e8e14668699d8ac43
NCT01175018,COMPLETED,0,2010-07-30,2010,development,HTT-P1-AACT-20260905,2026-09-05,20260905_export_ctgov.zip,ctgov.studies.overall_status,COMPLETED=0;TERMINATED|WITHDRAWN=1,ctgov.studies.study_first_submitted_date,step2_reconciliation/HeartTrialTwin_step2_cohort_reconciliation.csv,5a254575d8d5276d1176b53b38dad6600b46d6732441698e8e14668699d8ac43
NCT01176370,TERMINATED,1,2010-08-04,2010,development,HTT-P1-AACT-20260905,2026-09-05,20260905_export_ctgov.zip,ctgov.studies.overall_status,COMPLETED=0;TERMINATED|WITHDRAWN=1,ctgov.studies.study_first_submitted_date,step2_reconciliation/HeartTrialTwin_step2_cohort_reconciliation.csv,5a254575d8d5276d1176b53b38dad6600b46d6732441698e8e14668699d8ac43
NCT01178528,COMPLETED,0,2010-04-19,2010,development,HTT-P1-AACT-20260905,2026-09-05,20260905_export_ctgov.zip,ctgov.studies.overall_status,COMPLETED=0;TERMINATED|WITHDRAWN=1,ctgov.studies.study_first_submitted_date,step2_reconciliation/HeartTrialTwin_step2_cohort_reconciliation.csv,5a254575d8d5276d1176b53b38dad6600b46d6732441698e8e14668699d8ac43
NCT01179061,COMPLETED,0,2010-08-09,2010,development,HTT-P1-AACT-20260905,2026-09-05,20260905_export_ctgov.zip,ctgov.studies.overall_status,COMPLETED=0;TERMINATED|WITHDRAWN=1,ctgov.studies.study_first_submitted_date,step2_reconciliation/HeartTrialTwin_step2_cohort_reconciliation.csv,5a254575d8d5276d1176b53b38dad6600b46d6732441698e8e14668699d8ac43
NCT01179802,COMPLETED,0,2010-08-10,2010,development,HTT-P1-AACT-20260905,2026-09-05,20260905_export_ctgov.zip,ctgov.studies.overall_status,COMPLETED=0;TERMINATED|WITHDRAWN=1,ctgov.studies.study_first_submitted_date,step2_reconciliation/HeartTrialTwin_step2_cohort_reconciliation.csv,5a254575d8d5276d1176b53b38dad6600b46d6732441698e8e14668699d8ac43
NCT01179997,COMPLETED,0,2010-08-05,2010,development,HTT-P1-AACT-20260905,2026-09-05,20260905_export_ctgov.zip,ctgov.studies.overall_status,COMPLETED=0;TERMINATED|WITHDRAWN=1,ctgov.studies.study_first_submitted_date,step2_reconciliation/HeartTrialTwin_step2_cohort_reconciliation.csv,5a254575d8d5276d1176b53b38dad6600b46d6732441698e8e14668699d8ac43
NCT01181414,COMPLETED,0,2010-08-02,2010,development,HTT-P1-AACT-20260905,2026-09-05,20260905_export_ctgov.zip,ctgov.studies.overall_status,COMPLETED=0;TERMINATED|WITHDRAWN=1,ctgov.studies.study_first_submitted_date,step2_reconciliation/HeartTrialTwin_step2_cohort_reconciliation.csv,5a254575d8d5276d1176b53b38dad6600b46d6732441698e8e14668699d8ac43
NCT01182805,COMPLETED,0,2010-08-12,2010,development,HTT-P1-AACT-20260905,2026-09-05,20260905_export_ctgov.zip,ctgov.studies.overall_status,COMPLETED=0;TERMINATED|WITHDRAWN=1,ctgov.studies.study_first_submitted_date,step2_reconciliation/HeartTrialTwin_step2_cohort_reconciliation.csv,5a254575d8d5276d1176b53b38dad6600b46d6732441698e8e14668699d8ac43
NCT01185067,COMPLETED,0,2010-08-02,2010,development,HTT-P1-AACT-20260905,2026-09-05,20260905_export_ctgov.zip,ctgov.studies.overall_status,COMPLETED=0;TERMINATED|WITHDRAWN=1,ctgov.studies.study_first_submitted_date,step2_reconciliation/HeartTrialTwin_step2_cohort_reconciliation.csv,5a254575d8d5276d1176b53b38dad6600b46d6732441698e8e14668699d8ac43
NCT01185249,COMPLETED,0,2010-08-18,2010,development,HTT-P1-AACT-20260905,2026-09-05,20260905_export_ctgov.zip,ctgov.studies.overall_status,COMPLETED=0;TERMINATED|WITHDRAWN=1,ctgov.studies.study_first_submitted_date,step2_reconciliation/HeartTrialTwin_step2_cohort_reconciliation.csv,5a254575d8d5276d1176b53b38dad6600b46d6732441698e8e14668699d8ac43
NCT01185691,TERMINATED,1,2010-08-19,2010,development,HTT-P1-AACT-20260905,2026-09-05,20260905_export_ctgov.zip,ctgov.studies.overall_status,COMPLETED=0;TERMINATED|WITHDRAWN=1,ctgov.studies.study_first_submitted_date,step2_reconciliation/HeartTrialTwin_step2_cohort_reconciliation.csv,5a254575d8d5276d1176b53b38dad6600b46d6732441698e8e14668699d8ac43
NCT01185925,COMPLETED,0,2010-08-19,2010,development,HTT-P1-AACT-20260905,2026-09-05,20260905_export_ctgov.zip,ctgov.studies.overall_status,COMPLETED=0;TERMINATED|WITHDRAWN=1,ctgov.studies.study_first_submitted_date,step2_reconciliation/HeartTrialTwin_step2_cohort_reconciliation.csv,5a254575d8d5276d1176b53b38dad6600b46d6732441698e8e14668699d8ac43
NCT01187823,COMPLETED,0,2010-08-23,2010,development,HTT-P1-AACT-20260905,2026-09-05,20260905_export_ctgov.zip,ctgov.studies.overall_status,COMPLETED=0;TERMINATED|WITHDRAWN=1,ctgov.studies.study_first_submitted_date,step2_reconciliation/HeartTrialTwin_step2_cohort_reconciliation.csv,5a254575d8d5276d1176b53b38dad6600b46d6732441698e8e14668699d8ac43
NCT01187836,COMPLETED,0,2010-08-20,2010,development,HTT-P1-AACT-20260905,2026-09-05,20260905_export_ctgov.zip,ctgov.studies.overall_status,COMPLETED=0;TERMINATED|WITHDRAWN=1,ctgov.studies.study_first_submitted_date,step2_reconciliation/HeartTrialTwin_step2_cohort_reconciliation.csv,5a254575d8d5276d1176b53b38dad6600b46d6732441698e8e14668699d8ac43
NCT01188070,COMPLETED,0,2010-06-14,2010,development,HTT-P1-AACT-20260905,2026-09-05,20260905_export_ctgov.zip,ctgov.studies.overall_status,COMPLETED=0;TERMINATED|WITHDRAWN=1,ctgov.studies.study_first_submitted_date,step2_reconciliation/HeartTrialTwin_step2_cohort_reconciliation.csv,5a254575d8d5276d1176b53b38dad6600b46d6732441698e8e14668699d8ac43
NCT01192373,COMPLETED,0,2010-08-24,2010,development,HTT-P1-AACT-20260905,2026-09-05,20260905_export_ctgov.zip,ctgov.studies.overall_status,COMPLETED=0;TERMINATED|WITHDRAWN=1,ctgov.studies.study_first_submitted_date,step2_reconciliation/HeartTrialTwin_step2_cohort_reconciliation.csv,5a254575d8d5276d1176b53b38dad6600b46d6732441698e8e14668699d8ac43
NCT01193634,COMPLETED,0,2010-08-31,2010,development,HTT-P1-AACT-20260905,2026-09-05,20260905_export_ctgov.zip,ctgov.studies.overall_status,COMPLETED=0;TERMINATED|WITHDRAWN=1,ctgov.studies.study_first_submitted_date,step2_reconciliation/HeartTrialTwin_step2_cohort_reconciliation.csv,5a254575d8d5276d1176b53b38dad6600b46d6732441698e8e14668699d8ac43
NCT01193712,WITHDRAWN,1,2010-08-25,2010,development,HTT-P1-AACT-20260905,2026-09-05,20260905_export_ctgov.zip,ctgov.studies.overall_status,COMPLETED=0;TERMINATED|WITHDRAWN=1,ctgov.studies.study_first_submitted_date,step2_reconciliation/HeartTrialTwin_step2_cohort_reconciliation.csv,5a254575d8d5276d1176b53b38dad6600b46d6732441698e8e14668699d8ac43
NCT01193998,COMPLETED,0,2010-09-01,2010,development,HTT-P1-AACT-20260905,2026-09-05,20260905_export_ctgov.zip,ctgov.studies.overall_status,COMPLETED=0;TERMINATED|WITHDRAWN=1,ctgov.studies.study_first_submitted_date,step2_reconciliation/HeartTrialTwin_step2_cohort_reconciliation.csv,5a254575d8d5276d1176b53b38dad6600b46d6732441698e8e14668699d8ac43
NCT01197313,COMPLETED,0,2010-09-07,2010,development,HTT-P1-AACT-20260905,2026-09-05,20260905_export_ctgov.zip,ctgov.studies.overall_status,COMPLETED=0;TERMINATED|WITHDRAWN=1,ctgov.studies.study_first_submitted_date,step2_reconciliation/HeartTrialTwin_step2_cohort_reconciliation.csv,5a254575d8d5276d1176b53b38dad6600b46d6732441698e8e14668699d8ac43
NCT01200381,COMPLETED,0,2010-09-10,2010,development,HTT-P1-AACT-20260905,2026-09-05,20260905_export_ctgov.zip,ctgov.studies.overall_status,COMPLETED=0;TERMINATED|WITHDRAWN=1,ctgov.studies.study_first_submitted_date,step2_reconciliation/HeartTrialTwin_step2_cohort_reconciliation.csv,5a254575d8d5276d1176b53b38dad6600b46d6732441698e8e14668699d8ac43
NCT01202006,COMPLETED,0,2010-09-14,2010,development,HTT-P1-AACT-20260905,2026-09-05,20260905_export_ctgov.zip,ctgov.studies.overall_status,COMPLETED=0;TERMINATED|WITHDRAWN=1,ctgov.studies.study_first_submitted_date,step2_reconciliation/HeartTrialTwin_step2_cohort_reconciliation.csv,5a254575d8d5276d1176b53b38dad6600b46d6732441698e8e14668699d8ac43
NCT01206062,COMPLETED,0,2010-09-20,2010,development,HTT-P1-AACT-20260905,2026-09-05,20260905_export_ctgov.zip,ctgov.studies.overall_status,COMPLETED=0;TERMINATED|WITHDRAWN=1,ctgov.studies.study_first_submitted_date,step2_reconciliation/HeartTrialTwin_step2_cohort_reconciliation.csv,5a254575d8d5276d1176b53b38dad6600b46d6732441698e8e14668699d8ac43
NCT01210365,TERMINATED,1,2010-08-09,2010,development,HTT-P1-AACT-20260905,2026-09-05,20260905_export_ctgov.zip,ctgov.studies.overall_status,COMPLETED=0;TERMINATED|WITHDRAWN=1,ctgov.studies.study_first_submitted_date,step2_reconciliation/HeartTrialTwin_step2_cohort_reconciliation.csv,5a254575d8d5276d1176b53b38dad6600b46d6732441698e8e14668699d8ac43
NCT01213251,COMPLETED,0,2010-09-28,2010,development,HTT-P1-AACT-20260905,2026-09-05,20260905_export_ctgov.zip,ctgov.studies.overall_status,COMPLETED=0;TERMINATED|WITHDRAWN=1,ctgov.studies.study_first_submitted_date,step2_reconciliation/HeartTrialTwin_step2_cohort_reconciliation.csv,5a254575d8d5276d1176b53b38dad6600b46d6732441698e8e14668699d8ac43
NCT01213784,COMPLETED,0,2010-08-24,2010,development,HTT-P1-AACT-20260905,2026-09-05,20260905_export_ctgov.zip,ctgov.studies.overall_status,COMPLETED=0;TERMINATED|WITHDRAWN=1,ctgov.studies.study_first_submitted_date,step2_reconciliation/HeartTrialTwin_step2_cohort_reconciliation.csv,5a254575d8d5276d1176b53b38dad6600b46d6732441698e8e14668699d8ac43
NCT01213862,COMPLETED,0,2009-11-09,2009,development,HTT-P1-AACT-20260905,2026-09-05,20260905_export_ctgov.zip,ctgov.studies.overall_status,COMPLETED=0;TERMINATED|WITHDRAWN=1,ctgov.studies.study_first_submitted_date,step2_reconciliation/HeartTrialTwin_step2_cohort_reconciliation.csv,5a254575d8d5276d1176b53b38dad6600b46d6732441698e8e14668699d8ac43
NCT01213875,COMPLETED,0,2009-11-09,2009,development,HTT-P1-AACT-20260905,2026-09-05,20260905_export_ctgov.zip,ctgov.studies.overall_status,COMPLETED=0;TERMINATED|WITHDRAWN=1,ctgov.studies.study_first_submitted_date,step2_reconciliation/HeartTrialTwin_step2_cohort_reconciliation.csv,5a254575d8d5276d1176b53b38dad6600b46d6732441698e8e14668699d8ac43
NCT01214096,TERMINATED,1,2010-09-28,2010,development,HTT-P1-AACT-20260905,2026-09-05,20260905_export_ctgov.zip,ctgov.studies.overall_status,COMPLETED=0;TERMINATED|WITHDRAWN=1,ctgov.studies.study_first_submitted_date,step2_reconciliation/HeartTrialTwin_step2_cohort_reconciliation.csv,5a254575d8d5276d1176b53b38dad6600b46d6732441698e8e14668699d8ac43
NCT01215253,COMPLETED,0,2010-09-30,2010,development,HTT-P1-AACT-20260905,2026-09-05,20260905_export_ctgov.zip,ctgov.studies.overall_status,COMPLETED=0;TERMINATED|WITHDRAWN=1,ctgov.studies.study_first_submitted_date,step2_reconciliation/HeartTrialTwin_step2_cohort_reconciliation.csv,5a254575d8d5276d1176b53b38dad6600b46d6732441698e8e14668699d8ac43
NCT01217307,COMPLETED,0,2010-10-07,2010,development,HTT-P1-AACT-20260905,2026-09-05,20260905_export_ctgov.zip,ctgov.studies.overall_status,COMPLETED=0;TERMINATED|WITHDRAWN=1,ctgov.studies.study_first_submitted_date,step2_reconciliation/HeartTrialTwin_step2_cohort_reconciliation.csv,5a254575d8d5276d1176b53b38dad6600b46d6732441698e8e14668699d8ac43
NCT01219621,COMPLETED,0,2010-10-12,2010,development,HTT-P1-AACT-20260905,2026-09-05,20260905_export_ctgov.zip,ctgov.studies.overall_status,COMPLETED=0;TERMINATED|WITHDRAWN=1,ctgov.studies.study_first_submitted_date,step2_reconciliation/HeartTrialTwin_step2_cohort_reconciliation.csv,5a254575d8d5276d1176b53b38dad6600b46d6732441698e8e14668699d8ac43
NCT01221116,TERMINATED,1,2010-10-13,2010,development,HTT-P1-AACT-20260905,2026-09-05,20260905_export_ctgov.zip,ctgov.studies.overall_status,COMPLETED=0;TERMINATED|WITHDRAWN=1,ctgov.studies.study_first_submitted_date,step2_reconciliation/HeartTrialTwin_step2_cohort_reconciliation.csv,5a254575d8d5276d1176b53b38dad6600b46d6732441698e8e14668699d8ac43
NCT01221649,COMPLETED,0,2010-10-12,2010,development,HTT-P1-AACT-20260905,2026-09-05,20260905_export_ctgov.zip,ctgov.studies.overall_status,COMPLETED=0;TERMINATED|WITHDRAWN=1,ctgov.studies.study_first_submitted_date,step2_reconciliation/HeartTrialTwin_step2_cohort_reconciliation.csv,5a254575d8d5276d1176b53b38dad6600b46d6732441698e8e14668699d8ac43
NCT01223703,COMPLETED,0,2010-10-18,2010,development,HTT-P1-AACT-20260905,2026-09-05,20260905_export_ctgov.zip,ctgov.studies.overall_status,COMPLETED=0;TERMINATED|WITHDRAWN=1,ctgov.studies.study_first_submitted_date,step2_reconciliation/HeartTrialTwin_step2_cohort_reconciliation.csv,5a254575d8d5276d1176b53b38dad6600b46d6732441698e8e14668699d8ac43
NCT01224899,COMPLETED,0,2010-10-18,2010,development,HTT-P1-AACT-20260905,2026-09-05,20260905_export_ctgov.zip,ctgov.studies.overall_status,COMPLETED=0;TERMINATED|WITHDRAWN=1,ctgov.studies.study_first_submitted_date,step2_reconciliation/HeartTrialTwin_step2_cohort_reconciliation.csv,5a254575d8d5276d1176b53b38dad6600b46d6732441698e8e14668699d8ac43
NCT01226563,COMPLETED,0,2010-10-20,2010,development,HTT-P1-AACT-20260905,2026-09-05,20260905_export_ctgov.zip,ctgov.studies.overall_status,COMPLETED=0;TERMINATED|WITHDRAWN=1,ctgov.studies.study_first_submitted_date,step2_reconciliation/HeartTrialTwin_step2_cohort_reconciliation.csv,5a254575d8d5276d1176b53b38dad6600b46d6732441698e8e14668699d8ac43
NCT01227837,COMPLETED,0,2010-09-13,2010,development,HTT-P1-AACT-20260905,2026-09-05,20260905_export_ctgov.zip,ctgov.studies.overall_status,COMPLETED=0;TERMINATED|WITHDRAWN=1,ctgov.studies.study_first_submitted_date,step2_reconciliation/HeartTrialTwin_step2_cohort_reconciliation.csv,5a254575d8d5276d1176b53b38dad6600b46d6732441698e8e14668699d8ac43
NCT01230307,TERMINATED,1,2010-10-27,2010,development,HTT-P1-AACT-20260905,2026-09-05,20260905_export_ctgov.zip,ctgov.studies.overall_status,COMPLETED=0;TERMINATED|WITHDRAWN=1,ctgov.studies.study_first_submitted_date,step2_reconciliation/HeartTrialTwin_step2_cohort_reconciliation.csv,5a254575d8d5276d1176b53b38dad6600b46d6732441698e8e14668699d8ac43
NCT01233648,COMPLETED,0,2010-11-02,2010,development,HTT-P1-AACT-20260905,2026-09-05,20260905_export_ctgov.zip,ctgov.studies.overall_status,COMPLETED=0;TERMINATED|WITHDRAWN=1,ctgov.studies.study_first_submitted_date,step2_reconciliation/HeartTrialTwin_step2_cohort_reconciliation.csv,5a254575d8d5276d1176b53b38dad6600b46d6732441698e8e14668699d8ac43
NCT01241838,TERMINATED,1,2010-11-15,2010,development,HTT-P1-AACT-20260905,2026-09-05,20260905_export_ctgov.zip,ctgov.studies.overall_status,COMPLETED=0;TERMINATED|WITHDRAWN=1,ctgov.studies.study_first_submitted_date,step2_reconciliation/HeartTrialTwin_step2_cohort_reconciliation.csv,5a254575d8d5276d1176b53b38dad6600b46d6732441698e8e14668699d8ac43
NCT01246050,COMPLETED,0,2010-11-19,2010,development,HTT-P1-AACT-20260905,2026-09-05,20260905_export_ctgov.zip,ctgov.studies.overall_status,COMPLETED=0;TERMINATED|WITHDRAWN=1,ctgov.studies.study_first_submitted_date,step2_reconciliation/HeartTrialTwin_step2_cohort_reconciliation.csv,5a254575d8d5276d1176b53b38dad6600b46d6732441698e8e14668699d8ac43
NCT01251185,COMPLETED,0,2010-11-30,2010,development,HTT-P1-AACT-20260905,2026-09-05,20260905_export_ctgov.zip,ctgov.studies.overall_status,COMPLETED=0;TERMINATED|WITHDRAWN=1,ctgov.studies.study_first_submitted_date,step2_reconciliation/HeartTrialTwin_step2_cohort_reconciliation.csv,5a254575d8d5276d1176b53b38dad6600b46d6732441698e8e14668699d8ac43
NCT01251406,COMPLETED,0,2010-11-17,2010,development,HTT-P1-AACT-20260905,2026-09-05,20260905_export_ctgov.zip,ctgov.studies.overall_status,COMPLETED=0;TERMINATED|WITHDRAWN=1,ctgov.studies.study_first_submitted_date,step2_reconciliation/HeartTrialTwin_step2_cohort_reconciliation.csv,5a254575d8d5276d1176b53b38dad6600b46d6732441698e8e14668699d8ac43
NCT01252810,COMPLETED,0,2010-12-01,2010,development,HTT-P1-AACT-20260905,2026-09-05,20260905_export_ctgov.zip,ctgov.studies.overall_status,COMPLETED=0;TERMINATED|WITHDRAWN=1,ctgov.studies.study_first_submitted_date,step2_reconciliation/HeartTrialTwin_step2_cohort_reconciliation.csv,5a254575d8d5276d1176b53b38dad6600b46d6732441698e8e14668699d8ac43
NCT01255475,COMPLETED,0,2010-12-06,2010,development,HTT-P1-AACT-20260905,2026-09-05,20260905_export_ctgov.zip,ctgov.studies.overall_status,COMPLETED=0;TERMINATED|WITHDRAWN=1,ctgov.studies.study_first_submitted_date,step2_reconciliation/HeartTrialTwin_step2_cohort_reconciliation.csv,5a254575d8d5276d1176b53b38dad6600b46d6732441698e8e14668699d8ac43
NCT01258387,COMPLETED,0,2010-12-08,2010,development,HTT-P1-AACT-20260905,2026-09-05,20260905_export_ctgov.zip,ctgov.studies.overall_status,COMPLETED=0;TERMINATED|WITHDRAWN=1,ctgov.studies.study_first_submitted_date,step2_reconciliation/HeartTrialTwin_step2_cohort_reconciliation.csv,5a254575d8d5276d1176b53b38dad6600b46d6732441698e8e14668699d8ac43
NCT01258829,COMPLETED,0,2010-12-10,2010,development,HTT-P1-AACT-20260905,2026-09-05,20260905_export_ctgov.zip,ctgov.studies.overall_status,COMPLETED=0;TERMINATED|WITHDRAWN=1,ctgov.studies.study_first_submitted_date,step2_reconciliation/HeartTrialTwin_step2_cohort_reconciliation.csv,5a254575d8d5276d1176b53b38dad6600b46d6732441698e8e14668699d8ac43
NCT01260402,COMPLETED,0,2010-12-08,2010,development,HTT-P1-AACT-20260905,2026-09-05,20260905_export_ctgov.zip,ctgov.studies.overall_status,COMPLETED=0;TERMINATED|WITHDRAWN=1,ctgov.studies.study_first_submitted_date,step2_reconciliation/HeartTrialTwin_step2_cohort_reconciliation.csv,5a254575d8d5276d1176b53b38dad6600b46d6732441698e8e14668699d8ac43
NCT01261065,COMPLETED,0,2010-12-15,2010,development,HTT-P1-AACT-20260905,2026-09-05,20260905_export_ctgov.zip,ctgov.studies.overall_status,COMPLETED=0;TERMINATED|WITHDRAWN=1,ctgov.studies.study_first_submitted_date,step2_reconciliation/HeartTrialTwin_step2_cohort_reconciliation.csv,5a254575d8d5276d1176b53b38dad6600b46d6732441698e8e14668699d8ac43
NCT01264159,TERMINATED,1,2010-12-20,2010,development,HTT-P1-AACT-20260905,2026-09-05,20260905_export_ctgov.zip,ctgov.studies.overall_status,COMPLETED=0;TERMINATED|WITHDRAWN=1,ctgov.studies.study_first_submitted_date,step2_reconciliation/HeartTrialTwin_step2_cohort_reconciliation.csv,5a254575d8d5276d1176b53b38dad6600b46d6732441698e8e14668699d8ac43
NCT01265524,COMPLETED,0,2010-12-20,2010,development,HTT-P1-AACT-20260905,2026-09-05,20260905_export_ctgov.zip,ctgov.studies.overall_status,COMPLETED=0;TERMINATED|WITHDRAWN=1,ctgov.studies.study_first_submitted_date,step2_reconciliation/HeartTrialTwin_step2_cohort_reconciliation.csv,5a254575d8d5276d1176b53b38dad6600b46d6732441698e8e14668699d8ac43
NCT01270139,COMPLETED,0,2010-12-30,2010,development,HTT-P1-AACT-20260905,2026-09-05,20260905_export_ctgov.zip,ctgov.studies.overall_status,COMPLETED=0;TERMINATED|WITHDRAWN=1,ctgov.studies.study_first_submitted_date,step2_reconciliation/HeartTrialTwin_step2_cohort_reconciliation.csv,5a254575d8d5276d1176b53b38dad6600b46d6732441698e8e14668699d8ac43
NCT01270568,COMPLETED,0,2011-01-03,2011,development,HTT-P1-AACT-20260905,2026-09-05,20260905_export_ctgov.zip,ctgov.studies.overall_status,COMPLETED=0;TERMINATED|WITHDRAWN=1,ctgov.studies.study_first_submitted_date,step2_reconciliation/HeartTrialTwin_step2_cohort_reconciliation.csv,5a254575d8d5276d1176b53b38dad6600b46d6732441698e8e14668699d8ac43
NCT01270646,COMPLETED,0,2011-01-04,2011,development,HTT-P1-AACT-20260905,2026-09-05,20260905_export_ctgov.zip,ctgov.studies.overall_status,COMPLETED=0;TERMINATED|WITHDRAWN=1,ctgov.studies.study_first_submitted_date,step2_reconciliation/HeartTrialTwin_step2_cohort_reconciliation.csv,5a254575d8d5276d1176b53b38dad6600b46d6732441698e8e14668699d8ac43
NCT01273857,COMPLETED,0,2011-01-10,2011,development,HTT-P1-AACT-20260905,2026-09-05,20260905_export_ctgov.zip,ctgov.studies.overall_status,COMPLETED=0;TERMINATED|WITHDRAWN=1,ctgov.studies.study_first_submitted_date,step2_reconciliation/HeartTrialTwin_step2_cohort_reconciliation.csv,5a254575d8d5276d1176b53b38dad6600b46d6732441698e8e14668699d8ac43
NCT01275352,WITHDRAWN,1,2011-01-10,2011,development,HTT-P1-AACT-20260905,2026-09-05,20260905_export_ctgov.zip,ctgov.studies.overall_status,COMPLETED=0;TERMINATED|WITHDRAWN=1,ctgov.studies.study_first_submitted_date,step2_reconciliation/HeartTrialTwin_step2_cohort_reconciliation.csv,5a254575d8d5276d1176b53b38dad6600b46d6732441698e8e14668699d8ac43
NCT01275742,COMPLETED,0,2011-01-10,2011,development,HTT-P1-AACT-20260905,2026-09-05,20260905_export_ctgov.zip,ctgov.studies.overall_status,COMPLETED=0;TERMINATED|WITHDRAWN=1,ctgov.studies.study_first_submitted_date,step2_reconciliation/HeartTrialTwin_step2_cohort_reconciliation.csv,5a254575d8d5276d1176b53b38dad6600b46d6732441698e8e14668699d8ac43
NCT01275846,COMPLETED,0,2011-01-12,2011,development,HTT-P1-AACT-20260905,2026-09-05,20260905_export_ctgov.zip,ctgov.studies.overall_status,COMPLETED=0;TERMINATED|WITHDRAWN=1,ctgov.studies.study_first_submitted_date,step2_reconciliation/HeartTrialTwin_step2_cohort_reconciliation.csv,5a254575d8d5276d1176b53b38dad6600b46d6732441698e8e14668699d8ac43
NCT01277679,COMPLETED,0,2010-11-18,2010,development,HTT-P1-AACT-20260905,2026-09-05,20260905_export_ctgov.zip,ctgov.studies.overall_status,COMPLETED=0;TERMINATED|WITHDRAWN=1,ctgov.studies.study_first_submitted_date,step2_reconciliation/HeartTrialTwin_step2_cohort_reconciliation.csv,5a254575d8d5276d1176b53b38dad6600b46d6732441698e8e14668699d8ac43
NCT01277783,COMPLETED,0,2011-01-11,2011,development,HTT-P1-AACT-20260905,2026-09-05,20260905_export_ctgov.zip,ctgov.studies.overall_status,COMPLETED=0;TERMINATED|WITHDRAWN=1,ctgov.studies.study_first_submitted_date,step2_reconciliation/HeartTrialTwin_step2_cohort_reconciliation.csv,5a254575d8d5276d1176b53b38dad6600b46d6732441698e8e14668699d8ac43
NCT01278030,COMPLETED,0,2011-01-12,2011,development,HTT-P1-AACT-20260905,2026-09-05,20260905_export_ctgov.zip,ctgov.studies.overall_status,COMPLETED=0;TERMINATED|WITHDRAWN=1,ctgov.studies.study_first_submitted_date,step2_reconciliation/HeartTrialTwin_step2_cohort_reconciliation.csv,5a254575d8d5276d1176b53b38dad6600b46d6732441698e8e14668699d8ac43
NCT01281384,COMPLETED,0,2011-01-20,2011,development,HTT-P1-AACT-20260905,2026-09-05,20260905_export_ctgov.zip,ctgov.studies.overall_status,COMPLETED=0;TERMINATED|WITHDRAWN=1,ctgov.studies.study_first_submitted_date,step2_reconciliation/HeartTrialTwin_step2_cohort_reconciliation.csv,5a254575d8d5276d1176b53b38dad6600b46d6732441698e8e14668699d8ac43
NCT01283659,COMPLETED,0,2011-01-20,2011,development,HTT-P1-AACT-20260905,2026-09-05,20260905_export_ctgov.zip,ctgov.studies.overall_status,COMPLETED=0;TERMINATED|WITHDRAWN=1,ctgov.studies.study_first_submitted_date,step2_reconciliation/HeartTrialTwin_step2_cohort_reconciliation.csv,5a254575d8d5276d1176b53b38dad6600b46d6732441698e8e14668699d8ac43
NCT01284400,COMPLETED,0,2011-01-25,2011,development,HTT-P1-AACT-20260905,2026-09-05,20260905_export_ctgov.zip,ctgov.studies.overall_status,COMPLETED=0;TERMINATED|WITHDRAWN=1,ctgov.studies.study_first_submitted_date,step2_reconciliation/HeartTrialTwin_step2_cohort_reconciliation.csv,5a254575d8d5276d1176b53b38dad6600b46d6732441698e8e14668699d8ac43
NCT01286116,TERMINATED,1,2011-01-27,2011,development,HTT-P1-AACT-20260905,2026-09-05,20260905_export_ctgov.zip,ctgov.studies.overall_status,COMPLETED=0;TERMINATED|WITHDRAWN=1,ctgov.studies.study_first_submitted_date,step2_reconciliation/HeartTrialTwin_step2_cohort_reconciliation.csv,5a254575d8d5276d1176b53b38dad6600b46d6732441698e8e14668699d8ac43
NCT01287234,COMPLETED,0,2011-01-28,2011,development,HTT-P1-AACT-20260905,2026-09-05,20260905_export_ctgov.zip,ctgov.studies.overall_status,COMPLETED=0;TERMINATED|WITHDRAWN=1,ctgov.studies.study_first_submitted_date,step2_reconciliation/HeartTrialTwin_step2_cohort_reconciliation.csv,5a254575d8d5276d1176b53b38dad6600b46d6732441698e8e14668699d8ac43
NCT01288560,COMPLETED,0,2010-05-19,2010,development,HTT-P1-AACT-20260905,2026-09-05,20260905_export_ctgov.zip,ctgov.studies.overall_status,COMPLETED=0;TERMINATED|WITHDRAWN=1,ctgov.studies.study_first_submitted_date,step2_reconciliation/HeartTrialTwin_step2_cohort_reconciliation.csv,5a254575d8d5276d1176b53b38dad6600b46d6732441698e8e14668699d8ac43
NCT01290146,TERMINATED,1,2011-02-03,2011,development,HTT-P1-AACT-20260905,2026-09-05,20260905_export_ctgov.zip,ctgov.studies.overall_status,COMPLETED=0;TERMINATED|WITHDRAWN=1,ctgov.studies.study_first_submitted_date,step2_reconciliation/HeartTrialTwin_step2_cohort_reconciliation.csv,5a254575d8d5276d1176b53b38dad6600b46d6732441698e8e14668699d8ac43
NCT01290822,TERMINATED,1,2011-02-02,2011,development,HTT-P1-AACT-20260905,2026-09-05,20260905_export_ctgov.zip,ctgov.studies.overall_status,COMPLETED=0;TERMINATED|WITHDRAWN=1,ctgov.studies.study_first_submitted_date,step2_reconciliation/HeartTrialTwin_step2_cohort_reconciliation.csv,5a254575d8d5276d1176b53b38dad6600b46d6732441698e8e14668699d8ac43
NCT01292720,COMPLETED,0,2011-01-26,2011,development,HTT-P1-AACT-20260905,2026-09-05,20260905_export_ctgov.zip,ctgov.studies.overall_status,COMPLETED=0;TERMINATED|WITHDRAWN=1,ctgov.studies.study_first_submitted_date,step2_reconciliation/HeartTrialTwin_step2_cohort_reconciliation.csv,5a254575d8d5276d1176b53b38dad6600b46d6732441698e8e14668699d8ac43
NCT01292902,COMPLETED,0,2011-02-09,2011,development,HTT-P1-AACT-20260905,2026-09-05,20260905_export_ctgov.zip,ctgov.studies.overall_status,COMPLETED=0;TERMINATED|WITHDRAWN=1,ctgov.studies.study_first_submitted_date,step2_reconciliation/HeartTrialTwin_step2_cohort_reconciliation.csv,5a254575d8d5276d1176b53b38dad6600b46d6732441698e8e14668699d8ac43
NCT01293526,WITHDRAWN,1,2011-02-09,2011,development,HTT-P1-AACT-20260905,2026-09-05,20260905_export_ctgov.zip,ctgov.studies.overall_status,COMPLETED=0;TERMINATED|WITHDRAWN=1,ctgov.studies.study_first_submitted_date,step2_reconciliation/HeartTrialTwin_step2_cohort_reconciliation.csv,5a254575d8d5276d1176b53b38dad6600b46d6732441698e8e14668699d8ac43
NCT01293903,COMPLETED,0,2011-01-31,2011,development,HTT-P1-AACT-20260905,2026-09-05,20260905_export_ctgov.zip,ctgov.studies.overall_status,COMPLETED=0;TERMINATED|WITHDRAWN=1,ctgov.studies.study_first_submitted_date,step2_reconciliation/HeartTrialTwin_step2_cohort_reconciliation.csv,5a254575d8d5276d1176b53b38dad6600b46d6732441698e8e14668699d8ac43
NCT01294111,COMPLETED,0,2011-01-03,2011,development,HTT-P1-AACT-20260905,2026-09-05,20260905_export_ctgov.zip,ctgov.studies.overall_status,COMPLETED=0;TERMINATED|WITHDRAWN=1,ctgov.studies.study_first_submitted_date,step2_reconciliation/HeartTrialTwin_step2_cohort_reconciliation.csv,5a254575d8d5276d1176b53b38dad6600b46d6732441698e8e14668699d8ac43
NCT01294527,COMPLETED,0,2011-02-08,2011,development,HTT-P1-AACT-20260905,2026-09-05,20260905_export_ctgov.zip,ctgov.studies.overall_status,COMPLETED=0;TERMINATED|WITHDRAWN=1,ctgov.studies.study_first_submitted_date,step2_reconciliation/HeartTrialTwin_step2_cohort_reconciliation.csv,5a254575d8d5276d1176b53b38dad6600b46d6732441698e8e14668699d8ac43
NCT01295840,COMPLETED,0,2011-02-03,2011,development,HTT-P1-AACT-20260905,2026-09-05,20260905_export_ctgov.zip,ctgov.studies.overall_status,COMPLETED=0;TERMINATED|WITHDRAWN=1,ctgov.studies.study_first_submitted_date,step2_reconciliation/HeartTrialTwin_step2_cohort_reconciliation.csv,5a254575d8d5276d1176b53b38dad6600b46d6732441698e8e14668699d8ac43
NCT01296607,COMPLETED,0,2011-02-14,2011,development,HTT-P1-AACT-20260905,2026-09-05,20260905_export_ctgov.zip,ctgov.studies.overall_status,COMPLETED=0;TERMINATED|WITHDRAWN=1,ctgov.studies.study_first_submitted_date,step2_reconciliation/HeartTrialTwin_step2_cohort_reconciliation.csv,5a254575d8d5276d1176b53b38dad6600b46d6732441698e8e14668699d8ac43
NCT01297283,COMPLETED,0,2011-02-03,2011,development,HTT-P1-AACT-20260905,2026-09-05,20260905_export_ctgov.zip,ctgov.studies.overall_status,COMPLETED=0;TERMINATED|WITHDRAWN=1,ctgov.studies.study_first_submitted_date,step2_reconciliation/HeartTrialTwin_step2_cohort_reconciliation.csv,5a254575d8d5276d1176b53b38dad6600b46d6732441698e8e14668699d8ac43
NCT01299324,COMPLETED,0,2011-01-10,2011,development,HTT-P1-AACT-20260905,2026-09-05,20260905_export_ctgov.zip,ctgov.studies.overall_status,COMPLETED=0;TERMINATED|WITHDRAWN=1,ctgov.studies.study_first_submitted_date,step2_reconciliation/HeartTrialTwin_step2_cohort_reconciliation.csv,5a254575d8d5276d1176b53b38dad6600b46d6732441698e8e14668699d8ac43
NCT01299350,COMPLETED,0,2011-02-17,2011,development,HTT-P1-AACT-20260905,2026-09-05,20260905_export_ctgov.zip,ctgov.studies.overall_status,COMPLETED=0;TERMINATED|WITHDRAWN=1,ctgov.studies.study_first_submitted_date,step2_reconciliation/HeartTrialTwin_step2_cohort_reconciliation.csv,5a254575d8d5276d1176b53b38dad6600b46d6732441698e8e14668699d8ac43
NCT01300013,COMPLETED,0,2011-02-17,2011,development,HTT-P1-AACT-20260905,2026-09-05,20260905_export_ctgov.zip,ctgov.studies.overall_status,COMPLETED=0;TERMINATED|WITHDRAWN=1,ctgov.studies.study_first_submitted_date,step2_reconciliation/HeartTrialTwin_step2_cohort_reconciliation.csv,5a254575d8d5276d1176b53b38dad6600b46d6732441698e8e14668699d8ac43
NCT01300650,COMPLETED,0,2011-02-17,2011,development,HTT-P1-AACT-20260905,2026-09-05,20260905_export_ctgov.zip,ctgov.studies.overall_status,COMPLETED=0;TERMINATED|WITHDRAWN=1,ctgov.studies.study_first_submitted_date,step2_reconciliation/HeartTrialTwin_step2_cohort_reconciliation.csv,5a254575d8d5276d1176b53b38dad6600b46d6732441698e8e14668699d8ac43
NCT01301313,TERMINATED,1,2011-02-22,2011,development,HTT-P1-AACT-20260905,2026-09-05,20260905_export_ctgov.zip,ctgov.studies.overall_status,COMPLETED=0;TERMINATED|WITHDRAWN=1,ctgov.studies.study_first_submitted_date,step2_reconciliation/HeartTrialTwin_step2_cohort_reconciliation.csv,5a254575d8d5276d1176b53b38dad6600b46d6732441698e8e14668699d8ac43
NCT01302470,COMPLETED,0,2011-02-18,2011,development,HTT-P1-AACT-20260905,2026-09-05,20260905_export_ctgov.zip,ctgov.studies.overall_status,COMPLETED=0;TERMINATED|WITHDRAWN=1,ctgov.studies.study_first_submitted_date,step2_reconciliation/HeartTrialTwin_step2_cohort_reconciliation.csv,5a254575d8d5276d1176b53b38dad6600b46d6732441698e8e14668699d8ac43
NCT01303718,TERMINATED,1,2011-02-18,2011,development,HTT-P1-AACT-20260905,2026-09-05,20260905_export_ctgov.zip,ctgov.studies.overall_status,COMPLETED=0;TERMINATED|WITHDRAWN=1,ctgov.studies.study_first_submitted_date,step2_reconciliation/HeartTrialTwin_step2_cohort_reconciliation.csv,5a254575d8d5276d1176b53b38dad6600b46d6732441698e8e14668699d8ac43
NCT01304381,COMPLETED,0,2011-02-24,2011,development,HTT-P1-AACT-20260905,2026-09-05,20260905_export_ctgov.zip,ctgov.studies.overall_status,COMPLETED=0;TERMINATED|WITHDRAWN=1,ctgov.studies.study_first_submitted_date,step2_reconciliation/HeartTrialTwin_step2_cohort_reconciliation.csv,5a254575d8d5276d1176b53b38dad6600b46d6732441698e8e14668699d8ac43
NCT01310491,COMPLETED,0,2011-03-07,2011,development,HTT-P1-AACT-20260905,2026-09-05,20260905_export_ctgov.zip,ctgov.studies.overall_status,COMPLETED=0;TERMINATED|WITHDRAWN=1,ctgov.studies.study_first_submitted_date,step2_reconciliation/HeartTrialTwin_step2_cohort_reconciliation.csv,5a254575d8d5276d1176b53b38dad6600b46d6732441698e8e14668699d8ac43
NCT01311583,COMPLETED,0,2011-02-22,2011,development,HTT-P1-AACT-20260905,2026-09-05,20260905_export_ctgov.zip,ctgov.studies.overall_status,COMPLETED=0;TERMINATED|WITHDRAWN=1,ctgov.studies.study_first_submitted_date,step2_reconciliation/HeartTrialTwin_step2_cohort_reconciliation.csv,5a254575d8d5276d1176b53b38dad6600b46d6732441698e8e14668699d8ac43
NCT01311791,COMPLETED,0,2011-03-08,2011,development,HTT-P1-AACT-20260905,2026-09-05,20260905_export_ctgov.zip,ctgov.studies.overall_status,COMPLETED=0;TERMINATED|WITHDRAWN=1,ctgov.studies.study_first_submitted_date,step2_reconciliation/HeartTrialTwin_step2_cohort_reconciliation.csv,5a254575d8d5276d1176b53b38dad6600b46d6732441698e8e14668699d8ac43
NCT01316432,COMPLETED,0,2011-03-14,2011,development,HTT-P1-AACT-20260905,2026-09-05,20260905_export_ctgov.zip,ctgov.studies.overall_status,COMPLETED=0;TERMINATED|WITHDRAWN=1,ctgov.studies.study_first_submitted_date,step2_reconciliation/HeartTrialTwin_step2_cohort_reconciliation.csv,5a254575d8d5276d1176b53b38dad6600b46d6732441698e8e14668699d8ac43
NCT01318811,TERMINATED,1,2011-03-17,2011,development,HTT-P1-AACT-20260905,2026-09-05,20260905_export_ctgov.zip,ctgov.studies.overall_status,COMPLETED=0;TERMINATED|WITHDRAWN=1,ctgov.studies.study_first_submitted_date,step2_reconciliation/HeartTrialTwin_step2_cohort_reconciliation.csv,5a254575d8d5276d1176b53b38dad6600b46d6732441698e8e14668699d8ac43
NCT01319656,COMPLETED,0,2011-03-21,2011,development,HTT-P1-AACT-20260905,2026-09-05,20260905_export_ctgov.zip,ctgov.studies.overall_status,COMPLETED=0;TERMINATED|WITHDRAWN=1,ctgov.studies.study_first_submitted_date,step2_reconciliation/HeartTrialTwin_step2_cohort_reconciliation.csv,5a254575d8d5276d1176b53b38dad6600b46d6732441698e8e14668699d8ac43
NCT01320007,COMPLETED,0,2011-02-21,2011,development,HTT-P1-AACT-20260905,2026-09-05,20260905_export_ctgov.zip,ctgov.studies.overall_status,COMPLETED=0;TERMINATED|WITHDRAWN=1,ctgov.studies.study_first_submitted_date,step2_reconciliation/HeartTrialTwin_step2_cohort_reconciliation.csv,5a254575d8d5276d1176b53b38dad6600b46d6732441698e8e14668699d8ac43
NCT01323686,COMPLETED,0,2011-03-25,2011,development,HTT-P1-AACT-20260905,2026-09-05,20260905_export_ctgov.zip,ctgov.studies.overall_status,COMPLETED=0;TERMINATED|WITHDRAWN=1,ctgov.studies.study_first_submitted_date,step2_reconciliation/HeartTrialTwin_step2_cohort_reconciliation.csv,5a254575d8d5276d1176b53b38dad6600b46d6732441698e8e14668699d8ac43
NCT01326650,COMPLETED,0,2011-03-29,2011,development,HTT-P1-AACT-20260905,2026-09-05,20260905_export_ctgov.zip,ctgov.studies.overall_status,COMPLETED=0;TERMINATED|WITHDRAWN=1,ctgov.studies.study_first_submitted_date,step2_reconciliation/HeartTrialTwin_step2_cohort_reconciliation.csv,5a254575d8d5276d1176b53b38dad6600b46d6732441698e8e14668699d8ac43
NCT01331187,COMPLETED,0,2011-03-30,2011,development,HTT-P1-AACT-20260905,2026-09-05,20260905_export_ctgov.zip,ctgov.studies.overall_status,COMPLETED=0;TERMINATED|WITHDRAWN=1,ctgov.studies.study_first_submitted_date,step2_reconciliation/HeartTrialTwin_step2_cohort_reconciliation.csv,5a254575d8d5276d1176b53b38dad6600b46d6732441698e8e14668699d8ac43
NCT01337011,TERMINATED,1,2011-04-14,2011,development,HTT-P1-AACT-20260905,2026-09-05,20260905_export_ctgov.zip,ctgov.studies.overall_status,COMPLETED=0;TERMINATED|WITHDRAWN=1,ctgov.studies.study_first_submitted_date,step2_reconciliation/HeartTrialTwin_step2_cohort_reconciliation.csv,5a254575d8d5276d1176b53b38dad6600b46d6732441698e8e14668699d8ac43
NCT01337349,WITHDRAWN,1,2011-04-15,2011,development,HTT-P1-AACT-20260905,2026-09-05,20260905_export_ctgov.zip,ctgov.studies.overall_status,COMPLETED=0;TERMINATED|WITHDRAWN=1,ctgov.studies.study_first_submitted_date,step2_reconciliation/HeartTrialTwin_step2_cohort_reconciliation.csv,5a254575d8d5276d1176b53b38dad6600b46d6732441698e8e14668699d8ac43
NCT01337726,COMPLETED,0,2011-03-24,2011,development,HTT-P1-AACT-20260905,2026-09-05,20260905_export_ctgov.zip,ctgov.studies.overall_status,COMPLETED=0;TERMINATED|WITHDRAWN=1,ctgov.studies.study_first_submitted_date,step2_reconciliation/HeartTrialTwin_step2_cohort_reconciliation.csv,5a254575d8d5276d1176b53b38dad6600b46d6732441698e8e14668699d8ac43
NCT01342263,COMPLETED,0,2011-04-21,2011,development,HTT-P1-AACT-20260905,2026-09-05,20260905_export_ctgov.zip,ctgov.studies.overall_status,COMPLETED=0;TERMINATED|WITHDRAWN=1,ctgov.studies.study_first_submitted_date,step2_reconciliation/HeartTrialTwin_step2_cohort_reconciliation.csv,5a254575d8d5276d1176b53b38dad6600b46d6732441698e8e14668699d8ac43
NCT01342276,TERMINATED,1,2011-04-25,2011,development,HTT-P1-AACT-20260905,2026-09-05,20260905_export_ctgov.zip,ctgov.studies.overall_status,COMPLETED=0;TERMINATED|WITHDRAWN=1,ctgov.studies.study_first_submitted_date,step2_reconciliation/HeartTrialTwin_step2_cohort_reconciliation.csv,5a254575d8d5276d1176b53b38dad6600b46d6732441698e8e14668699d8ac43
NCT01345656,COMPLETED,0,2011-04-29,2011,development,HTT-P1-AACT-20260905,2026-09-05,20260905_export_ctgov.zip,ctgov.studies.overall_status,COMPLETED=0;TERMINATED|WITHDRAWN=1,ctgov.studies.study_first_submitted_date,step2_reconciliation/HeartTrialTwin_step2_cohort_reconciliation.csv,5a254575d8d5276d1176b53b38dad6600b46d6732441698e8e14668699d8ac43
NCT01346072,COMPLETED,0,2011-04-29,2011,development,HTT-P1-AACT-20260905,2026-09-05,20260905_export_ctgov.zip,ctgov.studies.overall_status,COMPLETED=0;TERMINATED|WITHDRAWN=1,ctgov.studies.study_first_submitted_date,step2_reconciliation/HeartTrialTwin_step2_cohort_reconciliation.csv,5a254575d8d5276d1176b53b38dad6600b46d6732441698e8e14668699d8ac43
NCT01347125,TERMINATED,1,2011-04-28,2011,development,HTT-P1-AACT-20260905,2026-09-05,20260905_export_ctgov.zip,ctgov.studies.overall_status,COMPLETED=0;TERMINATED|WITHDRAWN=1,ctgov.studies.study_first_submitted_date,step2_reconciliation/HeartTrialTwin_step2_cohort_reconciliation.csv,5a254575d8d5276d1176b53b38dad6600b46d6732441698e8e14668699d8ac43
NCT01347411,COMPLETED,0,2011-04-13,2011,development,HTT-P1-AACT-20260905,2026-09-05,20260905_export_ctgov.zip,ctgov.studies.overall_status,COMPLETED=0;TERMINATED|WITHDRAWN=1,ctgov.studies.study_first_submitted_date,step2_reconciliation/HeartTrialTwin_step2_cohort_reconciliation.csv,5a254575d8d5276d1176b53b38dad6600b46d6732441698e8e14668699d8ac43
NCT01347528,WITHDRAWN,1,2011-04-29,2011,development,HTT-P1-AACT-20260905,2026-09-05,20260905_export_ctgov.zip,ctgov.studies.overall_status,COMPLETED=0;TERMINATED|WITHDRAWN=1,ctgov.studies.study_first_submitted_date,step2_reconciliation/HeartTrialTwin_step2_cohort_reconciliation.csv,5a254575d8d5276d1176b53b38dad6600b46d6732441698e8e14668699d8ac43
NCT01347567,COMPLETED,0,2011-05-03,2011,development,HTT-P1-AACT-20260905,2026-09-05,20260905_export_ctgov.zip,ctgov.studies.overall_status,COMPLETED=0;TERMINATED|WITHDRAWN=1,ctgov.studies.study_first_submitted_date,step2_reconciliation/HeartTrialTwin_step2_cohort_reconciliation.csv,5a254575d8d5276d1176b53b38dad6600b46d6732441698e8e14668699d8ac43
NCT01350310,COMPLETED,0,2011-05-06,2011,development,HTT-P1-AACT-20260905,2026-09-05,20260905_export_ctgov.zip,ctgov.studies.overall_status,COMPLETED=0;TERMINATED|WITHDRAWN=1,ctgov.studies.study_first_submitted_date,step2_reconciliation/HeartTrialTwin_step2_cohort_reconciliation.csv,5a254575d8d5276d1176b53b38dad6600b46d6732441698e8e14668699d8ac43
NCT01353690,TERMINATED,1,2011-05-12,2011,development,HTT-P1-AACT-20260905,2026-09-05,20260905_export_ctgov.zip,ctgov.studies.overall_status,COMPLETED=0;TERMINATED|WITHDRAWN=1,ctgov.studies.study_first_submitted_date,step2_reconciliation/HeartTrialTwin_step2_cohort_reconciliation.csv,5a254575d8d5276d1176b53b38dad6600b46d6732441698e8e14668699d8ac43
NCT01354613,COMPLETED,0,2011-05-05,2011,development,HTT-P1-AACT-20260905,2026-09-05,20260905_export_ctgov.zip,ctgov.studies.overall_status,COMPLETED=0;TERMINATED|WITHDRAWN=1,ctgov.studies.study_first_submitted_date,step2_reconciliation/HeartTrialTwin_step2_cohort_reconciliation.csv,5a254575d8d5276d1176b53b38dad6600b46d6732441698e8e14668699d8ac43
NCT01354678,TERMINATED,1,2011-05-13,2011,development,HTT-P1-AACT-20260905,2026-09-05,20260905_export_ctgov.zip,ctgov.studies.overall_status,COMPLETED=0;TERMINATED|WITHDRAWN=1,ctgov.studies.study_first_submitted_date,step2_reconciliation/HeartTrialTwin_step2_cohort_reconciliation.csv,5a254575d8d5276d1176b53b38dad6600b46d6732441698e8e14668699d8ac43
NCT01357850,COMPLETED,0,2010-11-11,2010,development,HTT-P1-AACT-20260905,2026-09-05,20260905_export_ctgov.zip,ctgov.studies.overall_status,COMPLETED=0;TERMINATED|WITHDRAWN=1,ctgov.studies.study_first_submitted_date,step2_reconciliation/HeartTrialTwin_step2_cohort_reconciliation.csv,5a254575d8d5276d1176b53b38dad6600b46d6732441698e8e14668699d8ac43
NCT01360203,COMPLETED,0,2011-05-18,2011,development,HTT-P1-AACT-20260905,2026-09-05,20260905_export_ctgov.zip,ctgov.studies.overall_status,COMPLETED=0;TERMINATED|WITHDRAWN=1,ctgov.studies.study_first_submitted_date,step2_reconciliation/HeartTrialTwin_step2_cohort_reconciliation.csv,5a254575d8d5276d1176b53b38dad6600b46d6732441698e8e14668699d8ac43
NCT01362465,COMPLETED,0,2011-05-25,2011,development,HTT-P1-AACT-20260905,2026-09-05,20260905_export_ctgov.zip,ctgov.studies.overall_status,COMPLETED=0;TERMINATED|WITHDRAWN=1,ctgov.studies.study_first_submitted_date,step2_reconciliation/HeartTrialTwin_step2_cohort_reconciliation.csv,5a254575d8d5276d1176b53b38dad6600b46d6732441698e8e14668699d8ac43
NCT01362725,COMPLETED,0,2011-05-26,2011,development,HTT-P1-AACT-20260905,2026-09-05,20260905_export_ctgov.zip,ctgov.studies.overall_status,COMPLETED=0;TERMINATED|WITHDRAWN=1,ctgov.studies.study_first_submitted_date,step2_reconciliation/HeartTrialTwin_step2_cohort_reconciliation.csv,5a254575d8d5276d1176b53b38dad6600b46d6732441698e8e14668699d8ac43
NCT01365234,COMPLETED,0,2011-05-25,2011,development,HTT-P1-AACT-20260905,2026-09-05,20260905_export_ctgov.zip,ctgov.studies.overall_status,COMPLETED=0;TERMINATED|WITHDRAWN=1,ctgov.studies.study_first_submitted_date,step2_reconciliation/HeartTrialTwin_step2_cohort_reconciliation.csv,5a254575d8d5276d1176b53b38dad6600b46d6732441698e8e14668699d8ac43
NCT01365325,COMPLETED,0,2011-05-27,2011,development,HTT-P1-AACT-20260905,2026-09-05,20260905_export_ctgov.zip,ctgov.studies.overall_status,COMPLETED=0;TERMINATED|WITHDRAWN=1,ctgov.studies.study_first_submitted_date,step2_reconciliation/HeartTrialTwin_step2_cohort_reconciliation.csv,5a254575d8d5276d1176b53b38dad6600b46d6732441698e8e14668699d8ac43
NCT01367691,TERMINATED,1,2011-06-01,2011,development,HTT-P1-AACT-20260905,2026-09-05,20260905_export_ctgov.zip,ctgov.studies.overall_status,COMPLETED=0;TERMINATED|WITHDRAWN=1,ctgov.studies.study_first_submitted_date,step2_reconciliation/HeartTrialTwin_step2_cohort_reconciliation.csv,5a254575d8d5276d1176b53b38dad6600b46d6732441698e8e14668699d8ac43
NCT01370564,COMPLETED,0,2011-06-08,2011,development,HTT-P1-AACT-20260905,2026-09-05,20260905_export_ctgov.zip,ctgov.studies.overall_status,COMPLETED=0;TERMINATED|WITHDRAWN=1,ctgov.studies.study_first_submitted_date,step2_reconciliation/HeartTrialTwin_step2_cohort_reconciliation.csv,5a254575d8d5276d1176b53b38dad6600b46d6732441698e8e14668699d8ac43
NCT01373619,COMPLETED,0,2011-05-25,2011,development,HTT-P1-AACT-20260905,2026-09-05,20260905_export_ctgov.zip,ctgov.studies.overall_status,COMPLETED=0;TERMINATED|WITHDRAWN=1,ctgov.studies.study_first_submitted_date,step2_reconciliation/HeartTrialTwin_step2_cohort_reconciliation.csv,5a254575d8d5276d1176b53b38dad6600b46d6732441698e8e14668699d8ac43
NCT01375361,WITHDRAWN,1,2010-04-20,2010,development,HTT-P1-AACT-20260905,2026-09-05,20260905_export_ctgov.zip,ctgov.studies.overall_status,COMPLETED=0;TERMINATED|WITHDRAWN=1,ctgov.studies.study_first_submitted_date,step2_reconciliation/HeartTrialTwin_step2_cohort_reconciliation.csv,5a254575d8d5276d1176b53b38dad6600b46d6732441698e8e14668699d8ac43
NCT01375673,COMPLETED,0,2010-10-08,2010,development,HTT-P1-AACT-20260905,2026-09-05,20260905_export_ctgov.zip,ctgov.studies.overall_status,COMPLETED=0;TERMINATED|WITHDRAWN=1,ctgov.studies.study_first_submitted_date,step2_reconciliation/HeartTrialTwin_step2_cohort_reconciliation.csv,5a254575d8d5276d1176b53b38dad6600b46d6732441698e8e14668699d8ac43
NCT01377103,WITHDRAWN,1,2011-05-18,2011,development,HTT-P1-AACT-20260905,2026-09-05,20260905_export_ctgov.zip,ctgov.studies.overall_status,COMPLETED=0;TERMINATED|WITHDRAWN=1,ctgov.studies.study_first_submitted_date,step2_reconciliation/HeartTrialTwin_step2_cohort_reconciliation.csv,5a254575d8d5276d1176b53b38dad6600b46d6732441698e8e14668699d8ac43
NCT01377987,COMPLETED,0,2011-06-20,2011,development,HTT-P1-AACT-20260905,2026-09-05,20260905_export_ctgov.zip,ctgov.studies.overall_status,COMPLETED=0;TERMINATED|WITHDRAWN=1,ctgov.studies.study_first_submitted_date,step2_reconciliation/HeartTrialTwin_step2_cohort_reconciliation.csv,5a254575d8d5276d1176b53b38dad6600b46d6732441698e8e14668699d8ac43
NCT01378247,COMPLETED,0,2011-06-16,2011,development,HTT-P1-AACT-20260905,2026-09-05,20260905_export_ctgov.zip,ctgov.studies.overall_status,COMPLETED=0;TERMINATED|WITHDRAWN=1,ctgov.studies.study_first_submitted_date,step2_reconciliation/HeartTrialTwin_step2_cohort_reconciliation.csv,5a254575d8d5276d1176b53b38dad6600b46d6732441698e8e14668699d8ac43
NCT01380223,COMPLETED,0,2011-06-22,2011,development,HTT-P1-AACT-20260905,2026-09-05,20260905_export_ctgov.zip,ctgov.studies.overall_status,COMPLETED=0;TERMINATED|WITHDRAWN=1,ctgov.studies.study_first_submitted_date,step2_reconciliation/HeartTrialTwin_step2_cohort_reconciliation.csv,5a254575d8d5276d1176b53b38dad6600b46d6732441698e8e14668699d8ac43
NCT01381172,COMPLETED,0,2011-06-22,2011,development,HTT-P1-AACT-20260905,2026-09-05,20260905_export_ctgov.zip,ctgov.studies.overall_status,COMPLETED=0;TERMINATED|WITHDRAWN=1,ctgov.studies.study_first_submitted_date,step2_reconciliation/HeartTrialTwin_step2_cohort_reconciliation.csv,5a254575d8d5276d1176b53b38dad6600b46d6732441698e8e14668699d8ac43
NCT01388855,COMPLETED,0,2011-06-22,2011,development,HTT-P1-AACT-20260905,2026-09-05,20260905_export_ctgov.zip,ctgov.studies.overall_status,COMPLETED=0;TERMINATED|WITHDRAWN=1,ctgov.studies.study_first_submitted_date,step2_reconciliation/HeartTrialTwin_step2_cohort_reconciliation.csv,5a254575d8d5276d1176b53b38dad6600b46d6732441698e8e14668699d8ac43
NCT01391507,COMPLETED,0,2011-07-04,2011,development,HTT-P1-AACT-20260905,2026-09-05,20260905_export_ctgov.zip,ctgov.studies.overall_status,COMPLETED=0;TERMINATED|WITHDRAWN=1,ctgov.studies.study_first_submitted_date,step2_reconciliation/HeartTrialTwin_step2_cohort_reconciliation.csv,5a254575d8d5276d1176b53b38dad6600b46d6732441698e8e14668699d8ac43
NCT01392196,TERMINATED,1,2011-07-07,2011,development,HTT-P1-AACT-20260905,2026-09-05,20260905_export_ctgov.zip,ctgov.studies.overall_status,COMPLETED=0;TERMINATED|WITHDRAWN=1,ctgov.studies.study_first_submitted_date,step2_reconciliation/HeartTrialTwin_step2_cohort_reconciliation.csv,5a254575d8d5276d1176b53b38dad6600b46d6732441698e8e14668699d8ac43
NCT01392625,COMPLETED,0,2011-06-29,2011,development,HTT-P1-AACT-20260905,2026-09-05,20260905_export_ctgov.zip,ctgov.studies.overall_status,COMPLETED=0;TERMINATED|WITHDRAWN=1,ctgov.studies.study_first_submitted_date,step2_reconciliation/HeartTrialTwin_step2_cohort_reconciliation.csv,5a254575d8d5276d1176b53b38dad6600b46d6732441698e8e14668699d8ac43
NCT01393314,COMPLETED,0,2011-07-01,2011,development,HTT-P1-AACT-20260905,2026-09-05,20260905_export_ctgov.zip,ctgov.studies.overall_status,COMPLETED=0;TERMINATED|WITHDRAWN=1,ctgov.studies.study_first_submitted_date,step2_reconciliation/HeartTrialTwin_step2_cohort_reconciliation.csv,5a254575d8d5276d1176b53b38dad6600b46d6732441698e8e14668699d8ac43
NCT01394562,COMPLETED,0,2011-07-12,2011,development,HTT-P1-AACT-20260905,2026-09-05,20260905_export_ctgov.zip,ctgov.studies.overall_status,COMPLETED=0;TERMINATED|WITHDRAWN=1,ctgov.studies.study_first_submitted_date,step2_reconciliation/HeartTrialTwin_step2_cohort_reconciliation.csv,5a254575d8d5276d1176b53b38dad6600b46d6732441698e8e14668699d8ac43
NCT01398371,COMPLETED,0,2011-07-19,2011,development,HTT-P1-AACT-20260905,2026-09-05,20260905_export_ctgov.zip,ctgov.studies.overall_status,COMPLETED=0;TERMINATED|WITHDRAWN=1,ctgov.studies.study_first_submitted_date,step2_reconciliation/HeartTrialTwin_step2_cohort_reconciliation.csv,5a254575d8d5276d1176b53b38dad6600b46d6732441698e8e14668699d8ac43
NCT01399801,COMPLETED,0,2011-06-16,2011,development,HTT-P1-AACT-20260905,2026-09-05,20260905_export_ctgov.zip,ctgov.studies.overall_status,COMPLETED=0;TERMINATED|WITHDRAWN=1,ctgov.studies.study_first_submitted_date,step2_reconciliation/HeartTrialTwin_step2_cohort_reconciliation.csv,5a254575d8d5276d1176b53b38dad6600b46d6732441698e8e14668699d8ac43
NCT01403714,WITHDRAWN,1,2011-07-21,2011,development,HTT-P1-AACT-20260905,2026-09-05,20260905_export_ctgov.zip,ctgov.studies.overall_status,COMPLETED=0;TERMINATED|WITHDRAWN=1,ctgov.studies.study_first_submitted_date,step2_reconciliation/HeartTrialTwin_step2_cohort_reconciliation.csv,5a254575d8d5276d1176b53b38dad6600b46d6732441698e8e14668699d8ac43
NCT01404988,COMPLETED,0,2011-07-27,2011,development,HTT-P1-AACT-20260905,2026-09-05,20260905_export_ctgov.zip,ctgov.studies.overall_status,COMPLETED=0;TERMINATED|WITHDRAWN=1,ctgov.studies.study_first_submitted_date,step2_reconciliation/HeartTrialTwin_step2_cohort_reconciliation.csv,5a254575d8d5276d1176b53b38dad6600b46d6732441698e8e14668699d8ac43
NCT01407185,TERMINATED,1,2011-07-27,2011,development,HTT-P1-AACT-20260905,2026-09-05,20260905_export_ctgov.zip,ctgov.studies.overall_status,COMPLETED=0;TERMINATED|WITHDRAWN=1,ctgov.studies.study_first_submitted_date,step2_reconciliation/HeartTrialTwin_step2_cohort_reconciliation.csv,5a254575d8d5276d1176b53b38dad6600b46d6732441698e8e14668699d8ac43
NCT01407900,WITHDRAWN,1,2011-07-27,2011,development,HTT-P1-AACT-20260905,2026-09-05,20260905_export_ctgov.zip,ctgov.studies.overall_status,COMPLETED=0;TERMINATED|WITHDRAWN=1,ctgov.studies.study_first_submitted_date,step2_reconciliation/HeartTrialTwin_step2_cohort_reconciliation.csv,5a254575d8d5276d1176b53b38dad6600b46d6732441698e8e14668699d8ac43
NCT01408875,COMPLETED,0,2011-08-02,2011,development,HTT-P1-AACT-20260905,2026-09-05,20260905_export_ctgov.zip,ctgov.studies.overall_status,COMPLETED=0;TERMINATED|WITHDRAWN=1,ctgov.studies.study_first_submitted_date,step2_reconciliation/HeartTrialTwin_step2_cohort_reconciliation.csv,5a254575d8d5276d1176b53b38dad6600b46d6732441698e8e14668699d8ac43
NCT01411735,COMPLETED,0,2011-08-05,2011,development,HTT-P1-AACT-20260905,2026-09-05,20260905_export_ctgov.zip,ctgov.studies.overall_status,COMPLETED=0;TERMINATED|WITHDRAWN=1,ctgov.studies.study_first_submitted_date,step2_reconciliation/HeartTrialTwin_step2_cohort_reconciliation.csv,5a254575d8d5276d1176b53b38dad6600b46d6732441698e8e14668699d8ac43
NCT01415921,COMPLETED,0,2011-08-10,2011,development,HTT-P1-AACT-20260905,2026-09-05,20260905_export_ctgov.zip,ctgov.studies.overall_status,COMPLETED=0;TERMINATED|WITHDRAWN=1,ctgov.studies.study_first_submitted_date,step2_reconciliation/HeartTrialTwin_step2_cohort_reconciliation.csv,5a254575d8d5276d1176b53b38dad6600b46d6732441698e8e14668699d8ac43
NCT01420393,COMPLETED,0,2011-08-17,2011,development,HTT-P1-AACT-20260905,2026-09-05,20260905_export_ctgov.zip,ctgov.studies.overall_status,COMPLETED=0;TERMINATED|WITHDRAWN=1,ctgov.studies.study_first_submitted_date,step2_reconciliation/HeartTrialTwin_step2_cohort_reconciliation.csv,5a254575d8d5276d1176b53b38dad6600b46d6732441698e8e14668699d8ac43
NCT01423266,COMPLETED,0,2011-08-15,2011,development,HTT-P1-AACT-20260905,2026-09-05,20260905_export_ctgov.zip,ctgov.studies.overall_status,COMPLETED=0;TERMINATED|WITHDRAWN=1,ctgov.studies.study_first_submitted_date,step2_reconciliation/HeartTrialTwin_step2_cohort_reconciliation.csv,5a254575d8d5276d1176b53b38dad6600b46d6732441698e8e14668699d8ac43
NCT01425580,COMPLETED,0,2011-08-26,2011,development,HTT-P1-AACT-20260905,2026-09-05,20260905_export_ctgov.zip,ctgov.studies.overall_status,COMPLETED=0;TERMINATED|WITHDRAWN=1,ctgov.studies.study_first_submitted_date,step2_reconciliation/HeartTrialTwin_step2_cohort_reconciliation.csv,5a254575d8d5276d1176b53b38dad6600b46d6732441698e8e14668699d8ac43
NCT01426321,COMPLETED,0,2011-08-25,2011,development,HTT-P1-AACT-20260905,2026-09-05,20260905_export_ctgov.zip,ctgov.studies.overall_status,COMPLETED=0;TERMINATED|WITHDRAWN=1,ctgov.studies.study_first_submitted_date,step2_reconciliation/HeartTrialTwin_step2_cohort_reconciliation.csv,5a254575d8d5276d1176b53b38dad6600b46d6732441698e8e14668699d8ac43
NCT01427634,COMPLETED,0,2011-08-15,2011,development,HTT-P1-AACT-20260905,2026-09-05,20260905_export_ctgov.zip,ctgov.studies.overall_status,COMPLETED=0;TERMINATED|WITHDRAWN=1,ctgov.studies.study_first_submitted_date,step2_reconciliation/HeartTrialTwin_step2_cohort_reconciliation.csv,5a254575d8d5276d1176b53b38dad6600b46d6732441698e8e14668699d8ac43
NCT01429376,COMPLETED,0,2011-09-02,2011,development,HTT-P1-AACT-20260905,2026-09-05,20260905_export_ctgov.zip,ctgov.studies.overall_status,COMPLETED=0;TERMINATED|WITHDRAWN=1,ctgov.studies.study_first_submitted_date,step2_reconciliation/HeartTrialTwin_step2_cohort_reconciliation.csv,5a254575d8d5276d1176b53b38dad6600b46d6732441698e8e14668699d8ac43
NCT01431157,TERMINATED,1,2011-09-07,2011,development,HTT-P1-AACT-20260905,2026-09-05,20260905_export_ctgov.zip,ctgov.studies.overall_status,COMPLETED=0;TERMINATED|WITHDRAWN=1,ctgov.studies.study_first_submitted_date,step2_reconciliation/HeartTrialTwin_step2_cohort_reconciliation.csv,5a254575d8d5276d1176b53b38dad6600b46d6732441698e8e14668699d8ac43
NCT01431313,COMPLETED,0,2011-09-06,2011,development,HTT-P1-AACT-20260905,2026-09-05,20260905_export_ctgov.zip,ctgov.studies.overall_status,COMPLETED=0;TERMINATED|WITHDRAWN=1,ctgov.studies.study_first_submitted_date,step2_reconciliation/HeartTrialTwin_step2_cohort_reconciliation.csv,5a254575d8d5276d1176b53b38dad6600b46d6732441698e8e14668699d8ac43
NCT01434134,COMPLETED,0,2011-09-05,2011,development,HTT-P1-AACT-20260905,2026-09-05,20260905_export_ctgov.zip,ctgov.studies.overall_status,COMPLETED=0;TERMINATED|WITHDRAWN=1,ctgov.studies.study_first_submitted_date,step2_reconciliation/HeartTrialTwin_step2_cohort_reconciliation.csv,5a254575d8d5276d1176b53b38dad6600b46d6732441698e8e14668699d8ac43
NCT01434615,COMPLETED,0,2011-09-13,2011,development,HTT-P1-AACT-20260905,2026-09-05,20260905_export_ctgov.zip,ctgov.studies.overall_status,COMPLETED=0;TERMINATED|WITHDRAWN=1,ctgov.studies.study_first_submitted_date,step2_reconciliation/HeartTrialTwin_step2_cohort_reconciliation.csv,5a254575d8d5276d1176b53b38dad6600b46d6732441698e8e14668699d8ac43
NCT01437371,COMPLETED,0,2011-08-31,2011,development,HTT-P1-AACT-20260905,2026-09-05,20260905_export_ctgov.zip,ctgov.studies.overall_status,COMPLETED=0;TERMINATED|WITHDRAWN=1,ctgov.studies.study_first_submitted_date,step2_reconciliation/HeartTrialTwin_step2_cohort_reconciliation.csv,5a254575d8d5276d1176b53b38dad6600b46d6732441698e8e14668699d8ac43
NCT01438086,COMPLETED,0,2011-09-17,2011,development,HTT-P1-AACT-20260905,2026-09-05,20260905_export_ctgov.zip,ctgov.studies.overall_status,COMPLETED=0;TERMINATED|WITHDRAWN=1,ctgov.studies.study_first_submitted_date,step2_reconciliation/HeartTrialTwin_step2_cohort_reconciliation.csv,5a254575d8d5276d1176b53b38dad6600b46d6732441698e8e14668699d8ac43
NCT01439009,COMPLETED,0,2011-09-15,2011,development,HTT-P1-AACT-20260905,2026-09-05,20260905_export_ctgov.zip,ctgov.studies.overall_status,COMPLETED=0;TERMINATED|WITHDRAWN=1,ctgov.studies.study_first_submitted_date,step2_reconciliation/HeartTrialTwin_step2_cohort_reconciliation.csv,5a254575d8d5276d1176b53b38dad6600b46d6732441698e8e14668699d8ac43
NCT01439529,COMPLETED,0,2011-09-19,2011,development,HTT-P1-AACT-20260905,2026-09-05,20260905_export_ctgov.zip,ctgov.studies.overall_status,COMPLETED=0;TERMINATED|WITHDRAWN=1,ctgov.studies.study_first_submitted_date,step2_reconciliation/HeartTrialTwin_step2_cohort_reconciliation.csv,5a254575d8d5276d1176b53b38dad6600b46d6732441698e8e14668699d8ac43
NCT01439789,TERMINATED,1,2011-09-21,2011,development,HTT-P1-AACT-20260905,2026-09-05,20260905_export_ctgov.zip,ctgov.studies.overall_status,COMPLETED=0;TERMINATED|WITHDRAWN=1,ctgov.studies.study_first_submitted_date,step2_reconciliation/HeartTrialTwin_step2_cohort_reconciliation.csv,5a254575d8d5276d1176b53b38dad6600b46d6732441698e8e14668699d8ac43
NCT01439893,TERMINATED,1,2011-09-21,2011,development,HTT-P1-AACT-20260905,2026-09-05,20260905_export_ctgov.zip,ctgov.studies.overall_status,COMPLETED=0;TERMINATED|WITHDRAWN=1,ctgov.studies.study_first_submitted_date,step2_reconciliation/HeartTrialTwin_step2_cohort_reconciliation.csv,5a254575d8d5276d1176b53b38dad6600b46d6732441698e8e14668699d8ac43
NCT01440335,COMPLETED,0,2011-09-23,2011,development,HTT-P1-AACT-20260905,2026-09-05,20260905_export_ctgov.zip,ctgov.studies.overall_status,COMPLETED=0;TERMINATED|WITHDRAWN=1,ctgov.studies.study_first_submitted_date,step2_reconciliation/HeartTrialTwin_step2_cohort_reconciliation.csv,5a254575d8d5276d1176b53b38dad6600b46d6732441698e8e14668699d8ac43
NCT01440517,TERMINATED,1,2011-09-22,2011,development,HTT-P1-AACT-20260905,2026-09-05,20260905_export_ctgov.zip,ctgov.studies.overall_status,COMPLETED=0;TERMINATED|WITHDRAWN=1,ctgov.studies.study_first_submitted_date,step2_reconciliation/HeartTrialTwin_step2_cohort_reconciliation.csv,5a254575d8d5276d1176b53b38dad6600b46d6732441698e8e14668699d8ac43
NCT01441245,COMPLETED,0,2011-09-22,2011,development,HTT-P1-AACT-20260905,2026-09-05,20260905_export_ctgov.zip,ctgov.studies.overall_status,COMPLETED=0;TERMINATED|WITHDRAWN=1,ctgov.studies.study_first_submitted_date,step2_reconciliation/HeartTrialTwin_step2_cohort_reconciliation.csv,5a254575d8d5276d1176b53b38dad6600b46d6732441698e8e14668699d8ac43
NCT01441583,COMPLETED,0,2011-09-26,2011,development,HTT-P1-AACT-20260905,2026-09-05,20260905_export_ctgov.zip,ctgov.studies.overall_status,COMPLETED=0;TERMINATED|WITHDRAWN=1,ctgov.studies.study_first_submitted_date,step2_reconciliation/HeartTrialTwin_step2_cohort_reconciliation.csv,5a254575d8d5276d1176b53b38dad6600b46d6732441698e8e14668699d8ac43
NCT01442129,COMPLETED,0,2011-09-26,2011,development,HTT-P1-AACT-20260905,2026-09-05,20260905_export_ctgov.zip,ctgov.studies.overall_status,COMPLETED=0;TERMINATED|WITHDRAWN=1,ctgov.studies.study_first_submitted_date,step2_reconciliation/HeartTrialTwin_step2_cohort_reconciliation.csv,5a254575d8d5276d1176b53b38dad6600b46d6732441698e8e14668699d8ac43
NCT01444872,COMPLETED,0,2011-09-19,2011,development,HTT-P1-AACT-20260905,2026-09-05,20260905_export_ctgov.zip,ctgov.studies.overall_status,COMPLETED=0;TERMINATED|WITHDRAWN=1,ctgov.studies.study_first_submitted_date,step2_reconciliation/HeartTrialTwin_step2_cohort_reconciliation.csv,5a254575d8d5276d1176b53b38dad6600b46d6732441698e8e14668699d8ac43
NCT01446536,COMPLETED,0,2011-09-30,2011,development,HTT-P1-AACT-20260905,2026-09-05,20260905_export_ctgov.zip,ctgov.studies.overall_status,COMPLETED=0;TERMINATED|WITHDRAWN=1,ctgov.studies.study_first_submitted_date,step2_reconciliation/HeartTrialTwin_step2_cohort_reconciliation.csv,5a254575d8d5276d1176b53b38dad6600b46d6732441698e8e14668699d8ac43
NCT01446796,TERMINATED,1,2011-09-14,2011,development,HTT-P1-AACT-20260905,2026-09-05,20260905_export_ctgov.zip,ctgov.studies.overall_status,COMPLETED=0;TERMINATED|WITHDRAWN=1,ctgov.studies.study_first_submitted_date,step2_reconciliation/HeartTrialTwin_step2_cohort_reconciliation.csv,5a254575d8d5276d1176b53b38dad6600b46d6732441698e8e14668699d8ac43
NCT01453608,COMPLETED,0,2011-10-13,2011,development,HTT-P1-AACT-20260905,2026-09-05,20260905_export_ctgov.zip,ctgov.studies.overall_status,COMPLETED=0;TERMINATED|WITHDRAWN=1,ctgov.studies.study_first_submitted_date,step2_reconciliation/HeartTrialTwin_step2_cohort_reconciliation.csv,5a254575d8d5276d1176b53b38dad6600b46d6732441698e8e14668699d8ac43
NCT01454128,COMPLETED,0,2011-10-14,2011,development,HTT-P1-AACT-20260905,2026-09-05,20260905_export_ctgov.zip,ctgov.studies.overall_status,COMPLETED=0;TERMINATED|WITHDRAWN=1,ctgov.studies.study_first_submitted_date,step2_reconciliation/HeartTrialTwin_step2_cohort_reconciliation.csv,5a254575d8d5276d1176b53b38dad6600b46d6732441698e8e14668699d8ac43
NCT01457053,TERMINATED,1,2011-10-19,2011,development,HTT-P1-AACT-20260905,2026-09-05,20260905_export_ctgov.zip,ctgov.studies.overall_status,COMPLETED=0;TERMINATED|WITHDRAWN=1,ctgov.studies.study_first_submitted_date,step2_reconciliation/HeartTrialTwin_step2_cohort_reconciliation.csv,5a254575d8d5276d1176b53b38dad6600b46d6732441698e8e14668699d8ac43
NCT01459744,COMPLETED,0,2011-10-13,2011,development,HTT-P1-AACT-20260905,2026-09-05,20260905_export_ctgov.zip,ctgov.studies.overall_status,COMPLETED=0;TERMINATED|WITHDRAWN=1,ctgov.studies.study_first_submitted_date,step2_reconciliation/HeartTrialTwin_step2_cohort_reconciliation.csv,5a254575d8d5276d1176b53b38dad6600b46d6732441698e8e14668699d8ac43
NCT01461681,COMPLETED,0,2011-10-17,2011,development,HTT-P1-AACT-20260905,2026-09-05,20260905_export_ctgov.zip,ctgov.studies.overall_status,COMPLETED=0;TERMINATED|WITHDRAWN=1,ctgov.studies.study_first_submitted_date,step2_reconciliation/HeartTrialTwin_step2_cohort_reconciliation.csv,5a254575d8d5276d1176b53b38dad6600b46d6732441698e8e14668699d8ac43
NCT01463267,COMPLETED,0,2011-09-27,2011,development,HTT-P1-AACT-20260905,2026-09-05,20260905_export_ctgov.zip,ctgov.studies.overall_status,COMPLETED=0;TERMINATED|WITHDRAWN=1,ctgov.studies.study_first_submitted_date,step2_reconciliation/HeartTrialTwin_step2_cohort_reconciliation.csv,5a254575d8d5276d1176b53b38dad6600b46d6732441698e8e14668699d8ac43
NCT01467232,COMPLETED,0,2011-10-28,2011,development,HTT-P1-AACT-20260905,2026-09-05,20260905_export_ctgov.zip,ctgov.studies.overall_status,COMPLETED=0;TERMINATED|WITHDRAWN=1,ctgov.studies.study_first_submitted_date,step2_reconciliation/HeartTrialTwin_step2_cohort_reconciliation.csv,5a254575d8d5276d1176b53b38dad6600b46d6732441698e8e14668699d8ac43
NCT01469988,TERMINATED,1,2011-11-02,2011,development,HTT-P1-AACT-20260905,2026-09-05,20260905_export_ctgov.zip,ctgov.studies.overall_status,COMPLETED=0;TERMINATED|WITHDRAWN=1,ctgov.studies.study_first_submitted_date,step2_reconciliation/HeartTrialTwin_step2_cohort_reconciliation.csv,5a254575d8d5276d1176b53b38dad6600b46d6732441698e8e14668699d8ac43
NCT01472237,TERMINATED,1,2011-11-11,2011,development,HTT-P1-AACT-20260905,2026-09-05,20260905_export_ctgov.zip,ctgov.studies.overall_status,COMPLETED=0;TERMINATED|WITHDRAWN=1,ctgov.studies.study_first_submitted_date,step2_reconciliation/HeartTrialTwin_step2_cohort_reconciliation.csv,5a254575d8d5276d1176b53b38dad6600b46d6732441698e8e14668699d8ac43
NCT01472640,COMPLETED,0,2011-11-11,2011,development,HTT-P1-AACT-20260905,2026-09-05,20260905_export_ctgov.zip,ctgov.studies.overall_status,COMPLETED=0;TERMINATED|WITHDRAWN=1,ctgov.studies.study_first_submitted_date,step2_reconciliation/HeartTrialTwin_step2_cohort_reconciliation.csv,5a254575d8d5276d1176b53b38dad6600b46d6732441698e8e14668699d8ac43
NCT01474200,TERMINATED,1,2011-11-11,2011,development,HTT-P1-AACT-20260905,2026-09-05,20260905_export_ctgov.zip,ctgov.studies.overall_status,COMPLETED=0;TERMINATED|WITHDRAWN=1,ctgov.studies.study_first_submitted_date,step2_reconciliation/HeartTrialTwin_step2_cohort_reconciliation.csv,5a254575d8d5276d1176b53b38dad6600b46d6732441698e8e14668699d8ac43
NCT01474486,COMPLETED,0,2011-01-28,2011,development,HTT-P1-AACT-20260905,2026-09-05,20260905_export_ctgov.zip,ctgov.studies.overall_status,COMPLETED=0;TERMINATED|WITHDRAWN=1,ctgov.studies.study_first_submitted_date,step2_reconciliation/HeartTrialTwin_step2_cohort_reconciliation.csv,5a254575d8d5276d1176b53b38dad6600b46d6732441698e8e14668699d8ac43
NCT01475175,TERMINATED,1,2011-11-16,2011,development,HTT-P1-AACT-20260905,2026-09-05,20260905_export_ctgov.zip,ctgov.studies.overall_status,COMPLETED=0;TERMINATED|WITHDRAWN=1,ctgov.studies.study_first_submitted_date,step2_reconciliation/HeartTrialTwin_step2_cohort_reconciliation.csv,5a254575d8d5276d1176b53b38dad6600b46d6732441698e8e14668699d8ac43
NCT01476566,WITHDRAWN,1,2011-11-14,2011,development,HTT-P1-AACT-20260905,2026-09-05,20260905_export_ctgov.zip,ctgov.studies.overall_status,COMPLETED=0;TERMINATED|WITHDRAWN=1,ctgov.studies.study_first_submitted_date,step2_reconciliation/HeartTrialTwin_step2_cohort_reconciliation.csv,5a254575d8d5276d1176b53b38dad6600b46d6732441698e8e14668699d8ac43
NCT01478932,TERMINATED,1,2011-11-04,2011,development,HTT-P1-AACT-20260905,2026-09-05,20260905_export_ctgov.zip,ctgov.studies.overall_status,COMPLETED=0;TERMINATED|WITHDRAWN=1,ctgov.studies.study_first_submitted_date,step2_reconciliation/HeartTrialTwin_step2_cohort_reconciliation.csv,5a254575d8d5276d1176b53b38dad6600b46d6732441698e8e14668699d8ac43
NCT01480401,COMPLETED,0,2011-11-23,2011,development,HTT-P1-AACT-20260905,2026-09-05,20260905_export_ctgov.zip,ctgov.studies.overall_status,COMPLETED=0;TERMINATED|WITHDRAWN=1,ctgov.studies.study_first_submitted_date,step2_reconciliation/HeartTrialTwin_step2_cohort_reconciliation.csv,5a254575d8d5276d1176b53b38dad6600b46d6732441698e8e14668699d8ac43
NCT01480921,COMPLETED,0,2011-11-22,2011,development,HTT-P1-AACT-20260905,2026-09-05,20260905_export_ctgov.zip,ctgov.studies.overall_status,COMPLETED=0;TERMINATED|WITHDRAWN=1,ctgov.studies.study_first_submitted_date,step2_reconciliation/HeartTrialTwin_step2_cohort_reconciliation.csv,5a254575d8d5276d1176b53b38dad6600b46d6732441698e8e14668699d8ac43
NCT01481402,COMPLETED,0,2011-11-25,2011,development,HTT-P1-AACT-20260905,2026-09-05,20260905_export_ctgov.zip,ctgov.studies.overall_status,COMPLETED=0;TERMINATED|WITHDRAWN=1,ctgov.studies.study_first_submitted_date,step2_reconciliation/HeartTrialTwin_step2_cohort_reconciliation.csv,5a254575d8d5276d1176b53b38dad6600b46d6732441698e8e14668699d8ac43
NCT01482598,COMPLETED,0,2011-11-28,2011,development,HTT-P1-AACT-20260905,2026-09-05,20260905_export_ctgov.zip,ctgov.studies.overall_status,COMPLETED=0;TERMINATED|WITHDRAWN=1,ctgov.studies.study_first_submitted_date,step2_reconciliation/HeartTrialTwin_step2_cohort_reconciliation.csv,5a254575d8d5276d1176b53b38dad6600b46d6732441698e8e14668699d8ac43
NCT01484288,COMPLETED,0,2011-11-29,2011,development,HTT-P1-AACT-20260905,2026-09-05,20260905_export_ctgov.zip,ctgov.studies.overall_status,COMPLETED=0;TERMINATED|WITHDRAWN=1,ctgov.studies.study_first_submitted_date,step2_reconciliation/HeartTrialTwin_step2_cohort_reconciliation.csv,5a254575d8d5276d1176b53b38dad6600b46d6732441698e8e14668699d8ac43
NCT01486316,COMPLETED,0,2011-11-04,2011,development,HTT-P1-AACT-20260905,2026-09-05,20260905_export_ctgov.zip,ctgov.studies.overall_status,COMPLETED=0;TERMINATED|WITHDRAWN=1,ctgov.studies.study_first_submitted_date,step2_reconciliation/HeartTrialTwin_step2_cohort_reconciliation.csv,5a254575d8d5276d1176b53b38dad6600b46d6732441698e8e14668699d8ac43
NCT01495078,COMPLETED,0,2011-09-08,2011,development,HTT-P1-AACT-20260905,2026-09-05,20260905_export_ctgov.zip,ctgov.studies.overall_status,COMPLETED=0;TERMINATED|WITHDRAWN=1,ctgov.studies.study_first_submitted_date,step2_reconciliation/HeartTrialTwin_step2_cohort_reconciliation.csv,5a254575d8d5276d1176b53b38dad6600b46d6732441698e8e14668699d8ac43
NCT01500343,COMPLETED,0,2011-12-22,2011,development,HTT-P1-AACT-20260905,2026-09-05,20260905_export_ctgov.zip,ctgov.studies.overall_status,COMPLETED=0;TERMINATED|WITHDRAWN=1,ctgov.studies.study_first_submitted_date,step2_reconciliation/HeartTrialTwin_step2_cohort_reconciliation.csv,5a254575d8d5276d1176b53b38dad6600b46d6732441698e8e14668699d8ac43
NCT01502501,WITHDRAWN,1,2011-12-27,2011,development,HTT-P1-AACT-20260905,2026-09-05,20260905_export_ctgov.zip,ctgov.studies.overall_status,COMPLETED=0;TERMINATED|WITHDRAWN=1,ctgov.studies.study_first_submitted_date,step2_reconciliation/HeartTrialTwin_step2_cohort_reconciliation.csv,5a254575d8d5276d1176b53b38dad6600b46d6732441698e8e14668699d8ac43
NCT01502514,WITHDRAWN,1,2011-12-27,2011,development,HTT-P1-AACT-20260905,2026-09-05,20260905_export_ctgov.zip,ctgov.studies.overall_status,COMPLETED=0;TERMINATED|WITHDRAWN=1,ctgov.studies.study_first_submitted_date,step2_reconciliation/HeartTrialTwin_step2_cohort_reconciliation.csv,5a254575d8d5276d1176b53b38dad6600b46d6732441698e8e14668699d8ac43
NCT01503463,COMPLETED,0,2012-01-02,2012,development,HTT-P1-AACT-20260905,2026-09-05,20260905_export_ctgov.zip,ctgov.studies.overall_status,COMPLETED=0;TERMINATED|WITHDRAWN=1,ctgov.studies.study_first_submitted_date,step2_reconciliation/HeartTrialTwin_step2_cohort_reconciliation.csv,5a254575d8d5276d1176b53b38dad6600b46d6732441698e8e14668699d8ac43
NCT01505179,COMPLETED,0,2011-12-08,2011,development,HTT-P1-AACT-20260905,2026-09-05,20260905_export_ctgov.zip,ctgov.studies.overall_status,COMPLETED=0;TERMINATED|WITHDRAWN=1,ctgov.studies.study_first_submitted_date,step2_reconciliation/HeartTrialTwin_step2_cohort_reconciliation.csv,5a254575d8d5276d1176b53b38dad6600b46d6732441698e8e14668699d8ac43
NCT01508650,COMPLETED,0,2011-12-21,2011,development,HTT-P1-AACT-20260905,2026-09-05,20260905_export_ctgov.zip,ctgov.studies.overall_status,COMPLETED=0;TERMINATED|WITHDRAWN=1,ctgov.studies.study_first_submitted_date,step2_reconciliation/HeartTrialTwin_step2_cohort_reconciliation.csv,5a254575d8d5276d1176b53b38dad6600b46d6732441698e8e14668699d8ac43
NCT01509495,TERMINATED,1,2011-12-07,2011,development,HTT-P1-AACT-20260905,2026-09-05,20260905_export_ctgov.zip,ctgov.studies.overall_status,COMPLETED=0;TERMINATED|WITHDRAWN=1,ctgov.studies.study_first_submitted_date,step2_reconciliation/HeartTrialTwin_step2_cohort_reconciliation.csv,5a254575d8d5276d1176b53b38dad6600b46d6732441698e8e14668699d8ac43
NCT01510652,COMPLETED,0,2011-11-30,2011,development,HTT-P1-AACT-20260905,2026-09-05,20260905_export_ctgov.zip,ctgov.studies.overall_status,COMPLETED=0;TERMINATED|WITHDRAWN=1,ctgov.studies.study_first_submitted_date,step2_reconciliation/HeartTrialTwin_step2_cohort_reconciliation.csv,5a254575d8d5276d1176b53b38dad6600b46d6732441698e8e14668699d8ac43
NCT01512381,TERMINATED,1,2012-01-12,2012,development,HTT-P1-AACT-20260905,2026-09-05,20260905_export_ctgov.zip,ctgov.studies.overall_status,COMPLETED=0;TERMINATED|WITHDRAWN=1,ctgov.studies.study_first_submitted_date,step2_reconciliation/HeartTrialTwin_step2_cohort_reconciliation.csv,5a254575d8d5276d1176b53b38dad6600b46d6732441698e8e14668699d8ac43
NCT01513993,COMPLETED,0,2012-01-17,2012,development,HTT-P1-AACT-20260905,2026-09-05,20260905_export_ctgov.zip,ctgov.studies.overall_status,COMPLETED=0;TERMINATED|WITHDRAWN=1,ctgov.studies.study_first_submitted_date,step2_reconciliation/HeartTrialTwin_step2_cohort_reconciliation.csv,5a254575d8d5276d1176b53b38dad6600b46d6732441698e8e14668699d8ac43
NCT01516346,COMPLETED,0,2012-01-19,2012,development,HTT-P1-AACT-20260905,2026-09-05,20260905_export_ctgov.zip,ctgov.studies.overall_status,COMPLETED=0;TERMINATED|WITHDRAWN=1,ctgov.studies.study_first_submitted_date,step2_reconciliation/HeartTrialTwin_step2_cohort_reconciliation.csv,5a254575d8d5276d1176b53b38dad6600b46d6732441698e8e14668699d8ac43
NCT01519479,COMPLETED,0,2012-01-19,2012,development,HTT-P1-AACT-20260905,2026-09-05,20260905_export_ctgov.zip,ctgov.studies.overall_status,COMPLETED=0;TERMINATED|WITHDRAWN=1,ctgov.studies.study_first_submitted_date,step2_reconciliation/HeartTrialTwin_step2_cohort_reconciliation.csv,5a254575d8d5276d1176b53b38dad6600b46d6732441698e8e14668699d8ac43
NCT01519739,COMPLETED,0,2012-01-18,2012,development,HTT-P1-AACT-20260905,2026-09-05,20260905_export_ctgov.zip,ctgov.studies.overall_status,COMPLETED=0;TERMINATED|WITHDRAWN=1,ctgov.studies.study_first_submitted_date,step2_reconciliation/HeartTrialTwin_step2_cohort_reconciliation.csv,5a254575d8d5276d1176b53b38dad6600b46d6732441698e8e14668699d8ac43
NCT01520714,TERMINATED,1,2010-02-22,2010,development,HTT-P1-AACT-20260905,2026-09-05,20260905_export_ctgov.zip,ctgov.studies.overall_status,COMPLETED=0;TERMINATED|WITHDRAWN=1,ctgov.studies.study_first_submitted_date,step2_reconciliation/HeartTrialTwin_step2_cohort_reconciliation.csv,5a254575d8d5276d1176b53b38dad6600b46d6732441698e8e14668699d8ac43
NCT01522222,COMPLETED,0,2012-01-24,2012,development,HTT-P1-AACT-20260905,2026-09-05,20260905_export_ctgov.zip,ctgov.studies.overall_status,COMPLETED=0;TERMINATED|WITHDRAWN=1,ctgov.studies.study_first_submitted_date,step2_reconciliation/HeartTrialTwin_step2_cohort_reconciliation.csv,5a254575d8d5276d1176b53b38dad6600b46d6732441698e8e14668699d8ac43
NCT01522378,TERMINATED,1,2012-01-27,2012,development,HTT-P1-AACT-20260905,2026-09-05,20260905_export_ctgov.zip,ctgov.studies.overall_status,COMPLETED=0;TERMINATED|WITHDRAWN=1,ctgov.studies.study_first_submitted_date,step2_reconciliation/HeartTrialTwin_step2_cohort_reconciliation.csv,5a254575d8d5276d1176b53b38dad6600b46d6732441698e8e14668699d8ac43
NCT01522898,COMPLETED,0,2012-01-25,2012,development,HTT-P1-AACT-20260905,2026-09-05,20260905_export_ctgov.zip,ctgov.studies.overall_status,COMPLETED=0;TERMINATED|WITHDRAWN=1,ctgov.studies.study_first_submitted_date,step2_reconciliation/HeartTrialTwin_step2_cohort_reconciliation.csv,5a254575d8d5276d1176b53b38dad6600b46d6732441698e8e14668699d8ac43
NCT01524315,COMPLETED,0,2012-01-30,2012,development,HTT-P1-AACT-20260905,2026-09-05,20260905_export_ctgov.zip,ctgov.studies.overall_status,COMPLETED=0;TERMINATED|WITHDRAWN=1,ctgov.studies.study_first_submitted_date,step2_reconciliation/HeartTrialTwin_step2_cohort_reconciliation.csv,5a254575d8d5276d1176b53b38dad6600b46d6732441698e8e14668699d8ac43
NCT01534026,COMPLETED,0,2012-02-02,2012,development,HTT-P1-AACT-20260905,2026-09-05,20260905_export_ctgov.zip,ctgov.studies.overall_status,COMPLETED=0;TERMINATED|WITHDRAWN=1,ctgov.studies.study_first_submitted_date,step2_reconciliation/HeartTrialTwin_step2_cohort_reconciliation.csv,5a254575d8d5276d1176b53b38dad6600b46d6732441698e8e14668699d8ac43
NCT01534663,COMPLETED,0,2012-02-14,2012,development,HTT-P1-AACT-20260905,2026-09-05,20260905_export_ctgov.zip,ctgov.studies.overall_status,COMPLETED=0;TERMINATED|WITHDRAWN=1,ctgov.studies.study_first_submitted_date,step2_reconciliation/HeartTrialTwin_step2_cohort_reconciliation.csv,5a254575d8d5276d1176b53b38dad6600b46d6732441698e8e14668699d8ac43
NCT01535196,TERMINATED,1,2012-01-09,2012,development,HTT-P1-AACT-20260905,2026-09-05,20260905_export_ctgov.zip,ctgov.studies.overall_status,COMPLETED=0;TERMINATED|WITHDRAWN=1,ctgov.studies.study_first_submitted_date,step2_reconciliation/HeartTrialTwin_step2_cohort_reconciliation.csv,5a254575d8d5276d1176b53b38dad6600b46d6732441698e8e14668699d8ac43
NCT01536132,COMPLETED,0,2012-02-15,2012,development,HTT-P1-AACT-20260905,2026-09-05,20260905_export_ctgov.zip,ctgov.studies.overall_status,COMPLETED=0;TERMINATED|WITHDRAWN=1,ctgov.studies.study_first_submitted_date,step2_reconciliation/HeartTrialTwin_step2_cohort_reconciliation.csv,5a254575d8d5276d1176b53b38dad6600b46d6732441698e8e14668699d8ac43
NCT01538992,WITHDRAWN,1,2012-02-16,2012,development,HTT-P1-AACT-20260905,2026-09-05,20260905_export_ctgov.zip,ctgov.studies.overall_status,COMPLETED=0;TERMINATED|WITHDRAWN=1,ctgov.studies.study_first_submitted_date,step2_reconciliation/HeartTrialTwin_step2_cohort_reconciliation.csv,5a254575d8d5276d1176b53b38dad6600b46d6732441698e8e14668699d8ac43
NCT01541202,TERMINATED,1,2012-02-23,2012,development,HTT-P1-AACT-20260905,2026-09-05,20260905_export_ctgov.zip,ctgov.studies.overall_status,COMPLETED=0;TERMINATED|WITHDRAWN=1,ctgov.studies.study_first_submitted_date,step2_reconciliation/HeartTrialTwin_step2_cohort_reconciliation.csv,5a254575d8d5276d1176b53b38dad6600b46d6732441698e8e14668699d8ac43
NCT01542502,COMPLETED,0,2012-02-23,2012,development,HTT-P1-AACT-20260905,2026-09-05,20260905_export_ctgov.zip,ctgov.studies.overall_status,COMPLETED=0;TERMINATED|WITHDRAWN=1,ctgov.studies.study_first_submitted_date,step2_reconciliation/HeartTrialTwin_step2_cohort_reconciliation.csv,5a254575d8d5276d1176b53b38dad6600b46d6732441698e8e14668699d8ac43
NCT01543854,COMPLETED,0,2012-02-28,2012,development,HTT-P1-AACT-20260905,2026-09-05,20260905_export_ctgov.zip,ctgov.studies.overall_status,COMPLETED=0;TERMINATED|WITHDRAWN=1,ctgov.studies.study_first_submitted_date,step2_reconciliation/HeartTrialTwin_step2_cohort_reconciliation.csv,5a254575d8d5276d1176b53b38dad6600b46d6732441698e8e14668699d8ac43
NCT01544998,COMPLETED,0,2012-01-24,2012,development,HTT-P1-AACT-20260905,2026-09-05,20260905_export_ctgov.zip,ctgov.studies.overall_status,COMPLETED=0;TERMINATED|WITHDRAWN=1,ctgov.studies.study_first_submitted_date,step2_reconciliation/HeartTrialTwin_step2_cohort_reconciliation.csv,5a254575d8d5276d1176b53b38dad6600b46d6732441698e8e14668699d8ac43
NCT01546532,COMPLETED,0,2012-03-02,2012,development,HTT-P1-AACT-20260905,2026-09-05,20260905_export_ctgov.zip,ctgov.studies.overall_status,COMPLETED=0;TERMINATED|WITHDRAWN=1,ctgov.studies.study_first_submitted_date,step2_reconciliation/HeartTrialTwin_step2_cohort_reconciliation.csv,5a254575d8d5276d1176b53b38dad6600b46d6732441698e8e14668699d8ac43
NCT01548508,COMPLETED,0,2012-02-23,2012,development,HTT-P1-AACT-20260905,2026-09-05,20260905_export_ctgov.zip,ctgov.studies.overall_status,COMPLETED=0;TERMINATED|WITHDRAWN=1,ctgov.studies.study_first_submitted_date,step2_reconciliation/HeartTrialTwin_step2_cohort_reconciliation.csv,5a254575d8d5276d1176b53b38dad6600b46d6732441698e8e14668699d8ac43
NCT01549158,TERMINATED,1,2012-03-06,2012,development,HTT-P1-AACT-20260905,2026-09-05,20260905_export_ctgov.zip,ctgov.studies.overall_status,COMPLETED=0;TERMINATED|WITHDRAWN=1,ctgov.studies.study_first_submitted_date,step2_reconciliation/HeartTrialTwin_step2_cohort_reconciliation.csv,5a254575d8d5276d1176b53b38dad6600b46d6732441698e8e14668699d8ac43
NCT01554592,COMPLETED,0,2012-03-08,2012,development,HTT-P1-AACT-20260905,2026-09-05,20260905_export_ctgov.zip,ctgov.studies.overall_status,COMPLETED=0;TERMINATED|WITHDRAWN=1,ctgov.studies.study_first_submitted_date,step2_reconciliation/HeartTrialTwin_step2_cohort_reconciliation.csv,5a254575d8d5276d1176b53b38dad6600b46d6732441698e8e14668699d8ac43
NCT01556139,COMPLETED,0,2012-03-07,2012,development,HTT-P1-AACT-20260905,2026-09-05,20260905_export_ctgov.zip,ctgov.studies.overall_status,COMPLETED=0;TERMINATED|WITHDRAWN=1,ctgov.studies.study_first_submitted_date,step2_reconciliation/HeartTrialTwin_step2_cohort_reconciliation.csv,5a254575d8d5276d1176b53b38dad6600b46d6732441698e8e14668699d8ac43
NCT01557140,COMPLETED,0,2012-02-21,2012,development,HTT-P1-AACT-20260905,2026-09-05,20260905_export_ctgov.zip,ctgov.studies.overall_status,COMPLETED=0;TERMINATED|WITHDRAWN=1,ctgov.studies.study_first_submitted_date,step2_reconciliation/HeartTrialTwin_step2_cohort_reconciliation.csv,5a254575d8d5276d1176b53b38dad6600b46d6732441698e8e14668699d8ac43
NCT01558674,TERMINATED,1,2012-03-16,2012,development,HTT-P1-AACT-20260905,2026-09-05,20260905_export_ctgov.zip,ctgov.studies.overall_status,COMPLETED=0;TERMINATED|WITHDRAWN=1,ctgov.studies.study_first_submitted_date,step2_reconciliation/HeartTrialTwin_step2_cohort_reconciliation.csv,5a254575d8d5276d1176b53b38dad6600b46d6732441698e8e14668699d8ac43
NCT01559727,COMPLETED,0,2012-03-19,2012,development,HTT-P1-AACT-20260905,2026-09-05,20260905_export_ctgov.zip,ctgov.studies.overall_status,COMPLETED=0;TERMINATED|WITHDRAWN=1,ctgov.studies.study_first_submitted_date,step2_reconciliation/HeartTrialTwin_step2_cohort_reconciliation.csv,5a254575d8d5276d1176b53b38dad6600b46d6732441698e8e14668699d8ac43
NCT01560871,COMPLETED,0,2012-03-20,2012,development,HTT-P1-AACT-20260905,2026-09-05,20260905_export_ctgov.zip,ctgov.studies.overall_status,COMPLETED=0;TERMINATED|WITHDRAWN=1,ctgov.studies.study_first_submitted_date,step2_reconciliation/HeartTrialTwin_step2_cohort_reconciliation.csv,5a254575d8d5276d1176b53b38dad6600b46d6732441698e8e14668699d8ac43
NCT01561885,COMPLETED,0,2012-03-18,2012,development,HTT-P1-AACT-20260905,2026-09-05,20260905_export_ctgov.zip,ctgov.studies.overall_status,COMPLETED=0;TERMINATED|WITHDRAWN=1,ctgov.studies.study_first_submitted_date,step2_reconciliation/HeartTrialTwin_step2_cohort_reconciliation.csv,5a254575d8d5276d1176b53b38dad6600b46d6732441698e8e14668699d8ac43
NCT01565941,COMPLETED,0,2012-03-21,2012,development,HTT-P1-AACT-20260905,2026-09-05,20260905_export_ctgov.zip,ctgov.studies.overall_status,COMPLETED=0;TERMINATED|WITHDRAWN=1,ctgov.studies.study_first_submitted_date,step2_reconciliation/HeartTrialTwin_step2_cohort_reconciliation.csv,5a254575d8d5276d1176b53b38dad6600b46d6732441698e8e14668699d8ac43
NCT01568138,COMPLETED,0,2012-03-29,2012,development,HTT-P1-AACT-20260905,2026-09-05,20260905_export_ctgov.zip,ctgov.studies.overall_status,COMPLETED=0;TERMINATED|WITHDRAWN=1,ctgov.studies.study_first_submitted_date,step2_reconciliation/HeartTrialTwin_step2_cohort_reconciliation.csv,5a254575d8d5276d1176b53b38dad6600b46d6732441698e8e14668699d8ac43
NCT01568164,COMPLETED,0,2012-03-29,2012,development,HTT-P1-AACT-20260905,2026-09-05,20260905_export_ctgov.zip,ctgov.studies.overall_status,COMPLETED=0;TERMINATED|WITHDRAWN=1,ctgov.studies.study_first_submitted_date,step2_reconciliation/HeartTrialTwin_step2_cohort_reconciliation.csv,5a254575d8d5276d1176b53b38dad6600b46d6732441698e8e14668699d8ac43
NCT01568424,COMPLETED,0,2012-03-28,2012,development,HTT-P1-AACT-20260905,2026-09-05,20260905_export_ctgov.zip,ctgov.studies.overall_status,COMPLETED=0;TERMINATED|WITHDRAWN=1,ctgov.studies.study_first_submitted_date,step2_reconciliation/HeartTrialTwin_step2_cohort_reconciliation.csv,5a254575d8d5276d1176b53b38dad6600b46d6732441698e8e14668699d8ac43
NCT01568606,COMPLETED,0,2011-08-15,2011,development,HTT-P1-AACT-20260905,2026-09-05,20260905_export_ctgov.zip,ctgov.studies.overall_status,COMPLETED=0;TERMINATED|WITHDRAWN=1,ctgov.studies.study_first_submitted_date,step2_reconciliation/HeartTrialTwin_step2_cohort_reconciliation.csv,5a254575d8d5276d1176b53b38dad6600b46d6732441698e8e14668699d8ac43
NCT01570517,COMPLETED,0,2012-03-21,2012,development,HTT-P1-AACT-20260905,2026-09-05,20260905_export_ctgov.zip,ctgov.studies.overall_status,COMPLETED=0;TERMINATED|WITHDRAWN=1,ctgov.studies.study_first_submitted_date,step2_reconciliation/HeartTrialTwin_step2_cohort_reconciliation.csv,5a254575d8d5276d1176b53b38dad6600b46d6732441698e8e14668699d8ac43
NCT01573949,COMPLETED,0,2012-03-29,2012,development,HTT-P1-AACT-20260905,2026-09-05,20260905_export_ctgov.zip,ctgov.studies.overall_status,COMPLETED=0;TERMINATED|WITHDRAWN=1,ctgov.studies.study_first_submitted_date,step2_reconciliation/HeartTrialTwin_step2_cohort_reconciliation.csv,5a254575d8d5276d1176b53b38dad6600b46d6732441698e8e14668699d8ac43
NCT01576861,COMPLETED,0,2012-03-19,2012,development,HTT-P1-AACT-20260905,2026-09-05,20260905_export_ctgov.zip,ctgov.studies.overall_status,COMPLETED=0;TERMINATED|WITHDRAWN=1,ctgov.studies.study_first_submitted_date,step2_reconciliation/HeartTrialTwin_step2_cohort_reconciliation.csv,5a254575d8d5276d1176b53b38dad6600b46d6732441698e8e14668699d8ac43
NCT01577446,COMPLETED,0,2012-04-11,2012,development,HTT-P1-AACT-20260905,2026-09-05,20260905_export_ctgov.zip,ctgov.studies.overall_status,COMPLETED=0;TERMINATED|WITHDRAWN=1,ctgov.studies.study_first_submitted_date,step2_reconciliation/HeartTrialTwin_step2_cohort_reconciliation.csv,5a254575d8d5276d1176b53b38dad6600b46d6732441698e8e14668699d8ac43
NCT01577810,TERMINATED,1,2012-03-23,2012,development,HTT-P1-AACT-20260905,2026-09-05,20260905_export_ctgov.zip,ctgov.studies.overall_status,COMPLETED=0;TERMINATED|WITHDRAWN=1,ctgov.studies.study_first_submitted_date,step2_reconciliation/HeartTrialTwin_step2_cohort_reconciliation.csv,5a254575d8d5276d1176b53b38dad6600b46d6732441698e8e14668699d8ac43
NCT01580553,COMPLETED,0,2012-03-28,2012,development,HTT-P1-AACT-20260905,2026-09-05,20260905_export_ctgov.zip,ctgov.studies.overall_status,COMPLETED=0;TERMINATED|WITHDRAWN=1,ctgov.studies.study_first_submitted_date,step2_reconciliation/HeartTrialTwin_step2_cohort_reconciliation.csv,5a254575d8d5276d1176b53b38dad6600b46d6732441698e8e14668699d8ac43
NCT01581008,COMPLETED,0,2011-10-31,2011,development,HTT-P1-AACT-20260905,2026-09-05,20260905_export_ctgov.zip,ctgov.studies.overall_status,COMPLETED=0;TERMINATED|WITHDRAWN=1,ctgov.studies.study_first_submitted_date,step2_reconciliation/HeartTrialTwin_step2_cohort_reconciliation.csv,5a254575d8d5276d1176b53b38dad6600b46d6732441698e8e14668699d8ac43
NCT01583114,TERMINATED,1,2012-04-11,2012,development,HTT-P1-AACT-20260905,2026-09-05,20260905_export_ctgov.zip,ctgov.studies.overall_status,COMPLETED=0;TERMINATED|WITHDRAWN=1,ctgov.studies.study_first_submitted_date,step2_reconciliation/HeartTrialTwin_step2_cohort_reconciliation.csv,5a254575d8d5276d1176b53b38dad6600b46d6732441698e8e14668699d8ac43
NCT01583881,TERMINATED,1,2012-04-19,2012,development,HTT-P1-AACT-20260905,2026-09-05,20260905_export_ctgov.zip,ctgov.studies.overall_status,COMPLETED=0;TERMINATED|WITHDRAWN=1,ctgov.studies.study_first_submitted_date,step2_reconciliation/HeartTrialTwin_step2_cohort_reconciliation.csv,5a254575d8d5276d1176b53b38dad6600b46d6732441698e8e14668699d8ac43
NCT01584557,COMPLETED,0,2012-04-10,2012,development,HTT-P1-AACT-20260905,2026-09-05,20260905_export_ctgov.zip,ctgov.studies.overall_status,COMPLETED=0;TERMINATED|WITHDRAWN=1,ctgov.studies.study_first_submitted_date,step2_reconciliation/HeartTrialTwin_step2_cohort_reconciliation.csv,5a254575d8d5276d1176b53b38dad6600b46d6732441698e8e14668699d8ac43
NCT01584700,COMPLETED,0,2011-09-29,2011,development,HTT-P1-AACT-20260905,2026-09-05,20260905_export_ctgov.zip,ctgov.studies.overall_status,COMPLETED=0;TERMINATED|WITHDRAWN=1,ctgov.studies.study_first_submitted_date,step2_reconciliation/HeartTrialTwin_step2_cohort_reconciliation.csv,5a254575d8d5276d1176b53b38dad6600b46d6732441698e8e14668699d8ac43
NCT01584895,COMPLETED,0,2012-04-23,2012,development,HTT-P1-AACT-20260905,2026-09-05,20260905_export_ctgov.zip,ctgov.studies.overall_status,COMPLETED=0;TERMINATED|WITHDRAWN=1,ctgov.studies.study_first_submitted_date,step2_reconciliation/HeartTrialTwin_step2_cohort_reconciliation.csv,5a254575d8d5276d1176b53b38dad6600b46d6732441698e8e14668699d8ac43
NCT01586442,COMPLETED,0,2012-04-24,2012,development,HTT-P1-AACT-20260905,2026-09-05,20260905_export_ctgov.zip,ctgov.studies.overall_status,COMPLETED=0;TERMINATED|WITHDRAWN=1,ctgov.studies.study_first_submitted_date,step2_reconciliation/HeartTrialTwin_step2_cohort_reconciliation.csv,5a254575d8d5276d1176b53b38dad6600b46d6732441698e8e14668699d8ac43
NCT01586884,WITHDRAWN,1,2012-04-20,2012,development,HTT-P1-AACT-20260905,2026-09-05,20260905_export_ctgov.zip,ctgov.studies.overall_status,COMPLETED=0;TERMINATED|WITHDRAWN=1,ctgov.studies.study_first_submitted_date,step2_reconciliation/HeartTrialTwin_step2_cohort_reconciliation.csv,5a254575d8d5276d1176b53b38dad6600b46d6732441698e8e14668699d8ac43
NCT01589601,COMPLETED,0,2012-04-24,2012,development,HTT-P1-AACT-20260905,2026-09-05,20260905_export_ctgov.zip,ctgov.studies.overall_status,COMPLETED=0;TERMINATED|WITHDRAWN=1,ctgov.studies.study_first_submitted_date,step2_reconciliation/HeartTrialTwin_step2_cohort_reconciliation.csv,5a254575d8d5276d1176b53b38dad6600b46d6732441698e8e14668699d8ac43
NCT01589913,COMPLETED,0,2011-10-05,2011,development,HTT-P1-AACT-20260905,2026-09-05,20260905_export_ctgov.zip,ctgov.studies.overall_status,COMPLETED=0;TERMINATED|WITHDRAWN=1,ctgov.studies.study_first_submitted_date,step2_reconciliation/HeartTrialTwin_step2_cohort_reconciliation.csv,5a254575d8d5276d1176b53b38dad6600b46d6732441698e8e14668699d8ac43
NCT01593007,COMPLETED,0,2012-05-03,2012,development,HTT-P1-AACT-20260905,2026-09-05,20260905_export_ctgov.zip,ctgov.studies.overall_status,COMPLETED=0;TERMINATED|WITHDRAWN=1,ctgov.studies.study_first_submitted_date,step2_reconciliation/HeartTrialTwin_step2_cohort_reconciliation.csv,5a254575d8d5276d1176b53b38dad6600b46d6732441698e8e14668699d8ac43
NCT01597583,COMPLETED,0,2012-05-10,2012,development,HTT-P1-AACT-20260905,2026-09-05,20260905_export_ctgov.zip,ctgov.studies.overall_status,COMPLETED=0;TERMINATED|WITHDRAWN=1,ctgov.studies.study_first_submitted_date,step2_reconciliation/HeartTrialTwin_step2_cohort_reconciliation.csv,5a254575d8d5276d1176b53b38dad6600b46d6732441698e8e14668699d8ac43
NCT01598740,COMPLETED,0,2012-05-11,2012,development,HTT-P1-AACT-20260905,2026-09-05,20260905_export_ctgov.zip,ctgov.studies.overall_status,COMPLETED=0;TERMINATED|WITHDRAWN=1,ctgov.studies.study_first_submitted_date,step2_reconciliation/HeartTrialTwin_step2_cohort_reconciliation.csv,5a254575d8d5276d1176b53b38dad6600b46d6732441698e8e14668699d8ac43
NCT01599728,COMPLETED,0,2012-05-14,2012,development,HTT-P1-AACT-20260905,2026-09-05,20260905_export_ctgov.zip,ctgov.studies.overall_status,COMPLETED=0;TERMINATED|WITHDRAWN=1,ctgov.studies.study_first_submitted_date,step2_reconciliation/HeartTrialTwin_step2_cohort_reconciliation.csv,5a254575d8d5276d1176b53b38dad6600b46d6732441698e8e14668699d8ac43
NCT01602731,COMPLETED,0,2012-05-17,2012,development,HTT-P1-AACT-20260905,2026-09-05,20260905_export_ctgov.zip,ctgov.studies.overall_status,COMPLETED=0;TERMINATED|WITHDRAWN=1,ctgov.studies.study_first_submitted_date,step2_reconciliation/HeartTrialTwin_step2_cohort_reconciliation.csv,5a254575d8d5276d1176b53b38dad6600b46d6732441698e8e14668699d8ac43
NCT01603706,COMPLETED,0,2012-05-14,2012,development,HTT-P1-AACT-20260905,2026-09-05,20260905_export_ctgov.zip,ctgov.studies.overall_status,COMPLETED=0;TERMINATED|WITHDRAWN=1,ctgov.studies.study_first_submitted_date,step2_reconciliation/HeartTrialTwin_step2_cohort_reconciliation.csv,5a254575d8d5276d1176b53b38dad6600b46d6732441698e8e14668699d8ac43
NCT01605019,TERMINATED,1,2012-05-21,2012,development,HTT-P1-AACT-20260905,2026-09-05,20260905_export_ctgov.zip,ctgov.studies.overall_status,COMPLETED=0;TERMINATED|WITHDRAWN=1,ctgov.studies.study_first_submitted_date,step2_reconciliation/HeartTrialTwin_step2_cohort_reconciliation.csv,5a254575d8d5276d1176b53b38dad6600b46d6732441698e8e14668699d8ac43
NCT01606085,COMPLETED,0,2012-05-14,2012,development,HTT-P1-AACT-20260905,2026-09-05,20260905_export_ctgov.zip,ctgov.studies.overall_status,COMPLETED=0;TERMINATED|WITHDRAWN=1,ctgov.studies.study_first_submitted_date,step2_reconciliation/HeartTrialTwin_step2_cohort_reconciliation.csv,5a254575d8d5276d1176b53b38dad6600b46d6732441698e8e14668699d8ac43
NCT01606553,COMPLETED,0,2012-05-21,2012,development,HTT-P1-AACT-20260905,2026-09-05,20260905_export_ctgov.zip,ctgov.studies.overall_status,COMPLETED=0;TERMINATED|WITHDRAWN=1,ctgov.studies.study_first_submitted_date,step2_reconciliation/HeartTrialTwin_step2_cohort_reconciliation.csv,5a254575d8d5276d1176b53b38dad6600b46d6732441698e8e14668699d8ac43
NCT01608932,COMPLETED,0,2012-05-29,2012,development,HTT-P1-AACT-20260905,2026-09-05,20260905_export_ctgov.zip,ctgov.studies.overall_status,COMPLETED=0;TERMINATED|WITHDRAWN=1,ctgov.studies.study_first_submitted_date,step2_reconciliation/HeartTrialTwin_step2_cohort_reconciliation.csv,5a254575d8d5276d1176b53b38dad6600b46d6732441698e8e14668699d8ac43
NCT01614652,TERMINATED,1,2012-06-04,2012,development,HTT-P1-AACT-20260905,2026-09-05,20260905_export_ctgov.zip,ctgov.studies.overall_status,COMPLETED=0;TERMINATED|WITHDRAWN=1,ctgov.studies.study_first_submitted_date,step2_reconciliation/HeartTrialTwin_step2_cohort_reconciliation.csv,5a254575d8d5276d1176b53b38dad6600b46d6732441698e8e14668699d8ac43
NCT01615835,COMPLETED,0,2007-12-21,2007,development,HTT-P1-AACT-20260905,2026-09-05,20260905_export_ctgov.zip,ctgov.studies.overall_status,COMPLETED=0;TERMINATED|WITHDRAWN=1,ctgov.studies.study_first_submitted_date,step2_reconciliation/HeartTrialTwin_step2_cohort_reconciliation.csv,5a254575d8d5276d1176b53b38dad6600b46d6732441698e8e14668699d8ac43
NCT01616121,COMPLETED,0,2012-05-31,2012,development,HTT-P1-AACT-20260905,2026-09-05,20260905_export_ctgov.zip,ctgov.studies.overall_status,COMPLETED=0;TERMINATED|WITHDRAWN=1,ctgov.studies.study_first_submitted_date,step2_reconciliation/HeartTrialTwin_step2_cohort_reconciliation.csv,5a254575d8d5276d1176b53b38dad6600b46d6732441698e8e14668699d8ac43
NCT01617850,COMPLETED,0,2012-06-06,2012,development,HTT-P1-AACT-20260905,2026-09-05,20260905_export_ctgov.zip,ctgov.studies.overall_status,COMPLETED=0;TERMINATED|WITHDRAWN=1,ctgov.studies.study_first_submitted_date,step2_reconciliation/HeartTrialTwin_step2_cohort_reconciliation.csv,5a254575d8d5276d1176b53b38dad6600b46d6732441698e8e14668699d8ac43
NCT01618448,COMPLETED,0,2012-06-05,2012,development,HTT-P1-AACT-20260905,2026-09-05,20260905_export_ctgov.zip,ctgov.studies.overall_status,COMPLETED=0;TERMINATED|WITHDRAWN=1,ctgov.studies.study_first_submitted_date,step2_reconciliation/HeartTrialTwin_step2_cohort_reconciliation.csv,5a254575d8d5276d1176b53b38dad6600b46d6732441698e8e14668699d8ac43
NCT01618981,COMPLETED,0,2012-06-07,2012,development,HTT-P1-AACT-20260905,2026-09-05,20260905_export_ctgov.zip,ctgov.studies.overall_status,COMPLETED=0;TERMINATED|WITHDRAWN=1,ctgov.studies.study_first_submitted_date,step2_reconciliation/HeartTrialTwin_step2_cohort_reconciliation.csv,5a254575d8d5276d1176b53b38dad6600b46d6732441698e8e14668699d8ac43
NCT01619098,COMPLETED,0,2012-06-11,2012,development,HTT-P1-AACT-20260905,2026-09-05,20260905_export_ctgov.zip,ctgov.studies.overall_status,COMPLETED=0;TERMINATED|WITHDRAWN=1,ctgov.studies.study_first_submitted_date,step2_reconciliation/HeartTrialTwin_step2_cohort_reconciliation.csv,5a254575d8d5276d1176b53b38dad6600b46d6732441698e8e14668699d8ac43
NCT01619540,COMPLETED,0,2012-06-12,2012,development,HTT-P1-AACT-20260905,2026-09-05,20260905_export_ctgov.zip,ctgov.studies.overall_status,COMPLETED=0;TERMINATED|WITHDRAWN=1,ctgov.studies.study_first_submitted_date,step2_reconciliation/HeartTrialTwin_step2_cohort_reconciliation.csv,5a254575d8d5276d1176b53b38dad6600b46d6732441698e8e14668699d8ac43
NCT01619891,COMPLETED,0,2012-06-12,2012,development,HTT-P1-AACT-20260905,2026-09-05,20260905_export_ctgov.zip,ctgov.studies.overall_status,COMPLETED=0;TERMINATED|WITHDRAWN=1,ctgov.studies.study_first_submitted_date,step2_reconciliation/HeartTrialTwin_step2_cohort_reconciliation.csv,5a254575d8d5276d1176b53b38dad6600b46d6732441698e8e14668699d8ac43
NCT01622010,TERMINATED,1,2012-05-22,2012,development,HTT-P1-AACT-20260905,2026-09-05,20260905_export_ctgov.zip,ctgov.studies.overall_status,COMPLETED=0;TERMINATED|WITHDRAWN=1,ctgov.studies.study_first_submitted_date,step2_reconciliation/HeartTrialTwin_step2_cohort_reconciliation.csv,5a254575d8d5276d1176b53b38dad6600b46d6732441698e8e14668699d8ac43
NCT01625819,COMPLETED,0,2012-04-18,2012,development,HTT-P1-AACT-20260905,2026-09-05,20260905_export_ctgov.zip,ctgov.studies.overall_status,COMPLETED=0;TERMINATED|WITHDRAWN=1,ctgov.studies.study_first_submitted_date,step2_reconciliation/HeartTrialTwin_step2_cohort_reconciliation.csv,5a254575d8d5276d1176b53b38dad6600b46d6732441698e8e14668699d8ac43
NCT01630408,WITHDRAWN,1,2012-06-26,2012,development,HTT-P1-AACT-20260905,2026-09-05,20260905_export_ctgov.zip,ctgov.studies.overall_status,COMPLETED=0;TERMINATED|WITHDRAWN=1,ctgov.studies.study_first_submitted_date,step2_reconciliation/HeartTrialTwin_step2_cohort_reconciliation.csv,5a254575d8d5276d1176b53b38dad6600b46d6732441698e8e14668699d8ac43
NCT01636570,COMPLETED,0,2012-07-03,2012,development,HTT-P1-AACT-20260905,2026-09-05,20260905_export_ctgov.zip,ctgov.studies.overall_status,COMPLETED=0;TERMINATED|WITHDRAWN=1,ctgov.studies.study_first_submitted_date,step2_reconciliation/HeartTrialTwin_step2_cohort_reconciliation.csv,5a254575d8d5276d1176b53b38dad6600b46d6732441698e8e14668699d8ac43
NCT01638754,COMPLETED,0,2011-06-29,2011,development,HTT-P1-AACT-20260905,2026-09-05,20260905_export_ctgov.zip,ctgov.studies.overall_status,COMPLETED=0;TERMINATED|WITHDRAWN=1,ctgov.studies.study_first_submitted_date,step2_reconciliation/HeartTrialTwin_step2_cohort_reconciliation.csv,5a254575d8d5276d1176b53b38dad6600b46d6732441698e8e14668699d8ac43
NCT01640769,COMPLETED,0,2012-07-09,2012,development,HTT-P1-AACT-20260905,2026-09-05,20260905_export_ctgov.zip,ctgov.studies.overall_status,COMPLETED=0;TERMINATED|WITHDRAWN=1,ctgov.studies.study_first_submitted_date,step2_reconciliation/HeartTrialTwin_step2_cohort_reconciliation.csv,5a254575d8d5276d1176b53b38dad6600b46d6732441698e8e14668699d8ac43
NCT01643330,COMPLETED,0,2012-07-16,2012,development,HTT-P1-AACT-20260905,2026-09-05,20260905_export_ctgov.zip,ctgov.studies.overall_status,COMPLETED=0;TERMINATED|WITHDRAWN=1,ctgov.studies.study_first_submitted_date,step2_reconciliation/HeartTrialTwin_step2_cohort_reconciliation.csv,5a254575d8d5276d1176b53b38dad6600b46d6732441698e8e14668699d8ac43
NCT01644331,COMPLETED,0,2012-07-17,2012,development,HTT-P1-AACT-20260905,2026-09-05,20260905_export_ctgov.zip,ctgov.studies.overall_status,COMPLETED=0;TERMINATED|WITHDRAWN=1,ctgov.studies.study_first_submitted_date,step2_reconciliation/HeartTrialTwin_step2_cohort_reconciliation.csv,5a254575d8d5276d1176b53b38dad6600b46d6732441698e8e14668699d8ac43
NCT01646515,TERMINATED,1,2012-06-13,2012,development,HTT-P1-AACT-20260905,2026-09-05,20260905_export_ctgov.zip,ctgov.studies.overall_status,COMPLETED=0;TERMINATED|WITHDRAWN=1,ctgov.studies.study_first_submitted_date,step2_reconciliation/HeartTrialTwin_step2_cohort_reconciliation.csv,5a254575d8d5276d1176b53b38dad6600b46d6732441698e8e14668699d8ac43
NCT01647932,COMPLETED,0,2012-06-28,2012,development,HTT-P1-AACT-20260905,2026-09-05,20260905_export_ctgov.zip,ctgov.studies.overall_status,COMPLETED=0;TERMINATED|WITHDRAWN=1,ctgov.studies.study_first_submitted_date,step2_reconciliation/HeartTrialTwin_step2_cohort_reconciliation.csv,5a254575d8d5276d1176b53b38dad6600b46d6732441698e8e14668699d8ac43
NCT01648296,COMPLETED,0,2012-07-11,2012,development,HTT-P1-AACT-20260905,2026-09-05,20260905_export_ctgov.zip,ctgov.studies.overall_status,COMPLETED=0;TERMINATED|WITHDRAWN=1,ctgov.studies.study_first_submitted_date,step2_reconciliation/HeartTrialTwin_step2_cohort_reconciliation.csv,5a254575d8d5276d1176b53b38dad6600b46d6732441698e8e14668699d8ac43
NCT01648634,COMPLETED,0,2012-07-20,2012,development,HTT-P1-AACT-20260905,2026-09-05,20260905_export_ctgov.zip,ctgov.studies.overall_status,COMPLETED=0;TERMINATED|WITHDRAWN=1,ctgov.studies.study_first_submitted_date,step2_reconciliation/HeartTrialTwin_step2_cohort_reconciliation.csv,5a254575d8d5276d1176b53b38dad6600b46d6732441698e8e14668699d8ac43
NCT01651052,COMPLETED,0,2012-07-18,2012,development,HTT-P1-AACT-20260905,2026-09-05,20260905_export_ctgov.zip,ctgov.studies.overall_status,COMPLETED=0;TERMINATED|WITHDRAWN=1,ctgov.studies.study_first_submitted_date,step2_reconciliation/HeartTrialTwin_step2_cohort_reconciliation.csv,5a254575d8d5276d1176b53b38dad6600b46d6732441698e8e14668699d8ac43
NCT01651156,COMPLETED,0,2012-07-24,2012,development,HTT-P1-AACT-20260905,2026-09-05,20260905_export_ctgov.zip,ctgov.studies.overall_status,COMPLETED=0;TERMINATED|WITHDRAWN=1,ctgov.studies.study_first_submitted_date,step2_reconciliation/HeartTrialTwin_step2_cohort_reconciliation.csv,5a254575d8d5276d1176b53b38dad6600b46d6732441698e8e14668699d8ac43
NCT01653821,COMPLETED,0,2012-07-26,2012,development,HTT-P1-AACT-20260905,2026-09-05,20260905_export_ctgov.zip,ctgov.studies.overall_status,COMPLETED=0;TERMINATED|WITHDRAWN=1,ctgov.studies.study_first_submitted_date,step2_reconciliation/HeartTrialTwin_step2_cohort_reconciliation.csv,5a254575d8d5276d1176b53b38dad6600b46d6732441698e8e14668699d8ac43
NCT01658670,COMPLETED,0,2012-07-31,2012,development,HTT-P1-AACT-20260905,2026-09-05,20260905_export_ctgov.zip,ctgov.studies.overall_status,COMPLETED=0;TERMINATED|WITHDRAWN=1,ctgov.studies.study_first_submitted_date,step2_reconciliation/HeartTrialTwin_step2_cohort_reconciliation.csv,5a254575d8d5276d1176b53b38dad6600b46d6732441698e8e14668699d8ac43
NCT01661634,COMPLETED,0,2012-07-31,2012,development,HTT-P1-AACT-20260905,2026-09-05,20260905_export_ctgov.zip,ctgov.studies.overall_status,COMPLETED=0;TERMINATED|WITHDRAWN=1,ctgov.studies.study_first_submitted_date,step2_reconciliation/HeartTrialTwin_step2_cohort_reconciliation.csv,5a254575d8d5276d1176b53b38dad6600b46d6732441698e8e14668699d8ac43
NCT01662323,COMPLETED,0,2012-08-02,2012,development,HTT-P1-AACT-20260905,2026-09-05,20260905_export_ctgov.zip,ctgov.studies.overall_status,COMPLETED=0;TERMINATED|WITHDRAWN=1,ctgov.studies.study_first_submitted_date,step2_reconciliation/HeartTrialTwin_step2_cohort_reconciliation.csv,5a254575d8d5276d1176b53b38dad6600b46d6732441698e8e14668699d8ac43
NCT01663662,WITHDRAWN,1,2012-08-08,2012,development,HTT-P1-AACT-20260905,2026-09-05,20260905_export_ctgov.zip,ctgov.studies.overall_status,COMPLETED=0;TERMINATED|WITHDRAWN=1,ctgov.studies.study_first_submitted_date,step2_reconciliation/HeartTrialTwin_step2_cohort_reconciliation.csv,5a254575d8d5276d1176b53b38dad6600b46d6732441698e8e14668699d8ac43
NCT01664611,COMPLETED,0,2012-07-19,2012,development,HTT-P1-AACT-20260905,2026-09-05,20260905_export_ctgov.zip,ctgov.studies.overall_status,COMPLETED=0;TERMINATED|WITHDRAWN=1,ctgov.studies.study_first_submitted_date,step2_reconciliation/HeartTrialTwin_step2_cohort_reconciliation.csv,5a254575d8d5276d1176b53b38dad6600b46d6732441698e8e14668699d8ac43
NCT01670981,COMPLETED,0,2012-08-20,2012,development,HTT-P1-AACT-20260905,2026-09-05,20260905_export_ctgov.zip,ctgov.studies.overall_status,COMPLETED=0;TERMINATED|WITHDRAWN=1,ctgov.studies.study_first_submitted_date,step2_reconciliation/HeartTrialTwin_step2_cohort_reconciliation.csv,5a254575d8d5276d1176b53b38dad6600b46d6732441698e8e14668699d8ac43
NCT01671514,COMPLETED,0,2012-08-20,2012,development,HTT-P1-AACT-20260905,2026-09-05,20260905_export_ctgov.zip,ctgov.studies.overall_status,COMPLETED=0;TERMINATED|WITHDRAWN=1,ctgov.studies.study_first_submitted_date,step2_reconciliation/HeartTrialTwin_step2_cohort_reconciliation.csv,5a254575d8d5276d1176b53b38dad6600b46d6732441698e8e14668699d8ac43
NCT01671995,COMPLETED,0,2012-08-19,2012,development,HTT-P1-AACT-20260905,2026-09-05,20260905_export_ctgov.zip,ctgov.studies.overall_status,COMPLETED=0;TERMINATED|WITHDRAWN=1,ctgov.studies.study_first_submitted_date,step2_reconciliation/HeartTrialTwin_step2_cohort_reconciliation.csv,5a254575d8d5276d1176b53b38dad6600b46d6732441698e8e14668699d8ac43
NCT01672294,COMPLETED,0,2012-05-11,2012,development,HTT-P1-AACT-20260905,2026-09-05,20260905_export_ctgov.zip,ctgov.studies.overall_status,COMPLETED=0;TERMINATED|WITHDRAWN=1,ctgov.studies.study_first_submitted_date,step2_reconciliation/HeartTrialTwin_step2_cohort_reconciliation.csv,5a254575d8d5276d1176b53b38dad6600b46d6732441698e8e14668699d8ac43
NCT01673958,COMPLETED,0,2012-08-22,2012,development,HTT-P1-AACT-20260905,2026-09-05,20260905_export_ctgov.zip,ctgov.studies.overall_status,COMPLETED=0;TERMINATED|WITHDRAWN=1,ctgov.studies.study_first_submitted_date,step2_reconciliation/HeartTrialTwin_step2_cohort_reconciliation.csv,5a254575d8d5276d1176b53b38dad6600b46d6732441698e8e14668699d8ac43
NCT01681771,COMPLETED,0,2012-08-30,2012,development,HTT-P1-AACT-20260905,2026-09-05,20260905_export_ctgov.zip,ctgov.studies.overall_status,COMPLETED=0;TERMINATED|WITHDRAWN=1,ctgov.studies.study_first_submitted_date,step2_reconciliation/HeartTrialTwin_step2_cohort_reconciliation.csv,5a254575d8d5276d1176b53b38dad6600b46d6732441698e8e14668699d8ac43
NCT01682356,COMPLETED,0,2012-09-05,2012,development,HTT-P1-AACT-20260905,2026-09-05,20260905_export_ctgov.zip,ctgov.studies.overall_status,COMPLETED=0;TERMINATED|WITHDRAWN=1,ctgov.studies.study_first_submitted_date,step2_reconciliation/HeartTrialTwin_step2_cohort_reconciliation.csv,5a254575d8d5276d1176b53b38dad6600b46d6732441698e8e14668699d8ac43
NCT01682564,COMPLETED,0,2012-09-04,2012,development,HTT-P1-AACT-20260905,2026-09-05,20260905_export_ctgov.zip,ctgov.studies.overall_status,COMPLETED=0;TERMINATED|WITHDRAWN=1,ctgov.studies.study_first_submitted_date,step2_reconciliation/HeartTrialTwin_step2_cohort_reconciliation.csv,5a254575d8d5276d1176b53b38dad6600b46d6732441698e8e14668699d8ac43
NCT01685840,TERMINATED,1,2012-09-12,2012,development,HTT-P1-AACT-20260905,2026-09-05,20260905_export_ctgov.zip,ctgov.studies.overall_status,COMPLETED=0;TERMINATED|WITHDRAWN=1,ctgov.studies.study_first_submitted_date,step2_reconciliation/HeartTrialTwin_step2_cohort_reconciliation.csv,5a254575d8d5276d1176b53b38dad6600b46d6732441698e8e14668699d8ac43
NCT01687920,COMPLETED,0,2012-09-14,2012,development,HTT-P1-AACT-20260905,2026-09-05,20260905_export_ctgov.zip,ctgov.studies.overall_status,COMPLETED=0;TERMINATED|WITHDRAWN=1,ctgov.studies.study_first_submitted_date,step2_reconciliation/HeartTrialTwin_step2_cohort_reconciliation.csv,5a254575d8d5276d1176b53b38dad6600b46d6732441698e8e14668699d8ac43
NCT01690091,COMPLETED,0,2012-03-12,2012,development,HTT-P1-AACT-20260905,2026-09-05,20260905_export_ctgov.zip,ctgov.studies.overall_status,COMPLETED=0;TERMINATED|WITHDRAWN=1,ctgov.studies.study_first_submitted_date,step2_reconciliation/HeartTrialTwin_step2_cohort_reconciliation.csv,5a254575d8d5276d1176b53b38dad6600b46d6732441698e8e14668699d8ac43
NCT01691417,COMPLETED,0,2012-09-09,2012,development,HTT-P1-AACT-20260905,2026-09-05,20260905_export_ctgov.zip,ctgov.studies.overall_status,COMPLETED=0;TERMINATED|WITHDRAWN=1,ctgov.studies.study_first_submitted_date,step2_reconciliation/HeartTrialTwin_step2_cohort_reconciliation.csv,5a254575d8d5276d1176b53b38dad6600b46d6732441698e8e14668699d8ac43
NCT01691586,COMPLETED,0,2012-09-20,2012,development,HTT-P1-AACT-20260905,2026-09-05,20260905_export_ctgov.zip,ctgov.studies.overall_status,COMPLETED=0;TERMINATED|WITHDRAWN=1,ctgov.studies.study_first_submitted_date,step2_reconciliation/HeartTrialTwin_step2_cohort_reconciliation.csv,5a254575d8d5276d1176b53b38dad6600b46d6732441698e8e14668699d8ac43
NCT01692119,COMPLETED,0,2012-09-17,2012,development,HTT-P1-AACT-20260905,2026-09-05,20260905_export_ctgov.zip,ctgov.studies.overall_status,COMPLETED=0;TERMINATED|WITHDRAWN=1,ctgov.studies.study_first_submitted_date,step2_reconciliation/HeartTrialTwin_step2_cohort_reconciliation.csv,5a254575d8d5276d1176b53b38dad6600b46d6732441698e8e14668699d8ac43
NCT01696890,TERMINATED,1,2012-03-29,2012,development,HTT-P1-AACT-20260905,2026-09-05,20260905_export_ctgov.zip,ctgov.studies.overall_status,COMPLETED=0;TERMINATED|WITHDRAWN=1,ctgov.studies.study_first_submitted_date,step2_reconciliation/HeartTrialTwin_step2_cohort_reconciliation.csv,5a254575d8d5276d1176b53b38dad6600b46d6732441698e8e14668699d8ac43
NCT01698242,COMPLETED,0,2012-06-12,2012,development,HTT-P1-AACT-20260905,2026-09-05,20260905_export_ctgov.zip,ctgov.studies.overall_status,COMPLETED=0;TERMINATED|WITHDRAWN=1,ctgov.studies.study_first_submitted_date,step2_reconciliation/HeartTrialTwin_step2_cohort_reconciliation.csv,5a254575d8d5276d1176b53b38dad6600b46d6732441698e8e14668699d8ac43
NCT01698398,COMPLETED,0,2012-10-02,2012,development,HTT-P1-AACT-20260905,2026-09-05,20260905_export_ctgov.zip,ctgov.studies.overall_status,COMPLETED=0;TERMINATED|WITHDRAWN=1,ctgov.studies.study_first_submitted_date,step2_reconciliation/HeartTrialTwin_step2_cohort_reconciliation.csv,5a254575d8d5276d1176b53b38dad6600b46d6732441698e8e14668699d8ac43
NCT01699776,COMPLETED,0,2012-09-12,2012,development,HTT-P1-AACT-20260905,2026-09-05,20260905_export_ctgov.zip,ctgov.studies.overall_status,COMPLETED=0;TERMINATED|WITHDRAWN=1,ctgov.studies.study_first_submitted_date,step2_reconciliation/HeartTrialTwin_step2_cohort_reconciliation.csv,5a254575d8d5276d1176b53b38dad6600b46d6732441698e8e14668699d8ac43
NCT01707277,COMPLETED,0,2012-10-09,2012,development,HTT-P1-AACT-20260905,2026-09-05,20260905_export_ctgov.zip,ctgov.studies.overall_status,COMPLETED=0;TERMINATED|WITHDRAWN=1,ctgov.studies.study_first_submitted_date,step2_reconciliation/HeartTrialTwin_step2_cohort_reconciliation.csv,5a254575d8d5276d1176b53b38dad6600b46d6732441698e8e14668699d8ac43
NCT01708798,TERMINATED,1,2012-10-15,2012,development,HTT-P1-AACT-20260905,2026-09-05,20260905_export_ctgov.zip,ctgov.studies.overall_status,COMPLETED=0;TERMINATED|WITHDRAWN=1,ctgov.studies.study_first_submitted_date,step2_reconciliation/HeartTrialTwin_step2_cohort_reconciliation.csv,5a254575d8d5276d1176b53b38dad6600b46d6732441698e8e14668699d8ac43
NCT01711281,COMPLETED,0,2012-10-16,2012,development,HTT-P1-AACT-20260905,2026-09-05,20260905_export_ctgov.zip,ctgov.studies.overall_status,COMPLETED=0;TERMINATED|WITHDRAWN=1,ctgov.studies.study_first_submitted_date,step2_reconciliation/HeartTrialTwin_step2_cohort_reconciliation.csv,5a254575d8d5276d1176b53b38dad6600b46d6732441698e8e14668699d8ac43
NCT01714752,COMPLETED,0,2012-10-19,2012,development,HTT-P1-AACT-20260905,2026-09-05,20260905_export_ctgov.zip,ctgov.studies.overall_status,COMPLETED=0;TERMINATED|WITHDRAWN=1,ctgov.studies.study_first_submitted_date,step2_reconciliation/HeartTrialTwin_step2_cohort_reconciliation.csv,5a254575d8d5276d1176b53b38dad6600b46d6732441698e8e14668699d8ac43
NCT01716819,COMPLETED,0,2012-10-26,2012,development,HTT-P1-AACT-20260905,2026-09-05,20260905_export_ctgov.zip,ctgov.studies.overall_status,COMPLETED=0;TERMINATED|WITHDRAWN=1,ctgov.studies.study_first_submitted_date,step2_reconciliation/HeartTrialTwin_step2_cohort_reconciliation.csv,5a254575d8d5276d1176b53b38dad6600b46d6732441698e8e14668699d8ac43
NCT01717209,COMPLETED,0,2012-10-26,2012,development,HTT-P1-AACT-20260905,2026-09-05,20260905_export_ctgov.zip,ctgov.studies.overall_status,COMPLETED=0;TERMINATED|WITHDRAWN=1,ctgov.studies.study_first_submitted_date,step2_reconciliation/HeartTrialTwin_step2_cohort_reconciliation.csv,5a254575d8d5276d1176b53b38dad6600b46d6732441698e8e14668699d8ac43
NCT01723371,WITHDRAWN,1,2012-10-31,2012,development,HTT-P1-AACT-20260905,2026-09-05,20260905_export_ctgov.zip,ctgov.studies.overall_status,COMPLETED=0;TERMINATED|WITHDRAWN=1,ctgov.studies.study_first_submitted_date,step2_reconciliation/HeartTrialTwin_step2_cohort_reconciliation.csv,5a254575d8d5276d1176b53b38dad6600b46d6732441698e8e14668699d8ac43
NCT01724450,COMPLETED,0,2012-06-11,2012,development,HTT-P1-AACT-20260905,2026-09-05,20260905_export_ctgov.zip,ctgov.studies.overall_status,COMPLETED=0;TERMINATED|WITHDRAWN=1,ctgov.studies.study_first_submitted_date,step2_reconciliation/HeartTrialTwin_step2_cohort_reconciliation.csv,5a254575d8d5276d1176b53b38dad6600b46d6732441698e8e14668699d8ac43
NCT01726049,COMPLETED,0,2012-09-21,2012,development,HTT-P1-AACT-20260905,2026-09-05,20260905_export_ctgov.zip,ctgov.studies.overall_status,COMPLETED=0;TERMINATED|WITHDRAWN=1,ctgov.studies.study_first_submitted_date,step2_reconciliation/HeartTrialTwin_step2_cohort_reconciliation.csv,5a254575d8d5276d1176b53b38dad6600b46d6732441698e8e14668699d8ac43
NCT01730417,COMPLETED,0,2012-11-07,2012,development,HTT-P1-AACT-20260905,2026-09-05,20260905_export_ctgov.zip,ctgov.studies.overall_status,COMPLETED=0;TERMINATED|WITHDRAWN=1,ctgov.studies.study_first_submitted_date,step2_reconciliation/HeartTrialTwin_step2_cohort_reconciliation.csv,5a254575d8d5276d1176b53b38dad6600b46d6732441698e8e14668699d8ac43
NCT01733017,COMPLETED,0,2012-11-15,2012,development,HTT-P1-AACT-20260905,2026-09-05,20260905_export_ctgov.zip,ctgov.studies.overall_status,COMPLETED=0;TERMINATED|WITHDRAWN=1,ctgov.studies.study_first_submitted_date,step2_reconciliation/HeartTrialTwin_step2_cohort_reconciliation.csv,5a254575d8d5276d1176b53b38dad6600b46d6732441698e8e14668699d8ac43
NCT01733134,WITHDRAWN,1,2012-11-20,2012,development,HTT-P1-AACT-20260905,2026-09-05,20260905_export_ctgov.zip,ctgov.studies.overall_status,COMPLETED=0;TERMINATED|WITHDRAWN=1,ctgov.studies.study_first_submitted_date,step2_reconciliation/HeartTrialTwin_step2_cohort_reconciliation.csv,5a254575d8d5276d1176b53b38dad6600b46d6732441698e8e14668699d8ac43
NCT01734135,COMPLETED,0,2012-11-20,2012,development,HTT-P1-AACT-20260905,2026-09-05,20260905_export_ctgov.zip,ctgov.studies.overall_status,COMPLETED=0;TERMINATED|WITHDRAWN=1,ctgov.studies.study_first_submitted_date,step2_reconciliation/HeartTrialTwin_step2_cohort_reconciliation.csv,5a254575d8d5276d1176b53b38dad6600b46d6732441698e8e14668699d8ac43
NCT01735916,TERMINATED,1,2012-11-15,2012,development,HTT-P1-AACT-20260905,2026-09-05,20260905_export_ctgov.zip,ctgov.studies.overall_status,COMPLETED=0;TERMINATED|WITHDRAWN=1,ctgov.studies.study_first_submitted_date,step2_reconciliation/HeartTrialTwin_step2_cohort_reconciliation.csv,5a254575d8d5276d1176b53b38dad6600b46d6732441698e8e14668699d8ac43
NCT01737866,COMPLETED,0,2012-10-16,2012,development,HTT-P1-AACT-20260905,2026-09-05,20260905_export_ctgov.zip,ctgov.studies.overall_status,COMPLETED=0;TERMINATED|WITHDRAWN=1,ctgov.studies.study_first_submitted_date,step2_reconciliation/HeartTrialTwin_step2_cohort_reconciliation.csv,5a254575d8d5276d1176b53b38dad6600b46d6732441698e8e14668699d8ac43
NCT01738659,COMPLETED,0,2012-10-23,2012,development,HTT-P1-AACT-20260905,2026-09-05,20260905_export_ctgov.zip,ctgov.studies.overall_status,COMPLETED=0;TERMINATED|WITHDRAWN=1,ctgov.studies.study_first_submitted_date,step2_reconciliation/HeartTrialTwin_step2_cohort_reconciliation.csv,5a254575d8d5276d1176b53b38dad6600b46d6732441698e8e14668699d8ac43
NCT01739686,COMPLETED,0,2012-11-16,2012,development,HTT-P1-AACT-20260905,2026-09-05,20260905_export_ctgov.zip,ctgov.studies.overall_status,COMPLETED=0;TERMINATED|WITHDRAWN=1,ctgov.studies.study_first_submitted_date,step2_reconciliation/HeartTrialTwin_step2_cohort_reconciliation.csv,5a254575d8d5276d1176b53b38dad6600b46d6732441698e8e14668699d8ac43
NCT01739777,COMPLETED,0,2012-11-29,2012,development,HTT-P1-AACT-20260905,2026-09-05,20260905_export_ctgov.zip,ctgov.studies.overall_status,COMPLETED=0;TERMINATED|WITHDRAWN=1,ctgov.studies.study_first_submitted_date,step2_reconciliation/HeartTrialTwin_step2_cohort_reconciliation.csv,5a254575d8d5276d1176b53b38dad6600b46d6732441698e8e14668699d8ac43
NCT01740596,TERMINATED,1,2012-11-28,2012,development,HTT-P1-AACT-20260905,2026-09-05,20260905_export_ctgov.zip,ctgov.studies.overall_status,COMPLETED=0;TERMINATED|WITHDRAWN=1,ctgov.studies.study_first_submitted_date,step2_reconciliation/HeartTrialTwin_step2_cohort_reconciliation.csv,5a254575d8d5276d1176b53b38dad6600b46d6732441698e8e14668699d8ac43
NCT01741337,COMPLETED,0,2012-11-23,2012,development,HTT-P1-AACT-20260905,2026-09-05,20260905_export_ctgov.zip,ctgov.studies.overall_status,COMPLETED=0;TERMINATED|WITHDRAWN=1,ctgov.studies.study_first_submitted_date,step2_reconciliation/HeartTrialTwin_step2_cohort_reconciliation.csv,5a254575d8d5276d1176b53b38dad6600b46d6732441698e8e14668699d8ac43
NCT01741480,COMPLETED,0,2012-11-27,2012,development,HTT-P1-AACT-20260905,2026-09-05,20260905_export_ctgov.zip,ctgov.studies.overall_status,COMPLETED=0;TERMINATED|WITHDRAWN=1,ctgov.studies.study_first_submitted_date,step2_reconciliation/HeartTrialTwin_step2_cohort_reconciliation.csv,5a254575d8d5276d1176b53b38dad6600b46d6732441698e8e14668699d8ac43
NCT01750905,COMPLETED,0,2012-12-13,2012,development,HTT-P1-AACT-20260905,2026-09-05,20260905_export_ctgov.zip,ctgov.studies.overall_status,COMPLETED=0;TERMINATED|WITHDRAWN=1,ctgov.studies.study_first_submitted_date,step2_reconciliation/HeartTrialTwin_step2_cohort_reconciliation.csv,5a254575d8d5276d1176b53b38dad6600b46d6732441698e8e14668699d8ac43
NCT01751022,COMPLETED,0,2012-12-03,2012,development,HTT-P1-AACT-20260905,2026-09-05,20260905_export_ctgov.zip,ctgov.studies.overall_status,COMPLETED=0;TERMINATED|WITHDRAWN=1,ctgov.studies.study_first_submitted_date,step2_reconciliation/HeartTrialTwin_step2_cohort_reconciliation.csv,5a254575d8d5276d1176b53b38dad6600b46d6732441698e8e14668699d8ac43
NCT01752192,COMPLETED,0,2012-12-12,2012,development,HTT-P1-AACT-20260905,2026-09-05,20260905_export_ctgov.zip,ctgov.studies.overall_status,COMPLETED=0;TERMINATED|WITHDRAWN=1,ctgov.studies.study_first_submitted_date,step2_reconciliation/HeartTrialTwin_step2_cohort_reconciliation.csv,5a254575d8d5276d1176b53b38dad6600b46d6732441698e8e14668699d8ac43
NCT01752543,COMPLETED,0,2012-12-12,2012,development,HTT-P1-AACT-20260905,2026-09-05,20260905_export_ctgov.zip,ctgov.studies.overall_status,COMPLETED=0;TERMINATED|WITHDRAWN=1,ctgov.studies.study_first_submitted_date,step2_reconciliation/HeartTrialTwin_step2_cohort_reconciliation.csv,5a254575d8d5276d1176b53b38dad6600b46d6732441698e8e14668699d8ac43
NCT01755988,COMPLETED,0,2012-12-12,2012,development,HTT-P1-AACT-20260905,2026-09-05,20260905_export_ctgov.zip,ctgov.studies.overall_status,COMPLETED=0;TERMINATED|WITHDRAWN=1,ctgov.studies.study_first_submitted_date,step2_reconciliation/HeartTrialTwin_step2_cohort_reconciliation.csv,5a254575d8d5276d1176b53b38dad6600b46d6732441698e8e14668699d8ac43
NCT01757067,TERMINATED,1,2012-12-03,2012,development,HTT-P1-AACT-20260905,2026-09-05,20260905_export_ctgov.zip,ctgov.studies.overall_status,COMPLETED=0;TERMINATED|WITHDRAWN=1,ctgov.studies.study_first_submitted_date,step2_reconciliation/HeartTrialTwin_step2_cohort_reconciliation.csv,5a254575d8d5276d1176b53b38dad6600b46d6732441698e8e14668699d8ac43
NCT01757665,COMPLETED,0,2012-12-18,2012,development,HTT-P1-AACT-20260905,2026-09-05,20260905_export_ctgov.zip,ctgov.studies.overall_status,COMPLETED=0;TERMINATED|WITHDRAWN=1,ctgov.studies.study_first_submitted_date,step2_reconciliation/HeartTrialTwin_step2_cohort_reconciliation.csv,5a254575d8d5276d1176b53b38dad6600b46d6732441698e8e14668699d8ac43
NCT01758627,COMPLETED,0,2012-12-24,2012,development,HTT-P1-AACT-20260905,2026-09-05,20260905_export_ctgov.zip,ctgov.studies.overall_status,COMPLETED=0;TERMINATED|WITHDRAWN=1,ctgov.studies.study_first_submitted_date,step2_reconciliation/HeartTrialTwin_step2_cohort_reconciliation.csv,5a254575d8d5276d1176b53b38dad6600b46d6732441698e8e14668699d8ac43
NCT01759212,TERMINATED,1,2012-12-18,2012,development,HTT-P1-AACT-20260905,2026-09-05,20260905_export_ctgov.zip,ctgov.studies.overall_status,COMPLETED=0;TERMINATED|WITHDRAWN=1,ctgov.studies.study_first_submitted_date,step2_reconciliation/HeartTrialTwin_step2_cohort_reconciliation.csv,5a254575d8d5276d1176b53b38dad6600b46d6732441698e8e14668699d8ac43
NCT01759368,COMPLETED,0,2012-12-20,2012,development,HTT-P1-AACT-20260905,2026-09-05,20260905_export_ctgov.zip,ctgov.studies.overall_status,COMPLETED=0;TERMINATED|WITHDRAWN=1,ctgov.studies.study_first_submitted_date,step2_reconciliation/HeartTrialTwin_step2_cohort_reconciliation.csv,5a254575d8d5276d1176b53b38dad6600b46d6732441698e8e14668699d8ac43
NCT01765335,COMPLETED,0,2013-01-08,2013,development,HTT-P1-AACT-20260905,2026-09-05,20260905_export_ctgov.zip,ctgov.studies.overall_status,COMPLETED=0;TERMINATED|WITHDRAWN=1,ctgov.studies.study_first_submitted_date,step2_reconciliation/HeartTrialTwin_step2_cohort_reconciliation.csv,5a254575d8d5276d1176b53b38dad6600b46d6732441698e8e14668699d8ac43
NCT01765400,COMPLETED,0,2012-12-12,2012,development,HTT-P1-AACT-20260905,2026-09-05,20260905_export_ctgov.zip,ctgov.studies.overall_status,COMPLETED=0;TERMINATED|WITHDRAWN=1,ctgov.studies.study_first_submitted_date,step2_reconciliation/HeartTrialTwin_step2_cohort_reconciliation.csv,5a254575d8d5276d1176b53b38dad6600b46d6732441698e8e14668699d8ac43
NCT01766505,TERMINATED,1,2013-01-10,2013,development,HTT-P1-AACT-20260905,2026-09-05,20260905_export_ctgov.zip,ctgov.studies.overall_status,COMPLETED=0;TERMINATED|WITHDRAWN=1,ctgov.studies.study_first_submitted_date,step2_reconciliation/HeartTrialTwin_step2_cohort_reconciliation.csv,5a254575d8d5276d1176b53b38dad6600b46d6732441698e8e14668699d8ac43
NCT01768702,COMPLETED,0,2012-12-21,2012,development,HTT-P1-AACT-20260905,2026-09-05,20260905_export_ctgov.zip,ctgov.studies.overall_status,COMPLETED=0;TERMINATED|WITHDRAWN=1,ctgov.studies.study_first_submitted_date,step2_reconciliation/HeartTrialTwin_step2_cohort_reconciliation.csv,5a254575d8d5276d1176b53b38dad6600b46d6732441698e8e14668699d8ac43
NCT01771900,COMPLETED,0,2012-06-15,2012,development,HTT-P1-AACT-20260905,2026-09-05,20260905_export_ctgov.zip,ctgov.studies.overall_status,COMPLETED=0;TERMINATED|WITHDRAWN=1,ctgov.studies.study_first_submitted_date,step2_reconciliation/HeartTrialTwin_step2_cohort_reconciliation.csv,5a254575d8d5276d1176b53b38dad6600b46d6732441698e8e14668699d8ac43
NCT01773057,COMPLETED,0,2012-11-22,2012,development,HTT-P1-AACT-20260905,2026-09-05,20260905_export_ctgov.zip,ctgov.studies.overall_status,COMPLETED=0;TERMINATED|WITHDRAWN=1,ctgov.studies.study_first_submitted_date,step2_reconciliation/HeartTrialTwin_step2_cohort_reconciliation.csv,5a254575d8d5276d1176b53b38dad6600b46d6732441698e8e14668699d8ac43
NCT01782677,COMPLETED,0,2013-01-31,2013,development,HTT-P1-AACT-20260905,2026-09-05,20260905_export_ctgov.zip,ctgov.studies.overall_status,COMPLETED=0;TERMINATED|WITHDRAWN=1,ctgov.studies.study_first_submitted_date,step2_reconciliation/HeartTrialTwin_step2_cohort_reconciliation.csv,5a254575d8d5276d1176b53b38dad6600b46d6732441698e8e14668699d8ac43
NCT01785121,COMPLETED,0,2013-02-01,2013,development,HTT-P1-AACT-20260905,2026-09-05,20260905_export_ctgov.zip,ctgov.studies.overall_status,COMPLETED=0;TERMINATED|WITHDRAWN=1,ctgov.studies.study_first_submitted_date,step2_reconciliation/HeartTrialTwin_step2_cohort_reconciliation.csv,5a254575d8d5276d1176b53b38dad6600b46d6732441698e8e14668699d8ac43
NCT01786512,COMPLETED,0,2013-01-18,2013,development,HTT-P1-AACT-20260905,2026-09-05,20260905_export_ctgov.zip,ctgov.studies.overall_status,COMPLETED=0;TERMINATED|WITHDRAWN=1,ctgov.studies.study_first_submitted_date,step2_reconciliation/HeartTrialTwin_step2_cohort_reconciliation.csv,5a254575d8d5276d1176b53b38dad6600b46d6732441698e8e14668699d8ac43
NCT01786993,COMPLETED,0,2013-02-06,2013,development,HTT-P1-AACT-20260905,2026-09-05,20260905_export_ctgov.zip,ctgov.studies.overall_status,COMPLETED=0;TERMINATED|WITHDRAWN=1,ctgov.studies.study_first_submitted_date,step2_reconciliation/HeartTrialTwin_step2_cohort_reconciliation.csv,5a254575d8d5276d1176b53b38dad6600b46d6732441698e8e14668699d8ac43
NCT01787682,COMPLETED,0,2013-02-04,2013,development,HTT-P1-AACT-20260905,2026-09-05,20260905_export_ctgov.zip,ctgov.studies.overall_status,COMPLETED=0;TERMINATED|WITHDRAWN=1,ctgov.studies.study_first_submitted_date,step2_reconciliation/HeartTrialTwin_step2_cohort_reconciliation.csv,5a254575d8d5276d1176b53b38dad6600b46d6732441698e8e14668699d8ac43
NCT01787851,WITHDRAWN,1,2013-02-06,2013,development,HTT-P1-AACT-20260905,2026-09-05,20260905_export_ctgov.zip,ctgov.studies.overall_status,COMPLETED=0;TERMINATED|WITHDRAWN=1,ctgov.studies.study_first_submitted_date,step2_reconciliation/HeartTrialTwin_step2_cohort_reconciliation.csv,5a254575d8d5276d1176b53b38dad6600b46d6732441698e8e14668699d8ac43
NCT01794598,TERMINATED,1,2012-02-17,2012,development,HTT-P1-AACT-20260905,2026-09-05,20260905_export_ctgov.zip,ctgov.studies.overall_status,COMPLETED=0;TERMINATED|WITHDRAWN=1,ctgov.studies.study_first_submitted_date,step2_reconciliation/HeartTrialTwin_step2_cohort_reconciliation.csv,5a254575d8d5276d1176b53b38dad6600b46d6732441698e8e14668699d8ac43
NCT01794715,COMPLETED,0,2013-02-13,2013,development,HTT-P1-AACT-20260905,2026-09-05,20260905_export_ctgov.zip,ctgov.studies.overall_status,COMPLETED=0;TERMINATED|WITHDRAWN=1,ctgov.studies.study_first_submitted_date,step2_reconciliation/HeartTrialTwin_step2_cohort_reconciliation.csv,5a254575d8d5276d1176b53b38dad6600b46d6732441698e8e14668699d8ac43
NCT01798745,WITHDRAWN,1,2013-02-22,2013,development,HTT-P1-AACT-20260905,2026-09-05,20260905_export_ctgov.zip,ctgov.studies.overall_status,COMPLETED=0;TERMINATED|WITHDRAWN=1,ctgov.studies.study_first_submitted_date,step2_reconciliation/HeartTrialTwin_step2_cohort_reconciliation.csv,5a254575d8d5276d1176b53b38dad6600b46d6732441698e8e14668699d8ac43
NCT01800968,COMPLETED,0,2013-02-07,2013,development,HTT-P1-AACT-20260905,2026-09-05,20260905_export_ctgov.zip,ctgov.studies.overall_status,COMPLETED=0;TERMINATED|WITHDRAWN=1,ctgov.studies.study_first_submitted_date,step2_reconciliation/HeartTrialTwin_step2_cohort_reconciliation.csv,5a254575d8d5276d1176b53b38dad6600b46d6732441698e8e14668699d8ac43
NCT01804816,COMPLETED,0,2013-03-04,2013,development,HTT-P1-AACT-20260905,2026-09-05,20260905_export_ctgov.zip,ctgov.studies.overall_status,COMPLETED=0;TERMINATED|WITHDRAWN=1,ctgov.studies.study_first_submitted_date,step2_reconciliation/HeartTrialTwin_step2_cohort_reconciliation.csv,5a254575d8d5276d1176b53b38dad6600b46d6732441698e8e14668699d8ac43
NCT01807130,TERMINATED,1,2013-03-05,2013,development,HTT-P1-AACT-20260905,2026-09-05,20260905_export_ctgov.zip,ctgov.studies.overall_status,COMPLETED=0;TERMINATED|WITHDRAWN=1,ctgov.studies.study_first_submitted_date,step2_reconciliation/HeartTrialTwin_step2_cohort_reconciliation.csv,5a254575d8d5276d1176b53b38dad6600b46d6732441698e8e14668699d8ac43
NCT01807221,COMPLETED,0,2013-03-07,2013,development,HTT-P1-AACT-20260905,2026-09-05,20260905_export_ctgov.zip,ctgov.studies.overall_status,COMPLETED=0;TERMINATED|WITHDRAWN=1,ctgov.studies.study_first_submitted_date,step2_reconciliation/HeartTrialTwin_step2_cohort_reconciliation.csv,5a254575d8d5276d1176b53b38dad6600b46d6732441698e8e14668699d8ac43
NCT01807897,COMPLETED,0,2013-03-01,2013,development,HTT-P1-AACT-20260905,2026-09-05,20260905_export_ctgov.zip,ctgov.studies.overall_status,COMPLETED=0;TERMINATED|WITHDRAWN=1,ctgov.studies.study_first_submitted_date,step2_reconciliation/HeartTrialTwin_step2_cohort_reconciliation.csv,5a254575d8d5276d1176b53b38dad6600b46d6732441698e8e14668699d8ac43
NCT01812512,WITHDRAWN,1,2012-09-12,2012,development,HTT-P1-AACT-20260905,2026-09-05,20260905_export_ctgov.zip,ctgov.studies.overall_status,COMPLETED=0;TERMINATED|WITHDRAWN=1,ctgov.studies.study_first_submitted_date,step2_reconciliation/HeartTrialTwin_step2_cohort_reconciliation.csv,5a254575d8d5276d1176b53b38dad6600b46d6732441698e8e14668699d8ac43
NCT01813201,COMPLETED,0,2011-06-22,2011,development,HTT-P1-AACT-20260905,2026-09-05,20260905_export_ctgov.zip,ctgov.studies.overall_status,COMPLETED=0;TERMINATED|WITHDRAWN=1,ctgov.studies.study_first_submitted_date,step2_reconciliation/HeartTrialTwin_step2_cohort_reconciliation.csv,5a254575d8d5276d1176b53b38dad6600b46d6732441698e8e14668699d8ac43
NCT01814319,COMPLETED,0,2013-03-14,2013,development,HTT-P1-AACT-20260905,2026-09-05,20260905_export_ctgov.zip,ctgov.studies.overall_status,COMPLETED=0;TERMINATED|WITHDRAWN=1,ctgov.studies.study_first_submitted_date,step2_reconciliation/HeartTrialTwin_step2_cohort_reconciliation.csv,5a254575d8d5276d1176b53b38dad6600b46d6732441698e8e14668699d8ac43
NCT01814696,TERMINATED,1,2013-03-18,2013,development,HTT-P1-AACT-20260905,2026-09-05,20260905_export_ctgov.zip,ctgov.studies.overall_status,COMPLETED=0;TERMINATED|WITHDRAWN=1,ctgov.studies.study_first_submitted_date,step2_reconciliation/HeartTrialTwin_step2_cohort_reconciliation.csv,5a254575d8d5276d1176b53b38dad6600b46d6732441698e8e14668699d8ac43
NCT01816776,COMPLETED,0,2013-03-19,2013,development,HTT-P1-AACT-20260905,2026-09-05,20260905_export_ctgov.zip,ctgov.studies.overall_status,COMPLETED=0;TERMINATED|WITHDRAWN=1,ctgov.studies.study_first_submitted_date,step2_reconciliation/HeartTrialTwin_step2_cohort_reconciliation.csv,5a254575d8d5276d1176b53b38dad6600b46d6732441698e8e14668699d8ac43
NCT01817686,COMPLETED,0,2013-03-19,2013,development,HTT-P1-AACT-20260905,2026-09-05,20260905_export_ctgov.zip,ctgov.studies.overall_status,COMPLETED=0;TERMINATED|WITHDRAWN=1,ctgov.studies.study_first_submitted_date,step2_reconciliation/HeartTrialTwin_step2_cohort_reconciliation.csv,5a254575d8d5276d1176b53b38dad6600b46d6732441698e8e14668699d8ac43
NCT01817803,WITHDRAWN,1,2013-03-20,2013,development,HTT-P1-AACT-20260905,2026-09-05,20260905_export_ctgov.zip,ctgov.studies.overall_status,COMPLETED=0;TERMINATED|WITHDRAWN=1,ctgov.studies.study_first_submitted_date,step2_reconciliation/HeartTrialTwin_step2_cohort_reconciliation.csv,5a254575d8d5276d1176b53b38dad6600b46d6732441698e8e14668699d8ac43
NCT01818765,COMPLETED,0,2013-03-19,2013,development,HTT-P1-AACT-20260905,2026-09-05,20260905_export_ctgov.zip,ctgov.studies.overall_status,COMPLETED=0;TERMINATED|WITHDRAWN=1,ctgov.studies.study_first_submitted_date,step2_reconciliation/HeartTrialTwin_step2_cohort_reconciliation.csv,5a254575d8d5276d1176b53b38dad6600b46d6732441698e8e14668699d8ac43
NCT01820130,WITHDRAWN,1,2013-02-22,2013,development,HTT-P1-AACT-20260905,2026-09-05,20260905_export_ctgov.zip,ctgov.studies.overall_status,COMPLETED=0;TERMINATED|WITHDRAWN=1,ctgov.studies.study_first_submitted_date,step2_reconciliation/HeartTrialTwin_step2_cohort_reconciliation.csv,5a254575d8d5276d1176b53b38dad6600b46d6732441698e8e14668699d8ac43
NCT01820780,COMPLETED,0,2013-01-25,2013,development,HTT-P1-AACT-20260905,2026-09-05,20260905_export_ctgov.zip,ctgov.studies.overall_status,COMPLETED=0;TERMINATED|WITHDRAWN=1,ctgov.studies.study_first_submitted_date,step2_reconciliation/HeartTrialTwin_step2_cohort_reconciliation.csv,5a254575d8d5276d1176b53b38dad6600b46d6732441698e8e14668699d8ac43
NCT01822171,TERMINATED,1,2013-01-07,2013,development,HTT-P1-AACT-20260905,2026-09-05,20260905_export_ctgov.zip,ctgov.studies.overall_status,COMPLETED=0;TERMINATED|WITHDRAWN=1,ctgov.studies.study_first_submitted_date,step2_reconciliation/HeartTrialTwin_step2_cohort_reconciliation.csv,5a254575d8d5276d1176b53b38dad6600b46d6732441698e8e14668699d8ac43
NCT01822912,COMPLETED,0,2013-03-26,2013,development,HTT-P1-AACT-20260905,2026-09-05,20260905_export_ctgov.zip,ctgov.studies.overall_status,COMPLETED=0;TERMINATED|WITHDRAWN=1,ctgov.studies.study_first_submitted_date,step2_reconciliation/HeartTrialTwin_step2_cohort_reconciliation.csv,5a254575d8d5276d1176b53b38dad6600b46d6732441698e8e14668699d8ac43
NCT01823887,COMPLETED,0,2013-04-01,2013,development,HTT-P1-AACT-20260905,2026-09-05,20260905_export_ctgov.zip,ctgov.studies.overall_status,COMPLETED=0;TERMINATED|WITHDRAWN=1,ctgov.studies.study_first_submitted_date,step2_reconciliation/HeartTrialTwin_step2_cohort_reconciliation.csv,5a254575d8d5276d1176b53b38dad6600b46d6732441698e8e14668699d8ac43
NCT01829607,COMPLETED,0,2013-04-09,2013,development,HTT-P1-AACT-20260905,2026-09-05,20260905_export_ctgov.zip,ctgov.studies.overall_status,COMPLETED=0;TERMINATED|WITHDRAWN=1,ctgov.studies.study_first_submitted_date,step2_reconciliation/HeartTrialTwin_step2_cohort_reconciliation.csv,5a254575d8d5276d1176b53b38dad6600b46d6732441698e8e14668699d8ac43
NCT01831518,COMPLETED,0,2013-04-04,2013,development,HTT-P1-AACT-20260905,2026-09-05,20260905_export_ctgov.zip,ctgov.studies.overall_status,COMPLETED=0;TERMINATED|WITHDRAWN=1,ctgov.studies.study_first_submitted_date,step2_reconciliation/HeartTrialTwin_step2_cohort_reconciliation.csv,5a254575d8d5276d1176b53b38dad6600b46d6732441698e8e14668699d8ac43
NCT01831544,TERMINATED,1,2013-04-08,2013,development,HTT-P1-AACT-20260905,2026-09-05,20260905_export_ctgov.zip,ctgov.studies.overall_status,COMPLETED=0;TERMINATED|WITHDRAWN=1,ctgov.studies.study_first_submitted_date,step2_reconciliation/HeartTrialTwin_step2_cohort_reconciliation.csv,5a254575d8d5276d1176b53b38dad6600b46d6732441698e8e14668699d8ac43
NCT01832493,COMPLETED,0,2013-03-20,2013,development,HTT-P1-AACT-20260905,2026-09-05,20260905_export_ctgov.zip,ctgov.studies.overall_status,COMPLETED=0;TERMINATED|WITHDRAWN=1,ctgov.studies.study_first_submitted_date,step2_reconciliation/HeartTrialTwin_step2_cohort_reconciliation.csv,5a254575d8d5276d1176b53b38dad6600b46d6732441698e8e14668699d8ac43
NCT01834833,COMPLETED,0,2013-01-17,2013,development,HTT-P1-AACT-20260905,2026-09-05,20260905_export_ctgov.zip,ctgov.studies.overall_status,COMPLETED=0;TERMINATED|WITHDRAWN=1,ctgov.studies.study_first_submitted_date,step2_reconciliation/HeartTrialTwin_step2_cohort_reconciliation.csv,5a254575d8d5276d1176b53b38dad6600b46d6732441698e8e14668699d8ac43
NCT01836809,TERMINATED,1,2013-04-17,2013,development,HTT-P1-AACT-20260905,2026-09-05,20260905_export_ctgov.zip,ctgov.studies.overall_status,COMPLETED=0;TERMINATED|WITHDRAWN=1,ctgov.studies.study_first_submitted_date,step2_reconciliation/HeartTrialTwin_step2_cohort_reconciliation.csv,5a254575d8d5276d1176b53b38dad6600b46d6732441698e8e14668699d8ac43
NCT01837082,TERMINATED,1,2013-04-17,2013,development,HTT-P1-AACT-20260905,2026-09-05,20260905_export_ctgov.zip,ctgov.studies.overall_status,COMPLETED=0;TERMINATED|WITHDRAWN=1,ctgov.studies.study_first_submitted_date,step2_reconciliation/HeartTrialTwin_step2_cohort_reconciliation.csv,5a254575d8d5276d1176b53b38dad6600b46d6732441698e8e14668699d8ac43
NCT01840059,COMPLETED,0,2013-04-17,2013,development,HTT-P1-AACT-20260905,2026-09-05,20260905_export_ctgov.zip,ctgov.studies.overall_status,COMPLETED=0;TERMINATED|WITHDRAWN=1,ctgov.studies.study_first_submitted_date,step2_reconciliation/HeartTrialTwin_step2_cohort_reconciliation.csv,5a254575d8d5276d1176b53b38dad6600b46d6732441698e8e14668699d8ac43
NCT01841242,COMPLETED,0,2013-04-24,2013,development,HTT-P1-AACT-20260905,2026-09-05,20260905_export_ctgov.zip,ctgov.studies.overall_status,COMPLETED=0;TERMINATED|WITHDRAWN=1,ctgov.studies.study_first_submitted_date,step2_reconciliation/HeartTrialTwin_step2_cohort_reconciliation.csv,5a254575d8d5276d1176b53b38dad6600b46d6732441698e8e14668699d8ac43
NCT01841944,COMPLETED,0,2013-04-16,2013,development,HTT-P1-AACT-20260905,2026-09-05,20260905_export_ctgov.zip,ctgov.studies.overall_status,COMPLETED=0;TERMINATED|WITHDRAWN=1,ctgov.studies.study_first_submitted_date,step2_reconciliation/HeartTrialTwin_step2_cohort_reconciliation.csv,5a254575d8d5276d1176b53b38dad6600b46d6732441698e8e14668699d8ac43
NCT01844037,TERMINATED,1,2013-04-29,2013,development,HTT-P1-AACT-20260905,2026-09-05,20260905_export_ctgov.zip,ctgov.studies.overall_status,COMPLETED=0;TERMINATED|WITHDRAWN=1,ctgov.studies.study_first_submitted_date,step2_reconciliation/HeartTrialTwin_step2_cohort_reconciliation.csv,5a254575d8d5276d1176b53b38dad6600b46d6732441698e8e14668699d8ac43
NCT01849094,COMPLETED,0,2013-04-30,2013,development,HTT-P1-AACT-20260905,2026-09-05,20260905_export_ctgov.zip,ctgov.studies.overall_status,COMPLETED=0;TERMINATED|WITHDRAWN=1,ctgov.studies.study_first_submitted_date,step2_reconciliation/HeartTrialTwin_step2_cohort_reconciliation.csv,5a254575d8d5276d1176b53b38dad6600b46d6732441698e8e14668699d8ac43
NCT01850264,COMPLETED,0,2012-12-19,2012,development,HTT-P1-AACT-20260905,2026-09-05,20260905_export_ctgov.zip,ctgov.studies.overall_status,COMPLETED=0;TERMINATED|WITHDRAWN=1,ctgov.studies.study_first_submitted_date,step2_reconciliation/HeartTrialTwin_step2_cohort_reconciliation.csv,5a254575d8d5276d1176b53b38dad6600b46d6732441698e8e14668699d8ac43
NCT01852994,COMPLETED,0,2013-03-11,2013,development,HTT-P1-AACT-20260905,2026-09-05,20260905_export_ctgov.zip,ctgov.studies.overall_status,COMPLETED=0;TERMINATED|WITHDRAWN=1,ctgov.studies.study_first_submitted_date,step2_reconciliation/HeartTrialTwin_step2_cohort_reconciliation.csv,5a254575d8d5276d1176b53b38dad6600b46d6732441698e8e14668699d8ac43
NCT01855022,COMPLETED,0,2013-05-10,2013,development,HTT-P1-AACT-20260905,2026-09-05,20260905_export_ctgov.zip,ctgov.studies.overall_status,COMPLETED=0;TERMINATED|WITHDRAWN=1,ctgov.studies.study_first_submitted_date,step2_reconciliation/HeartTrialTwin_step2_cohort_reconciliation.csv,5a254575d8d5276d1176b53b38dad6600b46d6732441698e8e14668699d8ac43
NCT01856725,COMPLETED,0,2013-05-14,2013,development,HTT-P1-AACT-20260905,2026-09-05,20260905_export_ctgov.zip,ctgov.studies.overall_status,COMPLETED=0;TERMINATED|WITHDRAWN=1,ctgov.studies.study_first_submitted_date,step2_reconciliation/HeartTrialTwin_step2_cohort_reconciliation.csv,5a254575d8d5276d1176b53b38dad6600b46d6732441698e8e14668699d8ac43
NCT01857999,COMPLETED,0,2013-05-16,2013,development,HTT-P1-AACT-20260905,2026-09-05,20260905_export_ctgov.zip,ctgov.studies.overall_status,COMPLETED=0;TERMINATED|WITHDRAWN=1,ctgov.studies.study_first_submitted_date,step2_reconciliation/HeartTrialTwin_step2_cohort_reconciliation.csv,5a254575d8d5276d1176b53b38dad6600b46d6732441698e8e14668699d8ac43
NCT01858480,WITHDRAWN,1,2013-05-09,2013,development,HTT-P1-AACT-20260905,2026-09-05,20260905_export_ctgov.zip,ctgov.studies.overall_status,COMPLETED=0;TERMINATED|WITHDRAWN=1,ctgov.studies.study_first_submitted_date,step2_reconciliation/HeartTrialTwin_step2_cohort_reconciliation.csv,5a254575d8d5276d1176b53b38dad6600b46d6732441698e8e14668699d8ac43
NCT01858675,COMPLETED,0,2013-05-13,2013,development,HTT-P1-AACT-20260905,2026-09-05,20260905_export_ctgov.zip,ctgov.studies.overall_status,COMPLETED=0;TERMINATED|WITHDRAWN=1,ctgov.studies.study_first_submitted_date,step2_reconciliation/HeartTrialTwin_step2_cohort_reconciliation.csv,5a254575d8d5276d1176b53b38dad6600b46d6732441698e8e14668699d8ac43
NCT01863511,COMPLETED,0,2013-05-20,2013,development,HTT-P1-AACT-20260905,2026-09-05,20260905_export_ctgov.zip,ctgov.studies.overall_status,COMPLETED=0;TERMINATED|WITHDRAWN=1,ctgov.studies.study_first_submitted_date,step2_reconciliation/HeartTrialTwin_step2_cohort_reconciliation.csv,5a254575d8d5276d1176b53b38dad6600b46d6732441698e8e14668699d8ac43
NCT01864369,COMPLETED,0,2013-05-15,2013,development,HTT-P1-AACT-20260905,2026-09-05,20260905_export_ctgov.zip,ctgov.studies.overall_status,COMPLETED=0;TERMINATED|WITHDRAWN=1,ctgov.studies.study_first_submitted_date,step2_reconciliation/HeartTrialTwin_step2_cohort_reconciliation.csv,5a254575d8d5276d1176b53b38dad6600b46d6732441698e8e14668699d8ac43
NCT01868841,COMPLETED,0,2013-05-14,2013,development,HTT-P1-AACT-20260905,2026-09-05,20260905_export_ctgov.zip,ctgov.studies.overall_status,COMPLETED=0;TERMINATED|WITHDRAWN=1,ctgov.studies.study_first_submitted_date,step2_reconciliation/HeartTrialTwin_step2_cohort_reconciliation.csv,5a254575d8d5276d1176b53b38dad6600b46d6732441698e8e14668699d8ac43
NCT01868880,WITHDRAWN,1,2013-05-09,2013,development,HTT-P1-AACT-20260905,2026-09-05,20260905_export_ctgov.zip,ctgov.studies.overall_status,COMPLETED=0;TERMINATED|WITHDRAWN=1,ctgov.studies.study_first_submitted_date,step2_reconciliation/HeartTrialTwin_step2_cohort_reconciliation.csv,5a254575d8d5276d1176b53b38dad6600b46d6732441698e8e14668699d8ac43
NCT01869062,COMPLETED,0,2013-05-27,2013,development,HTT-P1-AACT-20260905,2026-09-05,20260905_export_ctgov.zip,ctgov.studies.overall_status,COMPLETED=0;TERMINATED|WITHDRAWN=1,ctgov.studies.study_first_submitted_date,step2_reconciliation/HeartTrialTwin_step2_cohort_reconciliation.csv,5a254575d8d5276d1176b53b38dad6600b46d6732441698e8e14668699d8ac43
NCT01869452,COMPLETED,0,2013-05-23,2013,development,HTT-P1-AACT-20260905,2026-09-05,20260905_export_ctgov.zip,ctgov.studies.overall_status,COMPLETED=0;TERMINATED|WITHDRAWN=1,ctgov.studies.study_first_submitted_date,step2_reconciliation/HeartTrialTwin_step2_cohort_reconciliation.csv,5a254575d8d5276d1176b53b38dad6600b46d6732441698e8e14668699d8ac43
NCT01870778,COMPLETED,0,2013-06-03,2013,development,HTT-P1-AACT-20260905,2026-09-05,20260905_export_ctgov.zip,ctgov.studies.overall_status,COMPLETED=0;TERMINATED|WITHDRAWN=1,ctgov.studies.study_first_submitted_date,step2_reconciliation/HeartTrialTwin_step2_cohort_reconciliation.csv,5a254575d8d5276d1176b53b38dad6600b46d6732441698e8e14668699d8ac43
NCT01871090,COMPLETED,0,2013-06-04,2013,development,HTT-P1-AACT-20260905,2026-09-05,20260905_export_ctgov.zip,ctgov.studies.overall_status,COMPLETED=0;TERMINATED|WITHDRAWN=1,ctgov.studies.study_first_submitted_date,step2_reconciliation/HeartTrialTwin_step2_cohort_reconciliation.csv,5a254575d8d5276d1176b53b38dad6600b46d6732441698e8e14668699d8ac43
NCT01872234,TERMINATED,1,2013-05-31,2013,development,HTT-P1-AACT-20260905,2026-09-05,20260905_export_ctgov.zip,ctgov.studies.overall_status,COMPLETED=0;TERMINATED|WITHDRAWN=1,ctgov.studies.study_first_submitted_date,step2_reconciliation/HeartTrialTwin_step2_cohort_reconciliation.csv,5a254575d8d5276d1176b53b38dad6600b46d6732441698e8e14668699d8ac43
NCT01874795,COMPLETED,0,2012-07-11,2012,development,HTT-P1-AACT-20260905,2026-09-05,20260905_export_ctgov.zip,ctgov.studies.overall_status,COMPLETED=0;TERMINATED|WITHDRAWN=1,ctgov.studies.study_first_submitted_date,step2_reconciliation/HeartTrialTwin_step2_cohort_reconciliation.csv,5a254575d8d5276d1176b53b38dad6600b46d6732441698e8e14668699d8ac43
NCT01876433,COMPLETED,0,2013-06-10,2013,development,HTT-P1-AACT-20260905,2026-09-05,20260905_export_ctgov.zip,ctgov.studies.overall_status,COMPLETED=0;TERMINATED|WITHDRAWN=1,ctgov.studies.study_first_submitted_date,step2_reconciliation/HeartTrialTwin_step2_cohort_reconciliation.csv,5a254575d8d5276d1176b53b38dad6600b46d6732441698e8e14668699d8ac43
NCT01877343,TERMINATED,1,2013-04-15,2013,development,HTT-P1-AACT-20260905,2026-09-05,20260905_export_ctgov.zip,ctgov.studies.overall_status,COMPLETED=0;TERMINATED|WITHDRAWN=1,ctgov.studies.study_first_submitted_date,step2_reconciliation/HeartTrialTwin_step2_cohort_reconciliation.csv,5a254575d8d5276d1176b53b38dad6600b46d6732441698e8e14668699d8ac43
NCT01877915,COMPLETED,0,2013-06-12,2013,development,HTT-P1-AACT-20260905,2026-09-05,20260905_export_ctgov.zip,ctgov.studies.overall_status,COMPLETED=0;TERMINATED|WITHDRAWN=1,ctgov.studies.study_first_submitted_date,step2_reconciliation/HeartTrialTwin_step2_cohort_reconciliation.csv,5a254575d8d5276d1176b53b38dad6600b46d6732441698e8e14668699d8ac43
NCT01878630,COMPLETED,0,2013-06-12,2013,development,HTT-P1-AACT-20260905,2026-09-05,20260905_export_ctgov.zip,ctgov.studies.overall_status,COMPLETED=0;TERMINATED|WITHDRAWN=1,ctgov.studies.study_first_submitted_date,step2_reconciliation/HeartTrialTwin_step2_cohort_reconciliation.csv,5a254575d8d5276d1176b53b38dad6600b46d6732441698e8e14668699d8ac43
NCT01878968,COMPLETED,0,2013-05-07,2013,development,HTT-P1-AACT-20260905,2026-09-05,20260905_export_ctgov.zip,ctgov.studies.overall_status,COMPLETED=0;TERMINATED|WITHDRAWN=1,ctgov.studies.study_first_submitted_date,step2_reconciliation/HeartTrialTwin_step2_cohort_reconciliation.csv,5a254575d8d5276d1176b53b38dad6600b46d6732441698e8e14668699d8ac43
NCT01883141,COMPLETED,0,2013-05-24,2013,development,HTT-P1-AACT-20260905,2026-09-05,20260905_export_ctgov.zip,ctgov.studies.overall_status,COMPLETED=0;TERMINATED|WITHDRAWN=1,ctgov.studies.study_first_submitted_date,step2_reconciliation/HeartTrialTwin_step2_cohort_reconciliation.csv,5a254575d8d5276d1176b53b38dad6600b46d6732441698e8e14668699d8ac43
NCT01884142,COMPLETED,0,2013-03-27,2013,development,HTT-P1-AACT-20260905,2026-09-05,20260905_export_ctgov.zip,ctgov.studies.overall_status,COMPLETED=0;TERMINATED|WITHDRAWN=1,ctgov.studies.study_first_submitted_date,step2_reconciliation/HeartTrialTwin_step2_cohort_reconciliation.csv,5a254575d8d5276d1176b53b38dad6600b46d6732441698e8e14668699d8ac43
NCT01886391,WITHDRAWN,1,2013-06-17,2013,development,HTT-P1-AACT-20260905,2026-09-05,20260905_export_ctgov.zip,ctgov.studies.overall_status,COMPLETED=0;TERMINATED|WITHDRAWN=1,ctgov.studies.study_first_submitted_date,step2_reconciliation/HeartTrialTwin_step2_cohort_reconciliation.csv,5a254575d8d5276d1176b53b38dad6600b46d6732441698e8e14668699d8ac43
NCT01886430,COMPLETED,0,2013-04-09,2013,development,HTT-P1-AACT-20260905,2026-09-05,20260905_export_ctgov.zip,ctgov.studies.overall_status,COMPLETED=0;TERMINATED|WITHDRAWN=1,ctgov.studies.study_first_submitted_date,step2_reconciliation/HeartTrialTwin_step2_cohort_reconciliation.csv,5a254575d8d5276d1176b53b38dad6600b46d6732441698e8e14668699d8ac43
NCT01886534,COMPLETED,0,2013-06-21,2013,development,HTT-P1-AACT-20260905,2026-09-05,20260905_export_ctgov.zip,ctgov.studies.overall_status,COMPLETED=0;TERMINATED|WITHDRAWN=1,ctgov.studies.study_first_submitted_date,step2_reconciliation/HeartTrialTwin_step2_cohort_reconciliation.csv,5a254575d8d5276d1176b53b38dad6600b46d6732441698e8e14668699d8ac43
NCT01887353,TERMINATED,1,2013-06-24,2013,development,HTT-P1-AACT-20260905,2026-09-05,20260905_export_ctgov.zip,ctgov.studies.overall_status,COMPLETED=0;TERMINATED|WITHDRAWN=1,ctgov.studies.study_first_submitted_date,step2_reconciliation/HeartTrialTwin_step2_cohort_reconciliation.csv,5a254575d8d5276d1176b53b38dad6600b46d6732441698e8e14668699d8ac43
NCT01894750,COMPLETED,0,2013-07-01,2013,development,HTT-P1-AACT-20260905,2026-09-05,20260905_export_ctgov.zip,ctgov.studies.overall_status,COMPLETED=0;TERMINATED|WITHDRAWN=1,ctgov.studies.study_first_submitted_date,step2_reconciliation/HeartTrialTwin_step2_cohort_reconciliation.csv,5a254575d8d5276d1176b53b38dad6600b46d6732441698e8e14668699d8ac43
NCT01900379,COMPLETED,0,2013-07-05,2013,development,HTT-P1-AACT-20260905,2026-09-05,20260905_export_ctgov.zip,ctgov.studies.overall_status,COMPLETED=0;TERMINATED|WITHDRAWN=1,ctgov.studies.study_first_submitted_date,step2_reconciliation/HeartTrialTwin_step2_cohort_reconciliation.csv,5a254575d8d5276d1176b53b38dad6600b46d6732441698e8e14668699d8ac43
NCT01900600,COMPLETED,0,2013-07-06,2013,development,HTT-P1-AACT-20260905,2026-09-05,20260905_export_ctgov.zip,ctgov.studies.overall_status,COMPLETED=0;TERMINATED|WITHDRAWN=1,ctgov.studies.study_first_submitted_date,step2_reconciliation/HeartTrialTwin_step2_cohort_reconciliation.csv,5a254575d8d5276d1176b53b38dad6600b46d6732441698e8e14668699d8ac43
NCT01901809,COMPLETED,0,2013-05-15,2013,development,HTT-P1-AACT-20260905,2026-09-05,20260905_export_ctgov.zip,ctgov.studies.overall_status,COMPLETED=0;TERMINATED|WITHDRAWN=1,ctgov.studies.study_first_submitted_date,step2_reconciliation/HeartTrialTwin_step2_cohort_reconciliation.csv,5a254575d8d5276d1176b53b38dad6600b46d6732441698e8e14668699d8ac43
NCT01905670,COMPLETED,0,2013-07-19,2013,development,HTT-P1-AACT-20260905,2026-09-05,20260905_export_ctgov.zip,ctgov.studies.overall_status,COMPLETED=0;TERMINATED|WITHDRAWN=1,ctgov.studies.study_first_submitted_date,step2_reconciliation/HeartTrialTwin_step2_cohort_reconciliation.csv,5a254575d8d5276d1176b53b38dad6600b46d6732441698e8e14668699d8ac43
NCT01906957,TERMINATED,1,2013-07-11,2013,development,HTT-P1-AACT-20260905,2026-09-05,20260905_export_ctgov.zip,ctgov.studies.overall_status,COMPLETED=0;TERMINATED|WITHDRAWN=1,ctgov.studies.study_first_submitted_date,step2_reconciliation/HeartTrialTwin_step2_cohort_reconciliation.csv,5a254575d8d5276d1176b53b38dad6600b46d6732441698e8e14668699d8ac43
NCT01910389,TERMINATED,1,2013-07-25,2013,development,HTT-P1-AACT-20260905,2026-09-05,20260905_export_ctgov.zip,ctgov.studies.overall_status,COMPLETED=0;TERMINATED|WITHDRAWN=1,ctgov.studies.study_first_submitted_date,step2_reconciliation/HeartTrialTwin_step2_cohort_reconciliation.csv,5a254575d8d5276d1176b53b38dad6600b46d6732441698e8e14668699d8ac43
NCT01912690,COMPLETED,0,2013-07-29,2013,development,HTT-P1-AACT-20260905,2026-09-05,20260905_export_ctgov.zip,ctgov.studies.overall_status,COMPLETED=0;TERMINATED|WITHDRAWN=1,ctgov.studies.study_first_submitted_date,step2_reconciliation/HeartTrialTwin_step2_cohort_reconciliation.csv,5a254575d8d5276d1176b53b38dad6600b46d6732441698e8e14668699d8ac43
NCT01913301,TERMINATED,1,2013-02-15,2013,development,HTT-P1-AACT-20260905,2026-09-05,20260905_export_ctgov.zip,ctgov.studies.overall_status,COMPLETED=0;TERMINATED|WITHDRAWN=1,ctgov.studies.study_first_submitted_date,step2_reconciliation/HeartTrialTwin_step2_cohort_reconciliation.csv,5a254575d8d5276d1176b53b38dad6600b46d6732441698e8e14668699d8ac43
NCT01913613,COMPLETED,0,2013-07-30,2013,development,HTT-P1-AACT-20260905,2026-09-05,20260905_export_ctgov.zip,ctgov.studies.overall_status,COMPLETED=0;TERMINATED|WITHDRAWN=1,ctgov.studies.study_first_submitted_date,step2_reconciliation/HeartTrialTwin_step2_cohort_reconciliation.csv,5a254575d8d5276d1176b53b38dad6600b46d6732441698e8e14668699d8ac43
NCT01914588,COMPLETED,0,2013-07-25,2013,development,HTT-P1-AACT-20260905,2026-09-05,20260905_export_ctgov.zip,ctgov.studies.overall_status,COMPLETED=0;TERMINATED|WITHDRAWN=1,ctgov.studies.study_first_submitted_date,step2_reconciliation/HeartTrialTwin_step2_cohort_reconciliation.csv,5a254575d8d5276d1176b53b38dad6600b46d6732441698e8e14668699d8ac43
NCT01917188,COMPLETED,0,2013-08-01,2013,development,HTT-P1-AACT-20260905,2026-09-05,20260905_export_ctgov.zip,ctgov.studies.overall_status,COMPLETED=0;TERMINATED|WITHDRAWN=1,ctgov.studies.study_first_submitted_date,step2_reconciliation/HeartTrialTwin_step2_cohort_reconciliation.csv,5a254575d8d5276d1176b53b38dad6600b46d6732441698e8e14668699d8ac43
NCT01918215,COMPLETED,0,2013-04-19,2013,development,HTT-P1-AACT-20260905,2026-09-05,20260905_export_ctgov.zip,ctgov.studies.overall_status,COMPLETED=0;TERMINATED|WITHDRAWN=1,ctgov.studies.study_first_submitted_date,step2_reconciliation/HeartTrialTwin_step2_cohort_reconciliation.csv,5a254575d8d5276d1176b53b38dad6600b46d6732441698e8e14668699d8ac43
NCT01919177,COMPLETED,0,2013-07-22,2013,development,HTT-P1-AACT-20260905,2026-09-05,20260905_export_ctgov.zip,ctgov.studies.overall_status,COMPLETED=0;TERMINATED|WITHDRAWN=1,ctgov.studies.study_first_submitted_date,step2_reconciliation/HeartTrialTwin_step2_cohort_reconciliation.csv,5a254575d8d5276d1176b53b38dad6600b46d6732441698e8e14668699d8ac43
NCT01919918,COMPLETED,0,2013-07-29,2013,development,HTT-P1-AACT-20260905,2026-09-05,20260905_export_ctgov.zip,ctgov.studies.overall_status,COMPLETED=0;TERMINATED|WITHDRAWN=1,ctgov.studies.study_first_submitted_date,step2_reconciliation/HeartTrialTwin_step2_cohort_reconciliation.csv,5a254575d8d5276d1176b53b38dad6600b46d6732441698e8e14668699d8ac43
NCT01920048,COMPLETED,0,2013-08-03,2013,development,HTT-P1-AACT-20260905,2026-09-05,20260905_export_ctgov.zip,ctgov.studies.overall_status,COMPLETED=0;TERMINATED|WITHDRAWN=1,ctgov.studies.study_first_submitted_date,step2_reconciliation/HeartTrialTwin_step2_cohort_reconciliation.csv,5a254575d8d5276d1176b53b38dad6600b46d6732441698e8e14668699d8ac43
NCT01920711,COMPLETED,0,2013-08-08,2013,development,HTT-P1-AACT-20260905,2026-09-05,20260905_export_ctgov.zip,ctgov.studies.overall_status,COMPLETED=0;TERMINATED|WITHDRAWN=1,ctgov.studies.study_first_submitted_date,step2_reconciliation/HeartTrialTwin_step2_cohort_reconciliation.csv,5a254575d8d5276d1176b53b38dad6600b46d6732441698e8e14668699d8ac43
NCT01921829,TERMINATED,1,2013-07-23,2013,development,HTT-P1-AACT-20260905,2026-09-05,20260905_export_ctgov.zip,ctgov.studies.overall_status,COMPLETED=0;TERMINATED|WITHDRAWN=1,ctgov.studies.study_first_submitted_date,step2_reconciliation/HeartTrialTwin_step2_cohort_reconciliation.csv,5a254575d8d5276d1176b53b38dad6600b46d6732441698e8e14668699d8ac43
NCT01922089,COMPLETED,0,2013-08-12,2013,development,HTT-P1-AACT-20260905,2026-09-05,20260905_export_ctgov.zip,ctgov.studies.overall_status,COMPLETED=0;TERMINATED|WITHDRAWN=1,ctgov.studies.study_first_submitted_date,step2_reconciliation/HeartTrialTwin_step2_cohort_reconciliation.csv,5a254575d8d5276d1176b53b38dad6600b46d6732441698e8e14668699d8ac43
NCT01922479,COMPLETED,0,2013-08-11,2013,development,HTT-P1-AACT-20260905,2026-09-05,20260905_export_ctgov.zip,ctgov.studies.overall_status,COMPLETED=0;TERMINATED|WITHDRAWN=1,ctgov.studies.study_first_submitted_date,step2_reconciliation/HeartTrialTwin_step2_cohort_reconciliation.csv,5a254575d8d5276d1176b53b38dad6600b46d6732441698e8e14668699d8ac43
NCT01925703,COMPLETED,0,2013-05-30,2013,development,HTT-P1-AACT-20260905,2026-09-05,20260905_export_ctgov.zip,ctgov.studies.overall_status,COMPLETED=0;TERMINATED|WITHDRAWN=1,ctgov.studies.study_first_submitted_date,step2_reconciliation/HeartTrialTwin_step2_cohort_reconciliation.csv,5a254575d8d5276d1176b53b38dad6600b46d6732441698e8e14668699d8ac43
NCT01932606,COMPLETED,0,2013-08-27,2013,development,HTT-P1-AACT-20260905,2026-09-05,20260905_export_ctgov.zip,ctgov.studies.overall_status,COMPLETED=0;TERMINATED|WITHDRAWN=1,ctgov.studies.study_first_submitted_date,step2_reconciliation/HeartTrialTwin_step2_cohort_reconciliation.csv,5a254575d8d5276d1176b53b38dad6600b46d6732441698e8e14668699d8ac43
NCT01933789,COMPLETED,0,2013-08-28,2013,development,HTT-P1-AACT-20260905,2026-09-05,20260905_export_ctgov.zip,ctgov.studies.overall_status,COMPLETED=0;TERMINATED|WITHDRAWN=1,ctgov.studies.study_first_submitted_date,step2_reconciliation/HeartTrialTwin_step2_cohort_reconciliation.csv,5a254575d8d5276d1176b53b38dad6600b46d6732441698e8e14668699d8ac43
NCT01935622,TERMINATED,1,2013-08-23,2013,development,HTT-P1-AACT-20260905,2026-09-05,20260905_export_ctgov.zip,ctgov.studies.overall_status,COMPLETED=0;TERMINATED|WITHDRAWN=1,ctgov.studies.study_first_submitted_date,step2_reconciliation/HeartTrialTwin_step2_cohort_reconciliation.csv,5a254575d8d5276d1176b53b38dad6600b46d6732441698e8e14668699d8ac43
NCT01936350,COMPLETED,0,2013-09-02,2013,development,HTT-P1-AACT-20260905,2026-09-05,20260905_export_ctgov.zip,ctgov.studies.overall_status,COMPLETED=0;TERMINATED|WITHDRAWN=1,ctgov.studies.study_first_submitted_date,step2_reconciliation/HeartTrialTwin_step2_cohort_reconciliation.csv,5a254575d8d5276d1176b53b38dad6600b46d6732441698e8e14668699d8ac43
NCT01936649,COMPLETED,0,2013-09-03,2013,development,HTT-P1-AACT-20260905,2026-09-05,20260905_export_ctgov.zip,ctgov.studies.overall_status,COMPLETED=0;TERMINATED|WITHDRAWN=1,ctgov.studies.study_first_submitted_date,step2_reconciliation/HeartTrialTwin_step2_cohort_reconciliation.csv,5a254575d8d5276d1176b53b38dad6600b46d6732441698e8e14668699d8ac43
NCT01936844,COMPLETED,0,2013-09-03,2013,development,HTT-P1-AACT-20260905,2026-09-05,20260905_export_ctgov.zip,ctgov.studies.overall_status,COMPLETED=0;TERMINATED|WITHDRAWN=1,ctgov.studies.study_first_submitted_date,step2_reconciliation/HeartTrialTwin_step2_cohort_reconciliation.csv,5a254575d8d5276d1176b53b38dad6600b46d6732441698e8e14668699d8ac43
NCT01936896,COMPLETED,0,2013-08-30,2013,development,HTT-P1-AACT-20260905,2026-09-05,20260905_export_ctgov.zip,ctgov.studies.overall_status,COMPLETED=0;TERMINATED|WITHDRAWN=1,ctgov.studies.study_first_submitted_date,step2_reconciliation/HeartTrialTwin_step2_cohort_reconciliation.csv,5a254575d8d5276d1176b53b38dad6600b46d6732441698e8e14668699d8ac43
NCT01936909,COMPLETED,0,2013-09-03,2013,development,HTT-P1-AACT-20260905,2026-09-05,20260905_export_ctgov.zip,ctgov.studies.overall_status,COMPLETED=0;TERMINATED|WITHDRAWN=1,ctgov.studies.study_first_submitted_date,step2_reconciliation/HeartTrialTwin_step2_cohort_reconciliation.csv,5a254575d8d5276d1176b53b38dad6600b46d6732441698e8e14668699d8ac43
NCT01939236,COMPLETED,0,2013-08-13,2013,development,HTT-P1-AACT-20260905,2026-09-05,20260905_export_ctgov.zip,ctgov.studies.overall_status,COMPLETED=0;TERMINATED|WITHDRAWN=1,ctgov.studies.study_first_submitted_date,step2_reconciliation/HeartTrialTwin_step2_cohort_reconciliation.csv,5a254575d8d5276d1176b53b38dad6600b46d6732441698e8e14668699d8ac43
NCT01939795,COMPLETED,0,2013-03-27,2013,development,HTT-P1-AACT-20260905,2026-09-05,20260905_export_ctgov.zip,ctgov.studies.overall_status,COMPLETED=0;TERMINATED|WITHDRAWN=1,ctgov.studies.study_first_submitted_date,step2_reconciliation/HeartTrialTwin_step2_cohort_reconciliation.csv,5a254575d8d5276d1176b53b38dad6600b46d6732441698e8e14668699d8ac43
NCT01939912,COMPLETED,0,2013-08-29,2013,development,HTT-P1-AACT-20260905,2026-09-05,20260905_export_ctgov.zip,ctgov.studies.overall_status,COMPLETED=0;TERMINATED|WITHDRAWN=1,ctgov.studies.study_first_submitted_date,step2_reconciliation/HeartTrialTwin_step2_cohort_reconciliation.csv,5a254575d8d5276d1176b53b38dad6600b46d6732441698e8e14668699d8ac43
NCT01942395,TERMINATED,1,2013-08-21,2013,development,HTT-P1-AACT-20260905,2026-09-05,20260905_export_ctgov.zip,ctgov.studies.overall_status,COMPLETED=0;TERMINATED|WITHDRAWN=1,ctgov.studies.study_first_submitted_date,step2_reconciliation/HeartTrialTwin_step2_cohort_reconciliation.csv,5a254575d8d5276d1176b53b38dad6600b46d6732441698e8e14668699d8ac43
NCT01944384,COMPLETED,0,2013-09-04,2013,development,HTT-P1-AACT-20260905,2026-09-05,20260905_export_ctgov.zip,ctgov.studies.overall_status,COMPLETED=0;TERMINATED|WITHDRAWN=1,ctgov.studies.study_first_submitted_date,step2_reconciliation/HeartTrialTwin_step2_cohort_reconciliation.csv,5a254575d8d5276d1176b53b38dad6600b46d6732441698e8e14668699d8ac43
NCT01944683,COMPLETED,0,2013-09-11,2013,development,HTT-P1-AACT-20260905,2026-09-05,20260905_export_ctgov.zip,ctgov.studies.overall_status,COMPLETED=0;TERMINATED|WITHDRAWN=1,ctgov.studies.study_first_submitted_date,step2_reconciliation/HeartTrialTwin_step2_cohort_reconciliation.csv,5a254575d8d5276d1176b53b38dad6600b46d6732441698e8e14668699d8ac43
NCT01945268,COMPLETED,0,2013-09-13,2013,development,HTT-P1-AACT-20260905,2026-09-05,20260905_export_ctgov.zip,ctgov.studies.overall_status,COMPLETED=0;TERMINATED|WITHDRAWN=1,ctgov.studies.study_first_submitted_date,step2_reconciliation/HeartTrialTwin_step2_cohort_reconciliation.csv,5a254575d8d5276d1176b53b38dad6600b46d6732441698e8e14668699d8ac43
NCT01945606,COMPLETED,0,2013-09-16,2013,development,HTT-P1-AACT-20260905,2026-09-05,20260905_export_ctgov.zip,ctgov.studies.overall_status,COMPLETED=0;TERMINATED|WITHDRAWN=1,ctgov.studies.study_first_submitted_date,step2_reconciliation/HeartTrialTwin_step2_cohort_reconciliation.csv,5a254575d8d5276d1176b53b38dad6600b46d6732441698e8e14668699d8ac43
NCT01946542,TERMINATED,1,2013-09-17,2013,development,HTT-P1-AACT-20260905,2026-09-05,20260905_export_ctgov.zip,ctgov.studies.overall_status,COMPLETED=0;TERMINATED|WITHDRAWN=1,ctgov.studies.study_first_submitted_date,step2_reconciliation/HeartTrialTwin_step2_cohort_reconciliation.csv,5a254575d8d5276d1176b53b38dad6600b46d6732441698e8e14668699d8ac43
NCT01951625,COMPLETED,0,2013-09-24,2013,development,HTT-P1-AACT-20260905,2026-09-05,20260905_export_ctgov.zip,ctgov.studies.overall_status,COMPLETED=0;TERMINATED|WITHDRAWN=1,ctgov.studies.study_first_submitted_date,step2_reconciliation/HeartTrialTwin_step2_cohort_reconciliation.csv,5a254575d8d5276d1176b53b38dad6600b46d6732441698e8e14668699d8ac43
NCT01951638,COMPLETED,0,2013-09-24,2013,development,HTT-P1-AACT-20260905,2026-09-05,20260905_export_ctgov.zip,ctgov.studies.overall_status,COMPLETED=0;TERMINATED|WITHDRAWN=1,ctgov.studies.study_first_submitted_date,step2_reconciliation/HeartTrialTwin_step2_cohort_reconciliation.csv,5a254575d8d5276d1176b53b38dad6600b46d6732441698e8e14668699d8ac43
NCT01953874,TERMINATED,1,2013-09-23,2013,development,HTT-P1-AACT-20260905,2026-09-05,20260905_export_ctgov.zip,ctgov.studies.overall_status,COMPLETED=0;TERMINATED|WITHDRAWN=1,ctgov.studies.study_first_submitted_date,step2_reconciliation/HeartTrialTwin_step2_cohort_reconciliation.csv,5a254575d8d5276d1176b53b38dad6600b46d6732441698e8e14668699d8ac43
NCT01954160,TERMINATED,1,2013-09-24,2013,development,HTT-P1-AACT-20260905,2026-09-05,20260905_export_ctgov.zip,ctgov.studies.overall_status,COMPLETED=0;TERMINATED|WITHDRAWN=1,ctgov.studies.study_first_submitted_date,step2_reconciliation/HeartTrialTwin_step2_cohort_reconciliation.csv,5a254575d8d5276d1176b53b38dad6600b46d6732441698e8e14668699d8ac43
NCT01955694,COMPLETED,0,2013-09-30,2013,development,HTT-P1-AACT-20260905,2026-09-05,20260905_export_ctgov.zip,ctgov.studies.overall_status,COMPLETED=0;TERMINATED|WITHDRAWN=1,ctgov.studies.study_first_submitted_date,step2_reconciliation/HeartTrialTwin_step2_cohort_reconciliation.csv,5a254575d8d5276d1176b53b38dad6600b46d6732441698e8e14668699d8ac43
NCT01956006,COMPLETED,0,2013-09-25,2013,development,HTT-P1-AACT-20260905,2026-09-05,20260905_export_ctgov.zip,ctgov.studies.overall_status,COMPLETED=0;TERMINATED|WITHDRAWN=1,ctgov.studies.study_first_submitted_date,step2_reconciliation/HeartTrialTwin_step2_cohort_reconciliation.csv,5a254575d8d5276d1176b53b38dad6600b46d6732441698e8e14668699d8ac43
NCT01956721,TERMINATED,1,2013-06-12,2013,development,HTT-P1-AACT-20260905,2026-09-05,20260905_export_ctgov.zip,ctgov.studies.overall_status,COMPLETED=0;TERMINATED|WITHDRAWN=1,ctgov.studies.study_first_submitted_date,step2_reconciliation/HeartTrialTwin_step2_cohort_reconciliation.csv,5a254575d8d5276d1176b53b38dad6600b46d6732441698e8e14668699d8ac43
NCT01960153,WITHDRAWN,1,2013-10-08,2013,development,HTT-P1-AACT-20260905,2026-09-05,20260905_export_ctgov.zip,ctgov.studies.overall_status,COMPLETED=0;TERMINATED|WITHDRAWN=1,ctgov.studies.study_first_submitted_date,step2_reconciliation/HeartTrialTwin_step2_cohort_reconciliation.csv,5a254575d8d5276d1176b53b38dad6600b46d6732441698e8e14668699d8ac43
NCT01960907,COMPLETED,0,2013-10-09,2013,development,HTT-P1-AACT-20260905,2026-09-05,20260905_export_ctgov.zip,ctgov.studies.overall_status,COMPLETED=0;TERMINATED|WITHDRAWN=1,ctgov.studies.study_first_submitted_date,step2_reconciliation/HeartTrialTwin_step2_cohort_reconciliation.csv,5a254575d8d5276d1176b53b38dad6600b46d6732441698e8e14668699d8ac43
NCT01960920,COMPLETED,0,2013-10-09,2013,development,HTT-P1-AACT-20260905,2026-09-05,20260905_export_ctgov.zip,ctgov.studies.overall_status,COMPLETED=0;TERMINATED|WITHDRAWN=1,ctgov.studies.study_first_submitted_date,step2_reconciliation/HeartTrialTwin_step2_cohort_reconciliation.csv,5a254575d8d5276d1176b53b38dad6600b46d6732441698e8e14668699d8ac43
NCT01962688,TERMINATED,1,2013-10-10,2013,development,HTT-P1-AACT-20260905,2026-09-05,20260905_export_ctgov.zip,ctgov.studies.overall_status,COMPLETED=0;TERMINATED|WITHDRAWN=1,ctgov.studies.study_first_submitted_date,step2_reconciliation/HeartTrialTwin_step2_cohort_reconciliation.csv,5a254575d8d5276d1176b53b38dad6600b46d6732441698e8e14668699d8ac43
NCT01964053,COMPLETED,0,2013-10-10,2013,development,HTT-P1-AACT-20260905,2026-09-05,20260905_export_ctgov.zip,ctgov.studies.overall_status,COMPLETED=0;TERMINATED|WITHDRAWN=1,ctgov.studies.study_first_submitted_date,step2_reconciliation/HeartTrialTwin_step2_cohort_reconciliation.csv,5a254575d8d5276d1176b53b38dad6600b46d6732441698e8e14668699d8ac43
NCT01965015,COMPLETED,0,2013-10-12,2013,development,HTT-P1-AACT-20260905,2026-09-05,20260905_export_ctgov.zip,ctgov.studies.overall_status,COMPLETED=0;TERMINATED|WITHDRAWN=1,ctgov.studies.study_first_submitted_date,step2_reconciliation/HeartTrialTwin_step2_cohort_reconciliation.csv,5a254575d8d5276d1176b53b38dad6600b46d6732441698e8e14668699d8ac43
NCT01966458,COMPLETED,0,2013-10-17,2013,development,HTT-P1-AACT-20260905,2026-09-05,20260905_export_ctgov.zip,ctgov.studies.overall_status,COMPLETED=0;TERMINATED|WITHDRAWN=1,ctgov.studies.study_first_submitted_date,step2_reconciliation/HeartTrialTwin_step2_cohort_reconciliation.csv,5a254575d8d5276d1176b53b38dad6600b46d6732441698e8e14668699d8ac43
NCT01966601,COMPLETED,0,2013-09-02,2013,development,HTT-P1-AACT-20260905,2026-09-05,20260905_export_ctgov.zip,ctgov.studies.overall_status,COMPLETED=0;TERMINATED|WITHDRAWN=1,ctgov.studies.study_first_submitted_date,step2_reconciliation/HeartTrialTwin_step2_cohort_reconciliation.csv,5a254575d8d5276d1176b53b38dad6600b46d6732441698e8e14668699d8ac43
NCT01966887,TERMINATED,1,2013-09-26,2013,development,HTT-P1-AACT-20260905,2026-09-05,20260905_export_ctgov.zip,ctgov.studies.overall_status,COMPLETED=0;TERMINATED|WITHDRAWN=1,ctgov.studies.study_first_submitted_date,step2_reconciliation/HeartTrialTwin_step2_cohort_reconciliation.csv,5a254575d8d5276d1176b53b38dad6600b46d6732441698e8e14668699d8ac43
NCT01970501,COMPLETED,0,2013-10-23,2013,development,HTT-P1-AACT-20260905,2026-09-05,20260905_export_ctgov.zip,ctgov.studies.overall_status,COMPLETED=0;TERMINATED|WITHDRAWN=1,ctgov.studies.study_first_submitted_date,step2_reconciliation/HeartTrialTwin_step2_cohort_reconciliation.csv,5a254575d8d5276d1176b53b38dad6600b46d6732441698e8e14668699d8ac43
NCT01973335,COMPLETED,0,2013-10-25,2013,development,HTT-P1-AACT-20260905,2026-09-05,20260905_export_ctgov.zip,ctgov.studies.overall_status,COMPLETED=0;TERMINATED|WITHDRAWN=1,ctgov.studies.study_first_submitted_date,step2_reconciliation/HeartTrialTwin_step2_cohort_reconciliation.csv,5a254575d8d5276d1176b53b38dad6600b46d6732441698e8e14668699d8ac43
NCT01977703,COMPLETED,0,2013-10-30,2013,development,HTT-P1-AACT-20260905,2026-09-05,20260905_export_ctgov.zip,ctgov.studies.overall_status,COMPLETED=0;TERMINATED|WITHDRAWN=1,ctgov.studies.study_first_submitted_date,step2_reconciliation/HeartTrialTwin_step2_cohort_reconciliation.csv,5a254575d8d5276d1176b53b38dad6600b46d6732441698e8e14668699d8ac43
NCT01978028,TERMINATED,1,2013-10-31,2013,development,HTT-P1-AACT-20260905,2026-09-05,20260905_export_ctgov.zip,ctgov.studies.overall_status,COMPLETED=0;TERMINATED|WITHDRAWN=1,ctgov.studies.study_first_submitted_date,step2_reconciliation/HeartTrialTwin_step2_cohort_reconciliation.csv,5a254575d8d5276d1176b53b38dad6600b46d6732441698e8e14668699d8ac43
NCT01981655,COMPLETED,0,2013-08-13,2013,development,HTT-P1-AACT-20260905,2026-09-05,20260905_export_ctgov.zip,ctgov.studies.overall_status,COMPLETED=0;TERMINATED|WITHDRAWN=1,ctgov.studies.study_first_submitted_date,step2_reconciliation/HeartTrialTwin_step2_cohort_reconciliation.csv,5a254575d8d5276d1176b53b38dad6600b46d6732441698e8e14668699d8ac43
NCT01982292,COMPLETED,0,2013-11-06,2013,development,HTT-P1-AACT-20260905,2026-09-05,20260905_export_ctgov.zip,ctgov.studies.overall_status,COMPLETED=0;TERMINATED|WITHDRAWN=1,ctgov.studies.study_first_submitted_date,step2_reconciliation/HeartTrialTwin_step2_cohort_reconciliation.csv,5a254575d8d5276d1176b53b38dad6600b46d6732441698e8e14668699d8ac43
NCT01989208,COMPLETED,0,2013-11-13,2013,development,HTT-P1-AACT-20260905,2026-09-05,20260905_export_ctgov.zip,ctgov.studies.overall_status,COMPLETED=0;TERMINATED|WITHDRAWN=1,ctgov.studies.study_first_submitted_date,step2_reconciliation/HeartTrialTwin_step2_cohort_reconciliation.csv,5a254575d8d5276d1176b53b38dad6600b46d6732441698e8e14668699d8ac43
NCT01993537,COMPLETED,0,2013-10-04,2013,development,HTT-P1-AACT-20260905,2026-09-05,20260905_export_ctgov.zip,ctgov.studies.overall_status,COMPLETED=0;TERMINATED|WITHDRAWN=1,ctgov.studies.study_first_submitted_date,step2_reconciliation/HeartTrialTwin_step2_cohort_reconciliation.csv,5a254575d8d5276d1176b53b38dad6600b46d6732441698e8e14668699d8ac43
NCT01993862,COMPLETED,0,2013-11-19,2013,development,HTT-P1-AACT-20260905,2026-09-05,20260905_export_ctgov.zip,ctgov.studies.overall_status,COMPLETED=0;TERMINATED|WITHDRAWN=1,ctgov.studies.study_first_submitted_date,step2_reconciliation/HeartTrialTwin_step2_cohort_reconciliation.csv,5a254575d8d5276d1176b53b38dad6600b46d6732441698e8e14668699d8ac43
NCT01994252,COMPLETED,0,2013-11-08,2013,development,HTT-P1-AACT-20260905,2026-09-05,20260905_export_ctgov.zip,ctgov.studies.overall_status,COMPLETED=0;TERMINATED|WITHDRAWN=1,ctgov.studies.study_first_submitted_date,step2_reconciliation/HeartTrialTwin_step2_cohort_reconciliation.csv,5a254575d8d5276d1176b53b38dad6600b46d6732441698e8e14668699d8ac43
NCT01996397,COMPLETED,0,2013-11-01,2013,development,HTT-P1-AACT-20260905,2026-09-05,20260905_export_ctgov.zip,ctgov.studies.overall_status,COMPLETED=0;TERMINATED|WITHDRAWN=1,ctgov.studies.study_first_submitted_date,step2_reconciliation/HeartTrialTwin_step2_cohort_reconciliation.csv,5a254575d8d5276d1176b53b38dad6600b46d6732441698e8e14668699d8ac43
NCT01997866,WITHDRAWN,1,2013-11-01,2013,development,HTT-P1-AACT-20260905,2026-09-05,20260905_export_ctgov.zip,ctgov.studies.overall_status,COMPLETED=0;TERMINATED|WITHDRAWN=1,ctgov.studies.study_first_submitted_date,step2_reconciliation/HeartTrialTwin_step2_cohort_reconciliation.csv,5a254575d8d5276d1176b53b38dad6600b46d6732441698e8e14668699d8ac43
NCT02000479,COMPLETED,0,2013-11-27,2013,development,HTT-P1-AACT-20260905,2026-09-05,20260905_export_ctgov.zip,ctgov.studies.overall_status,COMPLETED=0;TERMINATED|WITHDRAWN=1,ctgov.studies.study_first_submitted_date,step2_reconciliation/HeartTrialTwin_step2_cohort_reconciliation.csv,5a254575d8d5276d1176b53b38dad6600b46d6732441698e8e14668699d8ac43
NCT02002702,COMPLETED,0,2013-12-01,2013,development,HTT-P1-AACT-20260905,2026-09-05,20260905_export_ctgov.zip,ctgov.studies.overall_status,COMPLETED=0;TERMINATED|WITHDRAWN=1,ctgov.studies.study_first_submitted_date,step2_reconciliation/HeartTrialTwin_step2_cohort_reconciliation.csv,5a254575d8d5276d1176b53b38dad6600b46d6732441698e8e14668699d8ac43
NCT02006069,TERMINATED,1,2013-09-23,2013,development,HTT-P1-AACT-20260905,2026-09-05,20260905_export_ctgov.zip,ctgov.studies.overall_status,COMPLETED=0;TERMINATED|WITHDRAWN=1,ctgov.studies.study_first_submitted_date,step2_reconciliation/HeartTrialTwin_step2_cohort_reconciliation.csv,5a254575d8d5276d1176b53b38dad6600b46d6732441698e8e14668699d8ac43
NCT02007720,TERMINATED,1,2013-11-20,2013,development,HTT-P1-AACT-20260905,2026-09-05,20260905_export_ctgov.zip,ctgov.studies.overall_status,COMPLETED=0;TERMINATED|WITHDRAWN=1,ctgov.studies.study_first_submitted_date,step2_reconciliation/HeartTrialTwin_step2_cohort_reconciliation.csv,5a254575d8d5276d1176b53b38dad6600b46d6732441698e8e14668699d8ac43
NCT02008110,COMPLETED,0,2013-12-07,2013,development,HTT-P1-AACT-20260905,2026-09-05,20260905_export_ctgov.zip,ctgov.studies.overall_status,COMPLETED=0;TERMINATED|WITHDRAWN=1,ctgov.studies.study_first_submitted_date,step2_reconciliation/HeartTrialTwin_step2_cohort_reconciliation.csv,5a254575d8d5276d1176b53b38dad6600b46d6732441698e8e14668699d8ac43
NCT02009475,COMPLETED,0,2013-12-02,2013,development,HTT-P1-AACT-20260905,2026-09-05,20260905_export_ctgov.zip,ctgov.studies.overall_status,COMPLETED=0;TERMINATED|WITHDRAWN=1,ctgov.studies.study_first_submitted_date,step2_reconciliation/HeartTrialTwin_step2_cohort_reconciliation.csv,5a254575d8d5276d1176b53b38dad6600b46d6732441698e8e14668699d8ac43
NCT02012179,COMPLETED,0,2013-12-10,2013,development,HTT-P1-AACT-20260905,2026-09-05,20260905_export_ctgov.zip,ctgov.studies.overall_status,COMPLETED=0;TERMINATED|WITHDRAWN=1,ctgov.studies.study_first_submitted_date,step2_reconciliation/HeartTrialTwin_step2_cohort_reconciliation.csv,5a254575d8d5276d1176b53b38dad6600b46d6732441698e8e14668699d8ac43
NCT02026102,COMPLETED,0,2013-12-12,2013,development,HTT-P1-AACT-20260905,2026-09-05,20260905_export_ctgov.zip,ctgov.studies.overall_status,COMPLETED=0;TERMINATED|WITHDRAWN=1,ctgov.studies.study_first_submitted_date,step2_reconciliation/HeartTrialTwin_step2_cohort_reconciliation.csv,5a254575d8d5276d1176b53b38dad6600b46d6732441698e8e14668699d8ac43
NCT02031354,COMPLETED,0,2013-12-12,2013,development,HTT-P1-AACT-20260905,2026-09-05,20260905_export_ctgov.zip,ctgov.studies.overall_status,COMPLETED=0;TERMINATED|WITHDRAWN=1,ctgov.studies.study_first_submitted_date,step2_reconciliation/HeartTrialTwin_step2_cohort_reconciliation.csv,5a254575d8d5276d1176b53b38dad6600b46d6732441698e8e14668699d8ac43
NCT02032004,COMPLETED,0,2014-01-08,2014,development,HTT-P1-AACT-20260905,2026-09-05,20260905_export_ctgov.zip,ctgov.studies.overall_status,COMPLETED=0;TERMINATED|WITHDRAWN=1,ctgov.studies.study_first_submitted_date,step2_reconciliation/HeartTrialTwin_step2_cohort_reconciliation.csv,5a254575d8d5276d1176b53b38dad6600b46d6732441698e8e14668699d8ac43
NCT02034045,COMPLETED,0,2014-01-09,2014,development,HTT-P1-AACT-20260905,2026-09-05,20260905_export_ctgov.zip,ctgov.studies.overall_status,COMPLETED=0;TERMINATED|WITHDRAWN=1,ctgov.studies.study_first_submitted_date,step2_reconciliation/HeartTrialTwin_step2_cohort_reconciliation.csv,5a254575d8d5276d1176b53b38dad6600b46d6732441698e8e14668699d8ac43
NCT02035566,COMPLETED,0,2013-01-16,2013,development,HTT-P1-AACT-20260905,2026-09-05,20260905_export_ctgov.zip,ctgov.studies.overall_status,COMPLETED=0;TERMINATED|WITHDRAWN=1,ctgov.studies.study_first_submitted_date,step2_reconciliation/HeartTrialTwin_step2_cohort_reconciliation.csv,5a254575d8d5276d1176b53b38dad6600b46d6732441698e8e14668699d8ac43
NCT02040233,COMPLETED,0,2014-01-17,2014,development,HTT-P1-AACT-20260905,2026-09-05,20260905_export_ctgov.zip,ctgov.studies.overall_status,COMPLETED=0;TERMINATED|WITHDRAWN=1,ctgov.studies.study_first_submitted_date,step2_reconciliation/HeartTrialTwin_step2_cohort_reconciliation.csv,5a254575d8d5276d1176b53b38dad6600b46d6732441698e8e14668699d8ac43
NCT02043522,COMPLETED,0,2014-01-06,2014,development,HTT-P1-AACT-20260905,2026-09-05,20260905_export_ctgov.zip,ctgov.studies.overall_status,COMPLETED=0;TERMINATED|WITHDRAWN=1,ctgov.studies.study_first_submitted_date,step2_reconciliation/HeartTrialTwin_step2_cohort_reconciliation.csv,5a254575d8d5276d1176b53b38dad6600b46d6732441698e8e14668699d8ac43
NCT02044211,COMPLETED,0,2014-01-21,2014,development,HTT-P1-AACT-20260905,2026-09-05,20260905_export_ctgov.zip,ctgov.studies.overall_status,COMPLETED=0;TERMINATED|WITHDRAWN=1,ctgov.studies.study_first_submitted_date,step2_reconciliation/HeartTrialTwin_step2_cohort_reconciliation.csv,5a254575d8d5276d1176b53b38dad6600b46d6732441698e8e14668699d8ac43
NCT02044471,COMPLETED,0,2014-01-21,2014,development,HTT-P1-AACT-20260905,2026-09-05,20260905_export_ctgov.zip,ctgov.studies.overall_status,COMPLETED=0;TERMINATED|WITHDRAWN=1,ctgov.studies.study_first_submitted_date,step2_reconciliation/HeartTrialTwin_step2_cohort_reconciliation.csv,5a254575d8d5276d1176b53b38dad6600b46d6732441698e8e14668699d8ac43
NCT02046707,COMPLETED,0,2014-01-20,2014,development,HTT-P1-AACT-20260905,2026-09-05,20260905_export_ctgov.zip,ctgov.studies.overall_status,COMPLETED=0;TERMINATED|WITHDRAWN=1,ctgov.studies.study_first_submitted_date,step2_reconciliation/HeartTrialTwin_step2_cohort_reconciliation.csv,5a254575d8d5276d1176b53b38dad6600b46d6732441698e8e14668699d8ac43
NCT02047422,WITHDRAWN,1,2014-01-22,2014,development,HTT-P1-AACT-20260905,2026-09-05,20260905_export_ctgov.zip,ctgov.studies.overall_status,COMPLETED=0;TERMINATED|WITHDRAWN=1,ctgov.studies.study_first_submitted_date,step2_reconciliation/HeartTrialTwin_step2_cohort_reconciliation.csv,5a254575d8d5276d1176b53b38dad6600b46d6732441698e8e14668699d8ac43
NCT02047448,COMPLETED,0,2014-01-24,2014,development,HTT-P1-AACT-20260905,2026-09-05,20260905_export_ctgov.zip,ctgov.studies.overall_status,COMPLETED=0;TERMINATED|WITHDRAWN=1,ctgov.studies.study_first_submitted_date,step2_reconciliation/HeartTrialTwin_step2_cohort_reconciliation.csv,5a254575d8d5276d1176b53b38dad6600b46d6732441698e8e14668699d8ac43
NCT02048696,COMPLETED,0,2014-01-22,2014,development,HTT-P1-AACT-20260905,2026-09-05,20260905_export_ctgov.zip,ctgov.studies.overall_status,COMPLETED=0;TERMINATED|WITHDRAWN=1,ctgov.studies.study_first_submitted_date,step2_reconciliation/HeartTrialTwin_step2_cohort_reconciliation.csv,5a254575d8d5276d1176b53b38dad6600b46d6732441698e8e14668699d8ac43
NCT02048748,WITHDRAWN,1,2013-10-30,2013,development,HTT-P1-AACT-20260905,2026-09-05,20260905_export_ctgov.zip,ctgov.studies.overall_status,COMPLETED=0;TERMINATED|WITHDRAWN=1,ctgov.studies.study_first_submitted_date,step2_reconciliation/HeartTrialTwin_step2_cohort_reconciliation.csv,5a254575d8d5276d1176b53b38dad6600b46d6732441698e8e14668699d8ac43
NCT02049853,TERMINATED,1,2014-01-28,2014,development,HTT-P1-AACT-20260905,2026-09-05,20260905_export_ctgov.zip,ctgov.studies.overall_status,COMPLETED=0;TERMINATED|WITHDRAWN=1,ctgov.studies.study_first_submitted_date,step2_reconciliation/HeartTrialTwin_step2_cohort_reconciliation.csv,5a254575d8d5276d1176b53b38dad6600b46d6732441698e8e14668699d8ac43
NCT02050282,COMPLETED,0,2014-01-23,2014,development,HTT-P1-AACT-20260905,2026-09-05,20260905_export_ctgov.zip,ctgov.studies.overall_status,COMPLETED=0;TERMINATED|WITHDRAWN=1,ctgov.studies.study_first_submitted_date,step2_reconciliation/HeartTrialTwin_step2_cohort_reconciliation.csv,5a254575d8d5276d1176b53b38dad6600b46d6732441698e8e14668699d8ac43
NCT02053246,TERMINATED,1,2014-01-24,2014,development,HTT-P1-AACT-20260905,2026-09-05,20260905_export_ctgov.zip,ctgov.studies.overall_status,COMPLETED=0;TERMINATED|WITHDRAWN=1,ctgov.studies.study_first_submitted_date,step2_reconciliation/HeartTrialTwin_step2_cohort_reconciliation.csv,5a254575d8d5276d1176b53b38dad6600b46d6732441698e8e14668699d8ac43
NCT02053493,COMPLETED,0,2014-01-03,2014,development,HTT-P1-AACT-20260905,2026-09-05,20260905_export_ctgov.zip,ctgov.studies.overall_status,COMPLETED=0;TERMINATED|WITHDRAWN=1,ctgov.studies.study_first_submitted_date,step2_reconciliation/HeartTrialTwin_step2_cohort_reconciliation.csv,5a254575d8d5276d1176b53b38dad6600b46d6732441698e8e14668699d8ac43
NCT02059005,COMPLETED,0,2014-02-07,2014,development,HTT-P1-AACT-20260905,2026-09-05,20260905_export_ctgov.zip,ctgov.studies.overall_status,COMPLETED=0;TERMINATED|WITHDRAWN=1,ctgov.studies.study_first_submitted_date,step2_reconciliation/HeartTrialTwin_step2_cohort_reconciliation.csv,5a254575d8d5276d1176b53b38dad6600b46d6732441698e8e14668699d8ac43
NCT02059512,COMPLETED,0,2014-02-01,2014,development,HTT-P1-AACT-20260905,2026-09-05,20260905_export_ctgov.zip,ctgov.studies.overall_status,COMPLETED=0;TERMINATED|WITHDRAWN=1,ctgov.studies.study_first_submitted_date,step2_reconciliation/HeartTrialTwin_step2_cohort_reconciliation.csv,5a254575d8d5276d1176b53b38dad6600b46d6732441698e8e14668699d8ac43
NCT02061319,COMPLETED,0,2014-02-10,2014,development,HTT-P1-AACT-20260905,2026-09-05,20260905_export_ctgov.zip,ctgov.studies.overall_status,COMPLETED=0;TERMINATED|WITHDRAWN=1,ctgov.studies.study_first_submitted_date,step2_reconciliation/HeartTrialTwin_step2_cohort_reconciliation.csv,5a254575d8d5276d1176b53b38dad6600b46d6732441698e8e14668699d8ac43
NCT02064751,COMPLETED,0,2014-02-14,2014,development,HTT-P1-AACT-20260905,2026-09-05,20260905_export_ctgov.zip,ctgov.studies.overall_status,COMPLETED=0;TERMINATED|WITHDRAWN=1,ctgov.studies.study_first_submitted_date,step2_reconciliation/HeartTrialTwin_step2_cohort_reconciliation.csv,5a254575d8d5276d1176b53b38dad6600b46d6732441698e8e14668699d8ac43
NCT02064868,TERMINATED,1,2014-02-14,2014,development,HTT-P1-AACT-20260905,2026-09-05,20260905_export_ctgov.zip,ctgov.studies.overall_status,COMPLETED=0;TERMINATED|WITHDRAWN=1,ctgov.studies.study_first_submitted_date,step2_reconciliation/HeartTrialTwin_step2_cohort_reconciliation.csv,5a254575d8d5276d1176b53b38dad6600b46d6732441698e8e14668699d8ac43
NCT02065141,COMPLETED,0,2013-11-26,2013,development,HTT-P1-AACT-20260905,2026-09-05,20260905_export_ctgov.zip,ctgov.studies.overall_status,COMPLETED=0;TERMINATED|WITHDRAWN=1,ctgov.studies.study_first_submitted_date,step2_reconciliation/HeartTrialTwin_step2_cohort_reconciliation.csv,5a254575d8d5276d1176b53b38dad6600b46d6732441698e8e14668699d8ac43
NCT02068040,COMPLETED,0,2014-02-18,2014,development,HTT-P1-AACT-20260905,2026-09-05,20260905_export_ctgov.zip,ctgov.studies.overall_status,COMPLETED=0;TERMINATED|WITHDRAWN=1,ctgov.studies.study_first_submitted_date,step2_reconciliation/HeartTrialTwin_step2_cohort_reconciliation.csv,5a254575d8d5276d1176b53b38dad6600b46d6732441698e8e14668699d8ac43
NCT02068118,COMPLETED,0,2014-02-17,2014,development,HTT-P1-AACT-20260905,2026-09-05,20260905_export_ctgov.zip,ctgov.studies.overall_status,COMPLETED=0;TERMINATED|WITHDRAWN=1,ctgov.studies.study_first_submitted_date,step2_reconciliation/HeartTrialTwin_step2_cohort_reconciliation.csv,5a254575d8d5276d1176b53b38dad6600b46d6732441698e8e14668699d8ac43
NCT02068937,COMPLETED,0,2014-02-17,2014,development,HTT-P1-AACT-20260905,2026-09-05,20260905_export_ctgov.zip,ctgov.studies.overall_status,COMPLETED=0;TERMINATED|WITHDRAWN=1,ctgov.studies.study_first_submitted_date,step2_reconciliation/HeartTrialTwin_step2_cohort_reconciliation.csv,5a254575d8d5276d1176b53b38dad6600b46d6732441698e8e14668699d8ac43
NCT02073253,COMPLETED,0,2014-02-25,2014,development,HTT-P1-AACT-20260905,2026-09-05,20260905_export_ctgov.zip,ctgov.studies.overall_status,COMPLETED=0;TERMINATED|WITHDRAWN=1,ctgov.studies.study_first_submitted_date,step2_reconciliation/HeartTrialTwin_step2_cohort_reconciliation.csv,5a254575d8d5276d1176b53b38dad6600b46d6732441698e8e14668699d8ac43
NCT02077010,COMPLETED,0,2014-02-25,2014,development,HTT-P1-AACT-20260905,2026-09-05,20260905_export_ctgov.zip,ctgov.studies.overall_status,COMPLETED=0;TERMINATED|WITHDRAWN=1,ctgov.studies.study_first_submitted_date,step2_reconciliation/HeartTrialTwin_step2_cohort_reconciliation.csv,5a254575d8d5276d1176b53b38dad6600b46d6732441698e8e14668699d8ac43
NCT02077426,WITHDRAWN,1,2014-02-28,2014,development,HTT-P1-AACT-20260905,2026-09-05,20260905_export_ctgov.zip,ctgov.studies.overall_status,COMPLETED=0;TERMINATED|WITHDRAWN=1,ctgov.studies.study_first_submitted_date,step2_reconciliation/HeartTrialTwin_step2_cohort_reconciliation.csv,5a254575d8d5276d1176b53b38dad6600b46d6732441698e8e14668699d8ac43
NCT02078739,COMPLETED,0,2014-02-24,2014,development,HTT-P1-AACT-20260905,2026-09-05,20260905_export_ctgov.zip,ctgov.studies.overall_status,COMPLETED=0;TERMINATED|WITHDRAWN=1,ctgov.studies.study_first_submitted_date,step2_reconciliation/HeartTrialTwin_step2_cohort_reconciliation.csv,5a254575d8d5276d1176b53b38dad6600b46d6732441698e8e14668699d8ac43
NCT02078947,COMPLETED,0,2014-02-25,2014,development,HTT-P1-AACT-20260905,2026-09-05,20260905_export_ctgov.zip,ctgov.studies.overall_status,COMPLETED=0;TERMINATED|WITHDRAWN=1,ctgov.studies.study_first_submitted_date,step2_reconciliation/HeartTrialTwin_step2_cohort_reconciliation.csv,5a254575d8d5276d1176b53b38dad6600b46d6732441698e8e14668699d8ac43
NCT02080000,COMPLETED,0,2014-03-04,2014,development,HTT-P1-AACT-20260905,2026-09-05,20260905_export_ctgov.zip,ctgov.studies.overall_status,COMPLETED=0;TERMINATED|WITHDRAWN=1,ctgov.studies.study_first_submitted_date,step2_reconciliation/HeartTrialTwin_step2_cohort_reconciliation.csv,5a254575d8d5276d1176b53b38dad6600b46d6732441698e8e14668699d8ac43
NCT02083744,COMPLETED,0,2014-02-25,2014,development,HTT-P1-AACT-20260905,2026-09-05,20260905_export_ctgov.zip,ctgov.studies.overall_status,COMPLETED=0;TERMINATED|WITHDRAWN=1,ctgov.studies.study_first_submitted_date,step2_reconciliation/HeartTrialTwin_step2_cohort_reconciliation.csv,5a254575d8d5276d1176b53b38dad6600b46d6732441698e8e14668699d8ac43
NCT02084992,COMPLETED,0,2014-03-10,2014,development,HTT-P1-AACT-20260905,2026-09-05,20260905_export_ctgov.zip,ctgov.studies.overall_status,COMPLETED=0;TERMINATED|WITHDRAWN=1,ctgov.studies.study_first_submitted_date,step2_reconciliation/HeartTrialTwin_step2_cohort_reconciliation.csv,5a254575d8d5276d1176b53b38dad6600b46d6732441698e8e14668699d8ac43
NCT02085122,COMPLETED,0,2014-03-10,2014,development,HTT-P1-AACT-20260905,2026-09-05,20260905_export_ctgov.zip,ctgov.studies.overall_status,COMPLETED=0;TERMINATED|WITHDRAWN=1,ctgov.studies.study_first_submitted_date,step2_reconciliation/HeartTrialTwin_step2_cohort_reconciliation.csv,5a254575d8d5276d1176b53b38dad6600b46d6732441698e8e14668699d8ac43
NCT02085668,WITHDRAWN,1,2014-03-10,2014,development,HTT-P1-AACT-20260905,2026-09-05,20260905_export_ctgov.zip,ctgov.studies.overall_status,COMPLETED=0;TERMINATED|WITHDRAWN=1,ctgov.studies.study_first_submitted_date,step2_reconciliation/HeartTrialTwin_step2_cohort_reconciliation.csv,5a254575d8d5276d1176b53b38dad6600b46d6732441698e8e14668699d8ac43
NCT02086305,COMPLETED,0,2014-03-07,2014,development,HTT-P1-AACT-20260905,2026-09-05,20260905_export_ctgov.zip,ctgov.studies.overall_status,COMPLETED=0;TERMINATED|WITHDRAWN=1,ctgov.studies.study_first_submitted_date,step2_reconciliation/HeartTrialTwin_step2_cohort_reconciliation.csv,5a254575d8d5276d1176b53b38dad6600b46d6732441698e8e14668699d8ac43
NCT02087670,COMPLETED,0,2014-03-12,2014,development,HTT-P1-AACT-20260905,2026-09-05,20260905_export_ctgov.zip,ctgov.studies.overall_status,COMPLETED=0;TERMINATED|WITHDRAWN=1,ctgov.studies.study_first_submitted_date,step2_reconciliation/HeartTrialTwin_step2_cohort_reconciliation.csv,5a254575d8d5276d1176b53b38dad6600b46d6732441698e8e14668699d8ac43
NCT02088138,COMPLETED,0,2014-02-26,2014,development,HTT-P1-AACT-20260905,2026-09-05,20260905_export_ctgov.zip,ctgov.studies.overall_status,COMPLETED=0;TERMINATED|WITHDRAWN=1,ctgov.studies.study_first_submitted_date,step2_reconciliation/HeartTrialTwin_step2_cohort_reconciliation.csv,5a254575d8d5276d1176b53b38dad6600b46d6732441698e8e14668699d8ac43
NCT02091440,COMPLETED,0,2014-03-17,2014,development,HTT-P1-AACT-20260905,2026-09-05,20260905_export_ctgov.zip,ctgov.studies.overall_status,COMPLETED=0;TERMINATED|WITHDRAWN=1,ctgov.studies.study_first_submitted_date,step2_reconciliation/HeartTrialTwin_step2_cohort_reconciliation.csv,5a254575d8d5276d1176b53b38dad6600b46d6732441698e8e14668699d8ac43
NCT02097290,COMPLETED,0,2014-03-20,2014,development,HTT-P1-AACT-20260905,2026-09-05,20260905_export_ctgov.zip,ctgov.studies.overall_status,COMPLETED=0;TERMINATED|WITHDRAWN=1,ctgov.studies.study_first_submitted_date,step2_reconciliation/HeartTrialTwin_step2_cohort_reconciliation.csv,5a254575d8d5276d1176b53b38dad6600b46d6732441698e8e14668699d8ac43
NCT02099214,COMPLETED,0,2014-03-21,2014,development,HTT-P1-AACT-20260905,2026-09-05,20260905_export_ctgov.zip,ctgov.studies.overall_status,COMPLETED=0;TERMINATED|WITHDRAWN=1,ctgov.studies.study_first_submitted_date,step2_reconciliation/HeartTrialTwin_step2_cohort_reconciliation.csv,5a254575d8d5276d1176b53b38dad6600b46d6732441698e8e14668699d8ac43
NCT02105207,COMPLETED,0,2014-03-27,2014,development,HTT-P1-AACT-20260905,2026-09-05,20260905_export_ctgov.zip,ctgov.studies.overall_status,COMPLETED=0;TERMINATED|WITHDRAWN=1,ctgov.studies.study_first_submitted_date,step2_reconciliation/HeartTrialTwin_step2_cohort_reconciliation.csv,5a254575d8d5276d1176b53b38dad6600b46d6732441698e8e14668699d8ac43
NCT02105805,COMPLETED,0,2014-03-28,2014,development,HTT-P1-AACT-20260905,2026-09-05,20260905_export_ctgov.zip,ctgov.studies.overall_status,COMPLETED=0;TERMINATED|WITHDRAWN=1,ctgov.studies.study_first_submitted_date,step2_reconciliation/HeartTrialTwin_step2_cohort_reconciliation.csv,5a254575d8d5276d1176b53b38dad6600b46d6732441698e8e14668699d8ac43
NCT02110433,COMPLETED,0,2014-03-07,2014,development,HTT-P1-AACT-20260905,2026-09-05,20260905_export_ctgov.zip,ctgov.studies.overall_status,COMPLETED=0;TERMINATED|WITHDRAWN=1,ctgov.studies.study_first_submitted_date,step2_reconciliation/HeartTrialTwin_step2_cohort_reconciliation.csv,5a254575d8d5276d1176b53b38dad6600b46d6732441698e8e14668699d8ac43
NCT02111564,COMPLETED,0,2014-03-31,2014,development,HTT-P1-AACT-20260905,2026-09-05,20260905_export_ctgov.zip,ctgov.studies.overall_status,COMPLETED=0;TERMINATED|WITHDRAWN=1,ctgov.studies.study_first_submitted_date,step2_reconciliation/HeartTrialTwin_step2_cohort_reconciliation.csv,5a254575d8d5276d1176b53b38dad6600b46d6732441698e8e14668699d8ac43
NCT02111980,COMPLETED,0,2014-04-09,2014,development,HTT-P1-AACT-20260905,2026-09-05,20260905_export_ctgov.zip,ctgov.studies.overall_status,COMPLETED=0;TERMINATED|WITHDRAWN=1,ctgov.studies.study_first_submitted_date,step2_reconciliation/HeartTrialTwin_step2_cohort_reconciliation.csv,5a254575d8d5276d1176b53b38dad6600b46d6732441698e8e14668699d8ac43
NCT02111993,COMPLETED,0,2014-04-09,2014,development,HTT-P1-AACT-20260905,2026-09-05,20260905_export_ctgov.zip,ctgov.studies.overall_status,COMPLETED=0;TERMINATED|WITHDRAWN=1,ctgov.studies.study_first_submitted_date,step2_reconciliation/HeartTrialTwin_step2_cohort_reconciliation.csv,5a254575d8d5276d1176b53b38dad6600b46d6732441698e8e14668699d8ac43
NCT02112227,COMPLETED,0,2014-04-09,2014,development,HTT-P1-AACT-20260905,2026-09-05,20260905_export_ctgov.zip,ctgov.studies.overall_status,COMPLETED=0;TERMINATED|WITHDRAWN=1,ctgov.studies.study_first_submitted_date,step2_reconciliation/HeartTrialTwin_step2_cohort_reconciliation.csv,5a254575d8d5276d1176b53b38dad6600b46d6732441698e8e14668699d8ac43
NCT02113033,COMPLETED,0,2014-04-10,2014,development,HTT-P1-AACT-20260905,2026-09-05,20260905_export_ctgov.zip,ctgov.studies.overall_status,COMPLETED=0;TERMINATED|WITHDRAWN=1,ctgov.studies.study_first_submitted_date,step2_reconciliation/HeartTrialTwin_step2_cohort_reconciliation.csv,5a254575d8d5276d1176b53b38dad6600b46d6732441698e8e14668699d8ac43
NCT02114515,COMPLETED,0,2014-04-01,2014,development,HTT-P1-AACT-20260905,2026-09-05,20260905_export_ctgov.zip,ctgov.studies.overall_status,COMPLETED=0;TERMINATED|WITHDRAWN=1,ctgov.studies.study_first_submitted_date,step2_reconciliation/HeartTrialTwin_step2_cohort_reconciliation.csv,5a254575d8d5276d1176b53b38dad6600b46d6732441698e8e14668699d8ac43
NCT02115620,COMPLETED,0,2014-04-14,2014,development,HTT-P1-AACT-20260905,2026-09-05,20260905_export_ctgov.zip,ctgov.studies.overall_status,COMPLETED=0;TERMINATED|WITHDRAWN=1,ctgov.studies.study_first_submitted_date,step2_reconciliation/HeartTrialTwin_step2_cohort_reconciliation.csv,5a254575d8d5276d1176b53b38dad6600b46d6732441698e8e14668699d8ac43
NCT02119260,COMPLETED,0,2014-04-17,2014,development,HTT-P1-AACT-20260905,2026-09-05,20260905_export_ctgov.zip,ctgov.studies.overall_status,COMPLETED=0;TERMINATED|WITHDRAWN=1,ctgov.studies.study_first_submitted_date,step2_reconciliation/HeartTrialTwin_step2_cohort_reconciliation.csv,5a254575d8d5276d1176b53b38dad6600b46d6732441698e8e14668699d8ac43
NCT02120014,COMPLETED,0,2014-04-17,2014,development,HTT-P1-AACT-20260905,2026-09-05,20260905_export_ctgov.zip,ctgov.studies.overall_status,COMPLETED=0;TERMINATED|WITHDRAWN=1,ctgov.studies.study_first_submitted_date,step2_reconciliation/HeartTrialTwin_step2_cohort_reconciliation.csv,5a254575d8d5276d1176b53b38dad6600b46d6732441698e8e14668699d8ac43
NCT02121158,TERMINATED,1,2014-04-16,2014,development,HTT-P1-AACT-20260905,2026-09-05,20260905_export_ctgov.zip,ctgov.studies.overall_status,COMPLETED=0;TERMINATED|WITHDRAWN=1,ctgov.studies.study_first_submitted_date,step2_reconciliation/HeartTrialTwin_step2_cohort_reconciliation.csv,5a254575d8d5276d1176b53b38dad6600b46d6732441698e8e14668699d8ac43
NCT02122835,WITHDRAWN,1,2014-04-18,2014,development,HTT-P1-AACT-20260905,2026-09-05,20260905_export_ctgov.zip,ctgov.studies.overall_status,COMPLETED=0;TERMINATED|WITHDRAWN=1,ctgov.studies.study_first_submitted_date,step2_reconciliation/HeartTrialTwin_step2_cohort_reconciliation.csv,5a254575d8d5276d1176b53b38dad6600b46d6732441698e8e14668699d8ac43
NCT02122848,COMPLETED,0,2014-04-20,2014,development,HTT-P1-AACT-20260905,2026-09-05,20260905_export_ctgov.zip,ctgov.studies.overall_status,COMPLETED=0;TERMINATED|WITHDRAWN=1,ctgov.studies.study_first_submitted_date,step2_reconciliation/HeartTrialTwin_step2_cohort_reconciliation.csv,5a254575d8d5276d1176b53b38dad6600b46d6732441698e8e14668699d8ac43
NCT02124824,COMPLETED,0,2014-02-11,2014,development,HTT-P1-AACT-20260905,2026-09-05,20260905_export_ctgov.zip,ctgov.studies.overall_status,COMPLETED=0;TERMINATED|WITHDRAWN=1,ctgov.studies.study_first_submitted_date,step2_reconciliation/HeartTrialTwin_step2_cohort_reconciliation.csv,5a254575d8d5276d1176b53b38dad6600b46d6732441698e8e14668699d8ac43
NCT02126241,COMPLETED,0,2014-04-27,2014,development,HTT-P1-AACT-20260905,2026-09-05,20260905_export_ctgov.zip,ctgov.studies.overall_status,COMPLETED=0;TERMINATED|WITHDRAWN=1,ctgov.studies.study_first_submitted_date,step2_reconciliation/HeartTrialTwin_step2_cohort_reconciliation.csv,5a254575d8d5276d1176b53b38dad6600b46d6732441698e8e14668699d8ac43
NCT02126254,COMPLETED,0,2014-04-22,2014,development,HTT-P1-AACT-20260905,2026-09-05,20260905_export_ctgov.zip,ctgov.studies.overall_status,COMPLETED=0;TERMINATED|WITHDRAWN=1,ctgov.studies.study_first_submitted_date,step2_reconciliation/HeartTrialTwin_step2_cohort_reconciliation.csv,5a254575d8d5276d1176b53b38dad6600b46d6732441698e8e14668699d8ac43
NCT02129179,COMPLETED,0,2014-04-30,2014,development,HTT-P1-AACT-20260905,2026-09-05,20260905_export_ctgov.zip,ctgov.studies.overall_status,COMPLETED=0;TERMINATED|WITHDRAWN=1,ctgov.studies.study_first_submitted_date,step2_reconciliation/HeartTrialTwin_step2_cohort_reconciliation.csv,5a254575d8d5276d1176b53b38dad6600b46d6732441698e8e14668699d8ac43
NCT02129764,COMPLETED,0,2014-04-30,2014,development,HTT-P1-AACT-20260905,2026-09-05,20260905_export_ctgov.zip,ctgov.studies.overall_status,COMPLETED=0;TERMINATED|WITHDRAWN=1,ctgov.studies.study_first_submitted_date,step2_reconciliation/HeartTrialTwin_step2_cohort_reconciliation.csv,5a254575d8d5276d1176b53b38dad6600b46d6732441698e8e14668699d8ac43
NCT02133105,COMPLETED,0,2014-05-05,2014,development,HTT-P1-AACT-20260905,2026-09-05,20260905_export_ctgov.zip,ctgov.studies.overall_status,COMPLETED=0;TERMINATED|WITHDRAWN=1,ctgov.studies.study_first_submitted_date,step2_reconciliation/HeartTrialTwin_step2_cohort_reconciliation.csv,5a254575d8d5276d1176b53b38dad6600b46d6732441698e8e14668699d8ac43
NCT02135458,COMPLETED,0,2014-04-09,2014,development,HTT-P1-AACT-20260905,2026-09-05,20260905_export_ctgov.zip,ctgov.studies.overall_status,COMPLETED=0;TERMINATED|WITHDRAWN=1,ctgov.studies.study_first_submitted_date,step2_reconciliation/HeartTrialTwin_step2_cohort_reconciliation.csv,5a254575d8d5276d1176b53b38dad6600b46d6732441698e8e14668699d8ac43
NCT02135835,COMPLETED,0,2014-04-22,2014,development,HTT-P1-AACT-20260905,2026-09-05,20260905_export_ctgov.zip,ctgov.studies.overall_status,COMPLETED=0;TERMINATED|WITHDRAWN=1,ctgov.studies.study_first_submitted_date,step2_reconciliation/HeartTrialTwin_step2_cohort_reconciliation.csv,5a254575d8d5276d1176b53b38dad6600b46d6732441698e8e14668699d8ac43
NCT02135861,COMPLETED,0,2014-04-24,2014,development,HTT-P1-AACT-20260905,2026-09-05,20260905_export_ctgov.zip,ctgov.studies.overall_status,COMPLETED=0;TERMINATED|WITHDRAWN=1,ctgov.studies.study_first_submitted_date,step2_reconciliation/HeartTrialTwin_step2_cohort_reconciliation.csv,5a254575d8d5276d1176b53b38dad6600b46d6732441698e8e14668699d8ac43
NCT02139189,COMPLETED,0,2014-05-13,2014,development,HTT-P1-AACT-20260905,2026-09-05,20260905_export_ctgov.zip,ctgov.studies.overall_status,COMPLETED=0;TERMINATED|WITHDRAWN=1,ctgov.studies.study_first_submitted_date,step2_reconciliation/HeartTrialTwin_step2_cohort_reconciliation.csv,5a254575d8d5276d1176b53b38dad6600b46d6732441698e8e14668699d8ac43
NCT02139891,COMPLETED,0,2014-05-12,2014,development,HTT-P1-AACT-20260905,2026-09-05,20260905_export_ctgov.zip,ctgov.studies.overall_status,COMPLETED=0;TERMINATED|WITHDRAWN=1,ctgov.studies.study_first_submitted_date,step2_reconciliation/HeartTrialTwin_step2_cohort_reconciliation.csv,5a254575d8d5276d1176b53b38dad6600b46d6732441698e8e14668699d8ac43
NCT02145351,COMPLETED,0,2014-05-20,2014,development,HTT-P1-AACT-20260905,2026-09-05,20260905_export_ctgov.zip,ctgov.studies.overall_status,COMPLETED=0;TERMINATED|WITHDRAWN=1,ctgov.studies.study_first_submitted_date,step2_reconciliation/HeartTrialTwin_step2_cohort_reconciliation.csv,5a254575d8d5276d1176b53b38dad6600b46d6732441698e8e14668699d8ac43
NCT02146794,COMPLETED,0,2014-05-19,2014,development,HTT-P1-AACT-20260905,2026-09-05,20260905_export_ctgov.zip,ctgov.studies.overall_status,COMPLETED=0;TERMINATED|WITHDRAWN=1,ctgov.studies.study_first_submitted_date,step2_reconciliation/HeartTrialTwin_step2_cohort_reconciliation.csv,5a254575d8d5276d1176b53b38dad6600b46d6732441698e8e14668699d8ac43
NCT02147613,COMPLETED,0,2014-05-21,2014,development,HTT-P1-AACT-20260905,2026-09-05,20260905_export_ctgov.zip,ctgov.studies.overall_status,COMPLETED=0;TERMINATED|WITHDRAWN=1,ctgov.studies.study_first_submitted_date,step2_reconciliation/HeartTrialTwin_step2_cohort_reconciliation.csv,5a254575d8d5276d1176b53b38dad6600b46d6732441698e8e14668699d8ac43
NCT02148341,COMPLETED,0,2013-02-12,2013,development,HTT-P1-AACT-20260905,2026-09-05,20260905_export_ctgov.zip,ctgov.studies.overall_status,COMPLETED=0;TERMINATED|WITHDRAWN=1,ctgov.studies.study_first_submitted_date,step2_reconciliation/HeartTrialTwin_step2_cohort_reconciliation.csv,5a254575d8d5276d1176b53b38dad6600b46d6732441698e8e14668699d8ac43
NCT02148679,COMPLETED,0,2014-05-23,2014,development,HTT-P1-AACT-20260905,2026-09-05,20260905_export_ctgov.zip,ctgov.studies.overall_status,COMPLETED=0;TERMINATED|WITHDRAWN=1,ctgov.studies.study_first_submitted_date,step2_reconciliation/HeartTrialTwin_step2_cohort_reconciliation.csv,5a254575d8d5276d1176b53b38dad6600b46d6732441698e8e14668699d8ac43
NCT02149316,COMPLETED,0,2014-05-26,2014,development,HTT-P1-AACT-20260905,2026-09-05,20260905_export_ctgov.zip,ctgov.studies.overall_status,COMPLETED=0;TERMINATED|WITHDRAWN=1,ctgov.studies.study_first_submitted_date,step2_reconciliation/HeartTrialTwin_step2_cohort_reconciliation.csv,5a254575d8d5276d1176b53b38dad6600b46d6732441698e8e14668699d8ac43
NCT02149940,COMPLETED,0,2014-05-26,2014,development,HTT-P1-AACT-20260905,2026-09-05,20260905_export_ctgov.zip,ctgov.studies.overall_status,COMPLETED=0;TERMINATED|WITHDRAWN=1,ctgov.studies.study_first_submitted_date,step2_reconciliation/HeartTrialTwin_step2_cohort_reconciliation.csv,5a254575d8d5276d1176b53b38dad6600b46d6732441698e8e14668699d8ac43
NCT02150798,COMPLETED,0,2014-05-09,2014,development,HTT-P1-AACT-20260905,2026-09-05,20260905_export_ctgov.zip,ctgov.studies.overall_status,COMPLETED=0;TERMINATED|WITHDRAWN=1,ctgov.studies.study_first_submitted_date,step2_reconciliation/HeartTrialTwin_step2_cohort_reconciliation.csv,5a254575d8d5276d1176b53b38dad6600b46d6732441698e8e14668699d8ac43
NCT02151266,COMPLETED,0,2014-05-28,2014,development,HTT-P1-AACT-20260905,2026-09-05,20260905_export_ctgov.zip,ctgov.studies.overall_status,COMPLETED=0;TERMINATED|WITHDRAWN=1,ctgov.studies.study_first_submitted_date,step2_reconciliation/HeartTrialTwin_step2_cohort_reconciliation.csv,5a254575d8d5276d1176b53b38dad6600b46d6732441698e8e14668699d8ac43
NCT02151383,TERMINATED,1,2014-05-28,2014,development,HTT-P1-AACT-20260905,2026-09-05,20260905_export_ctgov.zip,ctgov.studies.overall_status,COMPLETED=0;TERMINATED|WITHDRAWN=1,ctgov.studies.study_first_submitted_date,step2_reconciliation/HeartTrialTwin_step2_cohort_reconciliation.csv,5a254575d8d5276d1176b53b38dad6600b46d6732441698e8e14668699d8ac43
NCT02151994,COMPLETED,0,2014-05-26,2014,development,HTT-P1-AACT-20260905,2026-09-05,20260905_export_ctgov.zip,ctgov.studies.overall_status,COMPLETED=0;TERMINATED|WITHDRAWN=1,ctgov.studies.study_first_submitted_date,step2_reconciliation/HeartTrialTwin_step2_cohort_reconciliation.csv,5a254575d8d5276d1176b53b38dad6600b46d6732441698e8e14668699d8ac43
NCT02152566,TERMINATED,1,2014-05-29,2014,development,HTT-P1-AACT-20260905,2026-09-05,20260905_export_ctgov.zip,ctgov.studies.overall_status,COMPLETED=0;TERMINATED|WITHDRAWN=1,ctgov.studies.study_first_submitted_date,step2_reconciliation/HeartTrialTwin_step2_cohort_reconciliation.csv,5a254575d8d5276d1176b53b38dad6600b46d6732441698e8e14668699d8ac43
NCT02153892,COMPLETED,0,2014-05-28,2014,development,HTT-P1-AACT-20260905,2026-09-05,20260905_export_ctgov.zip,ctgov.studies.overall_status,COMPLETED=0;TERMINATED|WITHDRAWN=1,ctgov.studies.study_first_submitted_date,step2_reconciliation/HeartTrialTwin_step2_cohort_reconciliation.csv,5a254575d8d5276d1176b53b38dad6600b46d6732441698e8e14668699d8ac43
NCT02155842,WITHDRAWN,1,2014-05-27,2014,development,HTT-P1-AACT-20260905,2026-09-05,20260905_export_ctgov.zip,ctgov.studies.overall_status,COMPLETED=0;TERMINATED|WITHDRAWN=1,ctgov.studies.study_first_submitted_date,step2_reconciliation/HeartTrialTwin_step2_cohort_reconciliation.csv,5a254575d8d5276d1176b53b38dad6600b46d6732441698e8e14668699d8ac43
NCT02157506,COMPLETED,0,2014-05-28,2014,development,HTT-P1-AACT-20260905,2026-09-05,20260905_export_ctgov.zip,ctgov.studies.overall_status,COMPLETED=0;TERMINATED|WITHDRAWN=1,ctgov.studies.study_first_submitted_date,step2_reconciliation/HeartTrialTwin_step2_cohort_reconciliation.csv,5a254575d8d5276d1176b53b38dad6600b46d6732441698e8e14668699d8ac43
NCT02164721,COMPLETED,0,2014-06-12,2014,development,HTT-P1-AACT-20260905,2026-09-05,20260905_export_ctgov.zip,ctgov.studies.overall_status,COMPLETED=0;TERMINATED|WITHDRAWN=1,ctgov.studies.study_first_submitted_date,step2_reconciliation/HeartTrialTwin_step2_cohort_reconciliation.csv,5a254575d8d5276d1176b53b38dad6600b46d6732441698e8e14668699d8ac43
NCT02166762,COMPLETED,0,2014-06-16,2014,development,HTT-P1-AACT-20260905,2026-09-05,20260905_export_ctgov.zip,ctgov.studies.overall_status,COMPLETED=0;TERMINATED|WITHDRAWN=1,ctgov.studies.study_first_submitted_date,step2_reconciliation/HeartTrialTwin_step2_cohort_reconciliation.csv,5a254575d8d5276d1176b53b38dad6600b46d6732441698e8e14668699d8ac43
NCT02167789,COMPLETED,0,2014-06-17,2014,development,HTT-P1-AACT-20260905,2026-09-05,20260905_export_ctgov.zip,ctgov.studies.overall_status,COMPLETED=0;TERMINATED|WITHDRAWN=1,ctgov.studies.study_first_submitted_date,step2_reconciliation/HeartTrialTwin_step2_cohort_reconciliation.csv,5a254575d8d5276d1176b53b38dad6600b46d6732441698e8e14668699d8ac43
NCT02169076,WITHDRAWN,1,2014-06-18,2014,development,HTT-P1-AACT-20260905,2026-09-05,20260905_export_ctgov.zip,ctgov.studies.overall_status,COMPLETED=0;TERMINATED|WITHDRAWN=1,ctgov.studies.study_first_submitted_date,step2_reconciliation/HeartTrialTwin_step2_cohort_reconciliation.csv,5a254575d8d5276d1176b53b38dad6600b46d6732441698e8e14668699d8ac43
NCT02170363,COMPLETED,0,2014-06-19,2014,development,HTT-P1-AACT-20260905,2026-09-05,20260905_export_ctgov.zip,ctgov.studies.overall_status,COMPLETED=0;TERMINATED|WITHDRAWN=1,ctgov.studies.study_first_submitted_date,step2_reconciliation/HeartTrialTwin_step2_cohort_reconciliation.csv,5a254575d8d5276d1176b53b38dad6600b46d6732441698e8e14668699d8ac43
NCT02173548,COMPLETED,0,2014-06-20,2014,development,HTT-P1-AACT-20260905,2026-09-05,20260905_export_ctgov.zip,ctgov.studies.overall_status,COMPLETED=0;TERMINATED|WITHDRAWN=1,ctgov.studies.study_first_submitted_date,step2_reconciliation/HeartTrialTwin_step2_cohort_reconciliation.csv,5a254575d8d5276d1176b53b38dad6600b46d6732441698e8e14668699d8ac43
NCT02177656,COMPLETED,0,2014-06-13,2014,development,HTT-P1-AACT-20260905,2026-09-05,20260905_export_ctgov.zip,ctgov.studies.overall_status,COMPLETED=0;TERMINATED|WITHDRAWN=1,ctgov.studies.study_first_submitted_date,step2_reconciliation/HeartTrialTwin_step2_cohort_reconciliation.csv,5a254575d8d5276d1176b53b38dad6600b46d6732441698e8e14668699d8ac43
NCT02179242,TERMINATED,1,2014-06-27,2014,development,HTT-P1-AACT-20260905,2026-09-05,20260905_export_ctgov.zip,ctgov.studies.overall_status,COMPLETED=0;TERMINATED|WITHDRAWN=1,ctgov.studies.study_first_submitted_date,step2_reconciliation/HeartTrialTwin_step2_cohort_reconciliation.csv,5a254575d8d5276d1176b53b38dad6600b46d6732441698e8e14668699d8ac43
NCT02180919,COMPLETED,0,2014-06-19,2014,development,HTT-P1-AACT-20260905,2026-09-05,20260905_export_ctgov.zip,ctgov.studies.overall_status,COMPLETED=0;TERMINATED|WITHDRAWN=1,ctgov.studies.study_first_submitted_date,step2_reconciliation/HeartTrialTwin_step2_cohort_reconciliation.csv,5a254575d8d5276d1176b53b38dad6600b46d6732441698e8e14668699d8ac43
NCT02183792,COMPLETED,0,2014-06-25,2014,development,HTT-P1-AACT-20260905,2026-09-05,20260905_export_ctgov.zip,ctgov.studies.overall_status,COMPLETED=0;TERMINATED|WITHDRAWN=1,ctgov.studies.study_first_submitted_date,step2_reconciliation/HeartTrialTwin_step2_cohort_reconciliation.csv,5a254575d8d5276d1176b53b38dad6600b46d6732441698e8e14668699d8ac43
NCT02188784,COMPLETED,0,2014-07-10,2014,development,HTT-P1-AACT-20260905,2026-09-05,20260905_export_ctgov.zip,ctgov.studies.overall_status,COMPLETED=0;TERMINATED|WITHDRAWN=1,ctgov.studies.study_first_submitted_date,step2_reconciliation/HeartTrialTwin_step2_cohort_reconciliation.csv,5a254575d8d5276d1176b53b38dad6600b46d6732441698e8e14668699d8ac43
NCT02196038,COMPLETED,0,2014-07-15,2014,development,HTT-P1-AACT-20260905,2026-09-05,20260905_export_ctgov.zip,ctgov.studies.overall_status,COMPLETED=0;TERMINATED|WITHDRAWN=1,ctgov.studies.study_first_submitted_date,step2_reconciliation/HeartTrialTwin_step2_cohort_reconciliation.csv,5a254575d8d5276d1176b53b38dad6600b46d6732441698e8e14668699d8ac43
NCT02196922,COMPLETED,0,2014-07-18,2014,development,HTT-P1-AACT-20260905,2026-09-05,20260905_export_ctgov.zip,ctgov.studies.overall_status,COMPLETED=0;TERMINATED|WITHDRAWN=1,ctgov.studies.study_first_submitted_date,step2_reconciliation/HeartTrialTwin_step2_cohort_reconciliation.csv,5a254575d8d5276d1176b53b38dad6600b46d6732441698e8e14668699d8ac43
NCT02200822,COMPLETED,0,2014-07-24,2014,development,HTT-P1-AACT-20260905,2026-09-05,20260905_export_ctgov.zip,ctgov.studies.overall_status,COMPLETED=0;TERMINATED|WITHDRAWN=1,ctgov.studies.study_first_submitted_date,step2_reconciliation/HeartTrialTwin_step2_cohort_reconciliation.csv,5a254575d8d5276d1176b53b38dad6600b46d6732441698e8e14668699d8ac43
NCT02204449,COMPLETED,0,2014-07-28,2014,development,HTT-P1-AACT-20260905,2026-09-05,20260905_export_ctgov.zip,ctgov.studies.overall_status,COMPLETED=0;TERMINATED|WITHDRAWN=1,ctgov.studies.study_first_submitted_date,step2_reconciliation/HeartTrialTwin_step2_cohort_reconciliation.csv,5a254575d8d5276d1176b53b38dad6600b46d6732441698e8e14668699d8ac43
NCT02205359,COMPLETED,0,2014-07-18,2014,development,HTT-P1-AACT-20260905,2026-09-05,20260905_export_ctgov.zip,ctgov.studies.overall_status,COMPLETED=0;TERMINATED|WITHDRAWN=1,ctgov.studies.study_first_submitted_date,step2_reconciliation/HeartTrialTwin_step2_cohort_reconciliation.csv,5a254575d8d5276d1176b53b38dad6600b46d6732441698e8e14668699d8ac43
NCT02205411,TERMINATED,1,2014-07-24,2014,development,HTT-P1-AACT-20260905,2026-09-05,20260905_export_ctgov.zip,ctgov.studies.overall_status,COMPLETED=0;TERMINATED|WITHDRAWN=1,ctgov.studies.study_first_submitted_date,step2_reconciliation/HeartTrialTwin_step2_cohort_reconciliation.csv,5a254575d8d5276d1176b53b38dad6600b46d6732441698e8e14668699d8ac43
NCT02209610,COMPLETED,0,2014-07-10,2014,development,HTT-P1-AACT-20260905,2026-09-05,20260905_export_ctgov.zip,ctgov.studies.overall_status,COMPLETED=0;TERMINATED|WITHDRAWN=1,ctgov.studies.study_first_submitted_date,step2_reconciliation/HeartTrialTwin_step2_cohort_reconciliation.csv,5a254575d8d5276d1176b53b38dad6600b46d6732441698e8e14668699d8ac43
NCT02211456,COMPLETED,0,2014-08-01,2014,development,HTT-P1-AACT-20260905,2026-09-05,20260905_export_ctgov.zip,ctgov.studies.overall_status,COMPLETED=0;TERMINATED|WITHDRAWN=1,ctgov.studies.study_first_submitted_date,step2_reconciliation/HeartTrialTwin_step2_cohort_reconciliation.csv,5a254575d8d5276d1176b53b38dad6600b46d6732441698e8e14668699d8ac43
NCT02219451,COMPLETED,0,2014-08-04,2014,development,HTT-P1-AACT-20260905,2026-09-05,20260905_export_ctgov.zip,ctgov.studies.overall_status,COMPLETED=0;TERMINATED|WITHDRAWN=1,ctgov.studies.study_first_submitted_date,step2_reconciliation/HeartTrialTwin_step2_cohort_reconciliation.csv,5a254575d8d5276d1176b53b38dad6600b46d6732441698e8e14668699d8ac43
NCT02220335,COMPLETED,0,2014-08-08,2014,development,HTT-P1-AACT-20260905,2026-09-05,20260905_export_ctgov.zip,ctgov.studies.overall_status,COMPLETED=0;TERMINATED|WITHDRAWN=1,ctgov.studies.study_first_submitted_date,step2_reconciliation/HeartTrialTwin_step2_cohort_reconciliation.csv,5a254575d8d5276d1176b53b38dad6600b46d6732441698e8e14668699d8ac43
NCT02223403,COMPLETED,0,2014-08-20,2014,development,HTT-P1-AACT-20260905,2026-09-05,20260905_export_ctgov.zip,ctgov.studies.overall_status,COMPLETED=0;TERMINATED|WITHDRAWN=1,ctgov.studies.study_first_submitted_date,step2_reconciliation/HeartTrialTwin_step2_cohort_reconciliation.csv,5a254575d8d5276d1176b53b38dad6600b46d6732441698e8e14668699d8ac43
NCT02223624,COMPLETED,0,2014-08-21,2014,development,HTT-P1-AACT-20260905,2026-09-05,20260905_export_ctgov.zip,ctgov.studies.overall_status,COMPLETED=0;TERMINATED|WITHDRAWN=1,ctgov.studies.study_first_submitted_date,step2_reconciliation/HeartTrialTwin_step2_cohort_reconciliation.csv,5a254575d8d5276d1176b53b38dad6600b46d6732441698e8e14668699d8ac43
NCT02224755,COMPLETED,0,2014-08-21,2014,development,HTT-P1-AACT-20260905,2026-09-05,20260905_export_ctgov.zip,ctgov.studies.overall_status,COMPLETED=0;TERMINATED|WITHDRAWN=1,ctgov.studies.study_first_submitted_date,step2_reconciliation/HeartTrialTwin_step2_cohort_reconciliation.csv,5a254575d8d5276d1176b53b38dad6600b46d6732441698e8e14668699d8ac43
NCT02226120,COMPLETED,0,2014-08-25,2014,development,HTT-P1-AACT-20260905,2026-09-05,20260905_export_ctgov.zip,ctgov.studies.overall_status,COMPLETED=0;TERMINATED|WITHDRAWN=1,ctgov.studies.study_first_submitted_date,step2_reconciliation/HeartTrialTwin_step2_cohort_reconciliation.csv,5a254575d8d5276d1176b53b38dad6600b46d6732441698e8e14668699d8ac43
NCT02226770,COMPLETED,0,2014-04-17,2014,development,HTT-P1-AACT-20260905,2026-09-05,20260905_export_ctgov.zip,ctgov.studies.overall_status,COMPLETED=0;TERMINATED|WITHDRAWN=1,ctgov.studies.study_first_submitted_date,step2_reconciliation/HeartTrialTwin_step2_cohort_reconciliation.csv,5a254575d8d5276d1176b53b38dad6600b46d6732441698e8e14668699d8ac43
NCT02230150,COMPLETED,0,2014-08-20,2014,development,HTT-P1-AACT-20260905,2026-09-05,20260905_export_ctgov.zip,ctgov.studies.overall_status,COMPLETED=0;TERMINATED|WITHDRAWN=1,ctgov.studies.study_first_submitted_date,step2_reconciliation/HeartTrialTwin_step2_cohort_reconciliation.csv,5a254575d8d5276d1176b53b38dad6600b46d6732441698e8e14668699d8ac43
NCT02230891,COMPLETED,0,2014-08-28,2014,development,HTT-P1-AACT-20260905,2026-09-05,20260905_export_ctgov.zip,ctgov.studies.overall_status,COMPLETED=0;TERMINATED|WITHDRAWN=1,ctgov.studies.study_first_submitted_date,step2_reconciliation/HeartTrialTwin_step2_cohort_reconciliation.csv,5a254575d8d5276d1176b53b38dad6600b46d6732441698e8e14668699d8ac43
NCT02232126,COMPLETED,0,2014-08-25,2014,development,HTT-P1-AACT-20260905,2026-09-05,20260905_export_ctgov.zip,ctgov.studies.overall_status,COMPLETED=0;TERMINATED|WITHDRAWN=1,ctgov.studies.study_first_submitted_date,step2_reconciliation/HeartTrialTwin_step2_cohort_reconciliation.csv,5a254575d8d5276d1176b53b38dad6600b46d6732441698e8e14668699d8ac43
NCT02235077,COMPLETED,0,2014-09-03,2014,development,HTT-P1-AACT-20260905,2026-09-05,20260905_export_ctgov.zip,ctgov.studies.overall_status,COMPLETED=0;TERMINATED|WITHDRAWN=1,ctgov.studies.study_first_submitted_date,step2_reconciliation/HeartTrialTwin_step2_cohort_reconciliation.csv,5a254575d8d5276d1176b53b38dad6600b46d6732441698e8e14668699d8ac43
NCT02238457,WITHDRAWN,1,2012-06-04,2012,development,HTT-P1-AACT-20260905,2026-09-05,20260905_export_ctgov.zip,ctgov.studies.overall_status,COMPLETED=0;TERMINATED|WITHDRAWN=1,ctgov.studies.study_first_submitted_date,step2_reconciliation/HeartTrialTwin_step2_cohort_reconciliation.csv,5a254575d8d5276d1176b53b38dad6600b46d6732441698e8e14668699d8ac43
NCT02240511,COMPLETED,0,2014-09-11,2014,development,HTT-P1-AACT-20260905,2026-09-05,20260905_export_ctgov.zip,ctgov.studies.overall_status,COMPLETED=0;TERMINATED|WITHDRAWN=1,ctgov.studies.study_first_submitted_date,step2_reconciliation/HeartTrialTwin_step2_cohort_reconciliation.csv,5a254575d8d5276d1176b53b38dad6600b46d6732441698e8e14668699d8ac43
NCT02240940,TERMINATED,1,2014-09-05,2014,development,HTT-P1-AACT-20260905,2026-09-05,20260905_export_ctgov.zip,ctgov.studies.overall_status,COMPLETED=0;TERMINATED|WITHDRAWN=1,ctgov.studies.study_first_submitted_date,step2_reconciliation/HeartTrialTwin_step2_cohort_reconciliation.csv,5a254575d8d5276d1176b53b38dad6600b46d6732441698e8e14668699d8ac43
NCT02241382,COMPLETED,0,2014-09-05,2014,development,HTT-P1-AACT-20260905,2026-09-05,20260905_export_ctgov.zip,ctgov.studies.overall_status,COMPLETED=0;TERMINATED|WITHDRAWN=1,ctgov.studies.study_first_submitted_date,step2_reconciliation/HeartTrialTwin_step2_cohort_reconciliation.csv,5a254575d8d5276d1176b53b38dad6600b46d6732441698e8e14668699d8ac43
NCT02247245,COMPLETED,0,2014-09-19,2014,development,HTT-P1-AACT-20260905,2026-09-05,20260905_export_ctgov.zip,ctgov.studies.overall_status,COMPLETED=0;TERMINATED|WITHDRAWN=1,ctgov.studies.study_first_submitted_date,step2_reconciliation/HeartTrialTwin_step2_cohort_reconciliation.csv,5a254575d8d5276d1176b53b38dad6600b46d6732441698e8e14668699d8ac43
NCT02248441,COMPLETED,0,2014-09-02,2014,development,HTT-P1-AACT-20260905,2026-09-05,20260905_export_ctgov.zip,ctgov.studies.overall_status,COMPLETED=0;TERMINATED|WITHDRAWN=1,ctgov.studies.study_first_submitted_date,step2_reconciliation/HeartTrialTwin_step2_cohort_reconciliation.csv,5a254575d8d5276d1176b53b38dad6600b46d6732441698e8e14668699d8ac43
NCT02248532,COMPLETED,0,2014-09-16,2014,development,HTT-P1-AACT-20260905,2026-09-05,20260905_export_ctgov.zip,ctgov.studies.overall_status,COMPLETED=0;TERMINATED|WITHDRAWN=1,ctgov.studies.study_first_submitted_date,step2_reconciliation/HeartTrialTwin_step2_cohort_reconciliation.csv,5a254575d8d5276d1176b53b38dad6600b46d6732441698e8e14668699d8ac43
NCT02248831,COMPLETED,0,2014-09-18,2014,development,HTT-P1-AACT-20260905,2026-09-05,20260905_export_ctgov.zip,ctgov.studies.overall_status,COMPLETED=0;TERMINATED|WITHDRAWN=1,ctgov.studies.study_first_submitted_date,step2_reconciliation/HeartTrialTwin_step2_cohort_reconciliation.csv,5a254575d8d5276d1176b53b38dad6600b46d6732441698e8e14668699d8ac43
NCT02248974,COMPLETED,0,2014-09-17,2014,development,HTT-P1-AACT-20260905,2026-09-05,20260905_export_ctgov.zip,ctgov.studies.overall_status,COMPLETED=0;TERMINATED|WITHDRAWN=1,ctgov.studies.study_first_submitted_date,step2_reconciliation/HeartTrialTwin_step2_cohort_reconciliation.csv,5a254575d8d5276d1176b53b38dad6600b46d6732441698e8e14668699d8ac43
NCT02254382,TERMINATED,1,2014-09-29,2014,development,HTT-P1-AACT-20260905,2026-09-05,20260905_export_ctgov.zip,ctgov.studies.overall_status,COMPLETED=0;TERMINATED|WITHDRAWN=1,ctgov.studies.study_first_submitted_date,step2_reconciliation/HeartTrialTwin_step2_cohort_reconciliation.csv,5a254575d8d5276d1176b53b38dad6600b46d6732441698e8e14668699d8ac43
NCT02256345,COMPLETED,0,2014-09-30,2014,development,HTT-P1-AACT-20260905,2026-09-05,20260905_export_ctgov.zip,ctgov.studies.overall_status,COMPLETED=0;TERMINATED|WITHDRAWN=1,ctgov.studies.study_first_submitted_date,step2_reconciliation/HeartTrialTwin_step2_cohort_reconciliation.csv,5a254575d8d5276d1176b53b38dad6600b46d6732441698e8e14668699d8ac43
NCT02258061,COMPLETED,0,2014-09-29,2014,development,HTT-P1-AACT-20260905,2026-09-05,20260905_export_ctgov.zip,ctgov.studies.overall_status,COMPLETED=0;TERMINATED|WITHDRAWN=1,ctgov.studies.study_first_submitted_date,step2_reconciliation/HeartTrialTwin_step2_cohort_reconciliation.csv,5a254575d8d5276d1176b53b38dad6600b46d6732441698e8e14668699d8ac43
NCT02258516,COMPLETED,0,2014-10-03,2014,development,HTT-P1-AACT-20260905,2026-09-05,20260905_export_ctgov.zip,ctgov.studies.overall_status,COMPLETED=0;TERMINATED|WITHDRAWN=1,ctgov.studies.study_first_submitted_date,step2_reconciliation/HeartTrialTwin_step2_cohort_reconciliation.csv,5a254575d8d5276d1176b53b38dad6600b46d6732441698e8e14668699d8ac43
NCT02261948,COMPLETED,0,2014-07-22,2014,development,HTT-P1-AACT-20260905,2026-09-05,20260905_export_ctgov.zip,ctgov.studies.overall_status,COMPLETED=0;TERMINATED|WITHDRAWN=1,ctgov.studies.study_first_submitted_date,step2_reconciliation/HeartTrialTwin_step2_cohort_reconciliation.csv,5a254575d8d5276d1176b53b38dad6600b46d6732441698e8e14668699d8ac43
NCT02262078,COMPLETED,0,2014-09-30,2014,development,HTT-P1-AACT-20260905,2026-09-05,20260905_export_ctgov.zip,ctgov.studies.overall_status,COMPLETED=0;TERMINATED|WITHDRAWN=1,ctgov.studies.study_first_submitted_date,step2_reconciliation/HeartTrialTwin_step2_cohort_reconciliation.csv,5a254575d8d5276d1176b53b38dad6600b46d6732441698e8e14668699d8ac43
NCT02263482,COMPLETED,0,2014-09-29,2014,development,HTT-P1-AACT-20260905,2026-09-05,20260905_export_ctgov.zip,ctgov.studies.overall_status,COMPLETED=0;TERMINATED|WITHDRAWN=1,ctgov.studies.study_first_submitted_date,step2_reconciliation/HeartTrialTwin_step2_cohort_reconciliation.csv,5a254575d8d5276d1176b53b38dad6600b46d6732441698e8e14668699d8ac43
NCT02268500,COMPLETED,0,2014-10-08,2014,development,HTT-P1-AACT-20260905,2026-09-05,20260905_export_ctgov.zip,ctgov.studies.overall_status,COMPLETED=0;TERMINATED|WITHDRAWN=1,ctgov.studies.study_first_submitted_date,step2_reconciliation/HeartTrialTwin_step2_cohort_reconciliation.csv,5a254575d8d5276d1176b53b38dad6600b46d6732441698e8e14668699d8ac43
NCT02268942,COMPLETED,0,2014-10-16,2014,development,HTT-P1-AACT-20260905,2026-09-05,20260905_export_ctgov.zip,ctgov.studies.overall_status,COMPLETED=0;TERMINATED|WITHDRAWN=1,ctgov.studies.study_first_submitted_date,step2_reconciliation/HeartTrialTwin_step2_cohort_reconciliation.csv,5a254575d8d5276d1176b53b38dad6600b46d6732441698e8e14668699d8ac43
NCT02269618,COMPLETED,0,2014-10-17,2014,development,HTT-P1-AACT-20260905,2026-09-05,20260905_export_ctgov.zip,ctgov.studies.overall_status,COMPLETED=0;TERMINATED|WITHDRAWN=1,ctgov.studies.study_first_submitted_date,step2_reconciliation/HeartTrialTwin_step2_cohort_reconciliation.csv,5a254575d8d5276d1176b53b38dad6600b46d6732441698e8e14668699d8ac43
NCT02271230,COMPLETED,0,2014-10-07,2014,development,HTT-P1-AACT-20260905,2026-09-05,20260905_export_ctgov.zip,ctgov.studies.overall_status,COMPLETED=0;TERMINATED|WITHDRAWN=1,ctgov.studies.study_first_submitted_date,step2_reconciliation/HeartTrialTwin_step2_cohort_reconciliation.csv,5a254575d8d5276d1176b53b38dad6600b46d6732441698e8e14668699d8ac43
NCT02275819,COMPLETED,0,2014-10-03,2014,development,HTT-P1-AACT-20260905,2026-09-05,20260905_export_ctgov.zip,ctgov.studies.overall_status,COMPLETED=0;TERMINATED|WITHDRAWN=1,ctgov.studies.study_first_submitted_date,step2_reconciliation/HeartTrialTwin_step2_cohort_reconciliation.csv,5a254575d8d5276d1176b53b38dad6600b46d6732441698e8e14668699d8ac43
NCT02288819,TERMINATED,1,2014-10-23,2014,development,HTT-P1-AACT-20260905,2026-09-05,20260905_export_ctgov.zip,ctgov.studies.overall_status,COMPLETED=0;TERMINATED|WITHDRAWN=1,ctgov.studies.study_first_submitted_date,step2_reconciliation/HeartTrialTwin_step2_cohort_reconciliation.csv,5a254575d8d5276d1176b53b38dad6600b46d6732441698e8e14668699d8ac43
NCT02290028,TERMINATED,1,2014-11-10,2014,development,HTT-P1-AACT-20260905,2026-09-05,20260905_export_ctgov.zip,ctgov.studies.overall_status,COMPLETED=0;TERMINATED|WITHDRAWN=1,ctgov.studies.study_first_submitted_date,step2_reconciliation/HeartTrialTwin_step2_cohort_reconciliation.csv,5a254575d8d5276d1176b53b38dad6600b46d6732441698e8e14668699d8ac43
NCT02293252,COMPLETED,0,2014-11-10,2014,development,HTT-P1-AACT-20260905,2026-09-05,20260905_export_ctgov.zip,ctgov.studies.overall_status,COMPLETED=0;TERMINATED|WITHDRAWN=1,ctgov.studies.study_first_submitted_date,step2_reconciliation/HeartTrialTwin_step2_cohort_reconciliation.csv,5a254575d8d5276d1176b53b38dad6600b46d6732441698e8e14668699d8ac43
NCT02299180,COMPLETED,0,2014-11-18,2014,development,HTT-P1-AACT-20260905,2026-09-05,20260905_export_ctgov.zip,ctgov.studies.overall_status,COMPLETED=0;TERMINATED|WITHDRAWN=1,ctgov.studies.study_first_submitted_date,step2_reconciliation/HeartTrialTwin_step2_cohort_reconciliation.csv,5a254575d8d5276d1176b53b38dad6600b46d6732441698e8e14668699d8ac43
NCT02299726,WITHDRAWN,1,2014-11-17,2014,development,HTT-P1-AACT-20260905,2026-09-05,20260905_export_ctgov.zip,ctgov.studies.overall_status,COMPLETED=0;TERMINATED|WITHDRAWN=1,ctgov.studies.study_first_submitted_date,step2_reconciliation/HeartTrialTwin_step2_cohort_reconciliation.csv,5a254575d8d5276d1176b53b38dad6600b46d6732441698e8e14668699d8ac43
NCT02302014,COMPLETED,0,2014-11-24,2014,development,HTT-P1-AACT-20260905,2026-09-05,20260905_export_ctgov.zip,ctgov.studies.overall_status,COMPLETED=0;TERMINATED|WITHDRAWN=1,ctgov.studies.study_first_submitted_date,step2_reconciliation/HeartTrialTwin_step2_cohort_reconciliation.csv,5a254575d8d5276d1176b53b38dad6600b46d6732441698e8e14668699d8ac43
NCT02304705,TERMINATED,1,2014-11-26,2014,development,HTT-P1-AACT-20260905,2026-09-05,20260905_export_ctgov.zip,ctgov.studies.overall_status,COMPLETED=0;TERMINATED|WITHDRAWN=1,ctgov.studies.study_first_submitted_date,step2_reconciliation/HeartTrialTwin_step2_cohort_reconciliation.csv,5a254575d8d5276d1176b53b38dad6600b46d6732441698e8e14668699d8ac43
NCT02304965,COMPLETED,0,2014-11-21,2014,development,HTT-P1-AACT-20260905,2026-09-05,20260905_export_ctgov.zip,ctgov.studies.overall_status,COMPLETED=0;TERMINATED|WITHDRAWN=1,ctgov.studies.study_first_submitted_date,step2_reconciliation/HeartTrialTwin_step2_cohort_reconciliation.csv,5a254575d8d5276d1176b53b38dad6600b46d6732441698e8e14668699d8ac43
NCT02305602,COMPLETED,0,2014-11-26,2014,development,HTT-P1-AACT-20260905,2026-09-05,20260905_export_ctgov.zip,ctgov.studies.overall_status,COMPLETED=0;TERMINATED|WITHDRAWN=1,ctgov.studies.study_first_submitted_date,step2_reconciliation/HeartTrialTwin_step2_cohort_reconciliation.csv,5a254575d8d5276d1176b53b38dad6600b46d6732441698e8e14668699d8ac43
NCT02310061,COMPLETED,0,2014-10-28,2014,development,HTT-P1-AACT-20260905,2026-09-05,20260905_export_ctgov.zip,ctgov.studies.overall_status,COMPLETED=0;TERMINATED|WITHDRAWN=1,ctgov.studies.study_first_submitted_date,step2_reconciliation/HeartTrialTwin_step2_cohort_reconciliation.csv,5a254575d8d5276d1176b53b38dad6600b46d6732441698e8e14668699d8ac43
NCT02312427,COMPLETED,0,2014-11-30,2014,development,HTT-P1-AACT-20260905,2026-09-05,20260905_export_ctgov.zip,ctgov.studies.overall_status,COMPLETED=0;TERMINATED|WITHDRAWN=1,ctgov.studies.study_first_submitted_date,step2_reconciliation/HeartTrialTwin_step2_cohort_reconciliation.csv,5a254575d8d5276d1176b53b38dad6600b46d6732441698e8e14668699d8ac43
NCT02312765,COMPLETED,0,2014-12-01,2014,development,HTT-P1-AACT-20260905,2026-09-05,20260905_export_ctgov.zip,ctgov.studies.overall_status,COMPLETED=0;TERMINATED|WITHDRAWN=1,ctgov.studies.study_first_submitted_date,step2_reconciliation/HeartTrialTwin_step2_cohort_reconciliation.csv,5a254575d8d5276d1176b53b38dad6600b46d6732441698e8e14668699d8ac43
NCT02317848,COMPLETED,0,2014-11-10,2014,development,HTT-P1-AACT-20260905,2026-09-05,20260905_export_ctgov.zip,ctgov.studies.overall_status,COMPLETED=0;TERMINATED|WITHDRAWN=1,ctgov.studies.study_first_submitted_date,step2_reconciliation/HeartTrialTwin_step2_cohort_reconciliation.csv,5a254575d8d5276d1176b53b38dad6600b46d6732441698e8e14668699d8ac43
NCT02325830,COMPLETED,0,2014-12-22,2014,development,HTT-P1-AACT-20260905,2026-09-05,20260905_export_ctgov.zip,ctgov.studies.overall_status,COMPLETED=0;TERMINATED|WITHDRAWN=1,ctgov.studies.study_first_submitted_date,step2_reconciliation/HeartTrialTwin_step2_cohort_reconciliation.csv,5a254575d8d5276d1176b53b38dad6600b46d6732441698e8e14668699d8ac43
NCT02326493,COMPLETED,0,2014-11-27,2014,development,HTT-P1-AACT-20260905,2026-09-05,20260905_export_ctgov.zip,ctgov.studies.overall_status,COMPLETED=0;TERMINATED|WITHDRAWN=1,ctgov.studies.study_first_submitted_date,step2_reconciliation/HeartTrialTwin_step2_cohort_reconciliation.csv,5a254575d8d5276d1176b53b38dad6600b46d6732441698e8e14668699d8ac43
NCT02329834,COMPLETED,0,2014-12-22,2014,development,HTT-P1-AACT-20260905,2026-09-05,20260905_export_ctgov.zip,ctgov.studies.overall_status,COMPLETED=0;TERMINATED|WITHDRAWN=1,ctgov.studies.study_first_submitted_date,step2_reconciliation/HeartTrialTwin_step2_cohort_reconciliation.csv,5a254575d8d5276d1176b53b38dad6600b46d6732441698e8e14668699d8ac43
NCT02331524,COMPLETED,0,2014-12-27,2014,development,HTT-P1-AACT-20260905,2026-09-05,20260905_export_ctgov.zip,ctgov.studies.overall_status,COMPLETED=0;TERMINATED|WITHDRAWN=1,ctgov.studies.study_first_submitted_date,step2_reconciliation/HeartTrialTwin_step2_cohort_reconciliation.csv,5a254575d8d5276d1176b53b38dad6600b46d6732441698e8e14668699d8ac43
NCT02335684,COMPLETED,0,2014-01-20,2014,development,HTT-P1-AACT-20260905,2026-09-05,20260905_export_ctgov.zip,ctgov.studies.overall_status,COMPLETED=0;TERMINATED|WITHDRAWN=1,ctgov.studies.study_first_submitted_date,step2_reconciliation/HeartTrialTwin_step2_cohort_reconciliation.csv,5a254575d8d5276d1176b53b38dad6600b46d6732441698e8e14668699d8ac43
NCT02344342,TERMINATED,1,2015-01-16,2015,development,HTT-P1-AACT-20260905,2026-09-05,20260905_export_ctgov.zip,ctgov.studies.overall_status,COMPLETED=0;TERMINATED|WITHDRAWN=1,ctgov.studies.study_first_submitted_date,step2_reconciliation/HeartTrialTwin_step2_cohort_reconciliation.csv,5a254575d8d5276d1176b53b38dad6600b46d6732441698e8e14668699d8ac43
NCT02344420,COMPLETED,0,2014-12-19,2014,development,HTT-P1-AACT-20260905,2026-09-05,20260905_export_ctgov.zip,ctgov.studies.overall_status,COMPLETED=0;TERMINATED|WITHDRAWN=1,ctgov.studies.study_first_submitted_date,step2_reconciliation/HeartTrialTwin_step2_cohort_reconciliation.csv,5a254575d8d5276d1176b53b38dad6600b46d6732441698e8e14668699d8ac43
NCT02344576,COMPLETED,0,2015-01-16,2015,development,HTT-P1-AACT-20260905,2026-09-05,20260905_export_ctgov.zip,ctgov.studies.overall_status,COMPLETED=0;TERMINATED|WITHDRAWN=1,ctgov.studies.study_first_submitted_date,step2_reconciliation/HeartTrialTwin_step2_cohort_reconciliation.csv,5a254575d8d5276d1176b53b38dad6600b46d6732441698e8e14668699d8ac43
NCT02346097,COMPLETED,0,2015-01-12,2015,development,HTT-P1-AACT-20260905,2026-09-05,20260905_export_ctgov.zip,ctgov.studies.overall_status,COMPLETED=0;TERMINATED|WITHDRAWN=1,ctgov.studies.study_first_submitted_date,step2_reconciliation/HeartTrialTwin_step2_cohort_reconciliation.csv,5a254575d8d5276d1176b53b38dad6600b46d6732441698e8e14668699d8ac43
NCT02346422,TERMINATED,1,2015-01-15,2015,development,HTT-P1-AACT-20260905,2026-09-05,20260905_export_ctgov.zip,ctgov.studies.overall_status,COMPLETED=0;TERMINATED|WITHDRAWN=1,ctgov.studies.study_first_submitted_date,step2_reconciliation/HeartTrialTwin_step2_cohort_reconciliation.csv,5a254575d8d5276d1176b53b38dad6600b46d6732441698e8e14668699d8ac43
NCT02350114,COMPLETED,0,2015-01-18,2015,development,HTT-P1-AACT-20260905,2026-09-05,20260905_export_ctgov.zip,ctgov.studies.overall_status,COMPLETED=0;TERMINATED|WITHDRAWN=1,ctgov.studies.study_first_submitted_date,step2_reconciliation/HeartTrialTwin_step2_cohort_reconciliation.csv,5a254575d8d5276d1176b53b38dad6600b46d6732441698e8e14668699d8ac43
NCT02350725,COMPLETED,0,2014-12-09,2014,development,HTT-P1-AACT-20260905,2026-09-05,20260905_export_ctgov.zip,ctgov.studies.overall_status,COMPLETED=0;TERMINATED|WITHDRAWN=1,ctgov.studies.study_first_submitted_date,step2_reconciliation/HeartTrialTwin_step2_cohort_reconciliation.csv,5a254575d8d5276d1176b53b38dad6600b46d6732441698e8e14668699d8ac43
NCT02350842,COMPLETED,0,2015-01-20,2015,development,HTT-P1-AACT-20260905,2026-09-05,20260905_export_ctgov.zip,ctgov.studies.overall_status,COMPLETED=0;TERMINATED|WITHDRAWN=1,ctgov.studies.study_first_submitted_date,step2_reconciliation/HeartTrialTwin_step2_cohort_reconciliation.csv,5a254575d8d5276d1176b53b38dad6600b46d6732441698e8e14668699d8ac43
NCT02351063,TERMINATED,1,2015-01-12,2015,development,HTT-P1-AACT-20260905,2026-09-05,20260905_export_ctgov.zip,ctgov.studies.overall_status,COMPLETED=0;TERMINATED|WITHDRAWN=1,ctgov.studies.study_first_submitted_date,step2_reconciliation/HeartTrialTwin_step2_cohort_reconciliation.csv,5a254575d8d5276d1176b53b38dad6600b46d6732441698e8e14668699d8ac43
NCT02352285,TERMINATED,1,2012-12-20,2012,development,HTT-P1-AACT-20260905,2026-09-05,20260905_export_ctgov.zip,ctgov.studies.overall_status,COMPLETED=0;TERMINATED|WITHDRAWN=1,ctgov.studies.study_first_submitted_date,step2_reconciliation/HeartTrialTwin_step2_cohort_reconciliation.csv,5a254575d8d5276d1176b53b38dad6600b46d6732441698e8e14668699d8ac43
NCT02353312,COMPLETED,0,2014-12-29,2014,development,HTT-P1-AACT-20260905,2026-09-05,20260905_export_ctgov.zip,ctgov.studies.overall_status,COMPLETED=0;TERMINATED|WITHDRAWN=1,ctgov.studies.study_first_submitted_date,step2_reconciliation/HeartTrialTwin_step2_cohort_reconciliation.csv,5a254575d8d5276d1176b53b38dad6600b46d6732441698e8e14668699d8ac43
NCT02354573,COMPLETED,0,2015-01-29,2015,development,HTT-P1-AACT-20260905,2026-09-05,20260905_export_ctgov.zip,ctgov.studies.overall_status,COMPLETED=0;TERMINATED|WITHDRAWN=1,ctgov.studies.study_first_submitted_date,step2_reconciliation/HeartTrialTwin_step2_cohort_reconciliation.csv,5a254575d8d5276d1176b53b38dad6600b46d6732441698e8e14668699d8ac43
NCT02358603,TERMINATED,1,2014-05-16,2014,development,HTT-P1-AACT-20260905,2026-09-05,20260905_export_ctgov.zip,ctgov.studies.overall_status,COMPLETED=0;TERMINATED|WITHDRAWN=1,ctgov.studies.study_first_submitted_date,step2_reconciliation/HeartTrialTwin_step2_cohort_reconciliation.csv,5a254575d8d5276d1176b53b38dad6600b46d6732441698e8e14668699d8ac43
NCT02359227,COMPLETED,0,2015-02-02,2015,development,HTT-P1-AACT-20260905,2026-09-05,20260905_export_ctgov.zip,ctgov.studies.overall_status,COMPLETED=0;TERMINATED|WITHDRAWN=1,ctgov.studies.study_first_submitted_date,step2_reconciliation/HeartTrialTwin_step2_cohort_reconciliation.csv,5a254575d8d5276d1176b53b38dad6600b46d6732441698e8e14668699d8ac43
NCT02362646,COMPLETED,0,2015-02-09,2015,development,HTT-P1-AACT-20260905,2026-09-05,20260905_export_ctgov.zip,ctgov.studies.overall_status,COMPLETED=0;TERMINATED|WITHDRAWN=1,ctgov.studies.study_first_submitted_date,step2_reconciliation/HeartTrialTwin_step2_cohort_reconciliation.csv,5a254575d8d5276d1176b53b38dad6600b46d6732441698e8e14668699d8ac43
NCT02364752,WITHDRAWN,1,2015-02-10,2015,development,HTT-P1-AACT-20260905,2026-09-05,20260905_export_ctgov.zip,ctgov.studies.overall_status,COMPLETED=0;TERMINATED|WITHDRAWN=1,ctgov.studies.study_first_submitted_date,step2_reconciliation/HeartTrialTwin_step2_cohort_reconciliation.csv,5a254575d8d5276d1176b53b38dad6600b46d6732441698e8e14668699d8ac43
NCT02368548,COMPLETED,0,2015-01-20,2015,development,HTT-P1-AACT-20260905,2026-09-05,20260905_export_ctgov.zip,ctgov.studies.overall_status,COMPLETED=0;TERMINATED|WITHDRAWN=1,ctgov.studies.study_first_submitted_date,step2_reconciliation/HeartTrialTwin_step2_cohort_reconciliation.csv,5a254575d8d5276d1176b53b38dad6600b46d6732441698e8e14668699d8ac43
NCT02369042,COMPLETED,0,2014-10-28,2014,development,HTT-P1-AACT-20260905,2026-09-05,20260905_export_ctgov.zip,ctgov.studies.overall_status,COMPLETED=0;TERMINATED|WITHDRAWN=1,ctgov.studies.study_first_submitted_date,step2_reconciliation/HeartTrialTwin_step2_cohort_reconciliation.csv,5a254575d8d5276d1176b53b38dad6600b46d6732441698e8e14668699d8ac43
NCT02372292,COMPLETED,0,2015-02-13,2015,development,HTT-P1-AACT-20260905,2026-09-05,20260905_export_ctgov.zip,ctgov.studies.overall_status,COMPLETED=0;TERMINATED|WITHDRAWN=1,ctgov.studies.study_first_submitted_date,step2_reconciliation/HeartTrialTwin_step2_cohort_reconciliation.csv,5a254575d8d5276d1176b53b38dad6600b46d6732441698e8e14668699d8ac43
NCT02378571,COMPLETED,0,2015-02-27,2015,development,HTT-P1-AACT-20260905,2026-09-05,20260905_export_ctgov.zip,ctgov.studies.overall_status,COMPLETED=0;TERMINATED|WITHDRAWN=1,ctgov.studies.study_first_submitted_date,step2_reconciliation/HeartTrialTwin_step2_cohort_reconciliation.csv,5a254575d8d5276d1176b53b38dad6600b46d6732441698e8e14668699d8ac43
NCT02384798,COMPLETED,0,2015-02-16,2015,development,HTT-P1-AACT-20260905,2026-09-05,20260905_export_ctgov.zip,ctgov.studies.overall_status,COMPLETED=0;TERMINATED|WITHDRAWN=1,ctgov.studies.study_first_submitted_date,step2_reconciliation/HeartTrialTwin_step2_cohort_reconciliation.csv,5a254575d8d5276d1176b53b38dad6600b46d6732441698e8e14668699d8ac43
NCT02387723,COMPLETED,0,2014-12-29,2014,development,HTT-P1-AACT-20260905,2026-09-05,20260905_export_ctgov.zip,ctgov.studies.overall_status,COMPLETED=0;TERMINATED|WITHDRAWN=1,ctgov.studies.study_first_submitted_date,step2_reconciliation/HeartTrialTwin_step2_cohort_reconciliation.csv,5a254575d8d5276d1176b53b38dad6600b46d6732441698e8e14668699d8ac43
NCT02388386,COMPLETED,0,2014-11-25,2014,development,HTT-P1-AACT-20260905,2026-09-05,20260905_export_ctgov.zip,ctgov.studies.overall_status,COMPLETED=0;TERMINATED|WITHDRAWN=1,ctgov.studies.study_first_submitted_date,step2_reconciliation/HeartTrialTwin_step2_cohort_reconciliation.csv,5a254575d8d5276d1176b53b38dad6600b46d6732441698e8e14668699d8ac43
NCT02388464,COMPLETED,0,2015-03-01,2015,development,HTT-P1-AACT-20260905,2026-09-05,20260905_export_ctgov.zip,ctgov.studies.overall_status,COMPLETED=0;TERMINATED|WITHDRAWN=1,ctgov.studies.study_first_submitted_date,step2_reconciliation/HeartTrialTwin_step2_cohort_reconciliation.csv,5a254575d8d5276d1176b53b38dad6600b46d6732441698e8e14668699d8ac43
NCT02388529,WITHDRAWN,1,2015-03-01,2015,development,HTT-P1-AACT-20260905,2026-09-05,20260905_export_ctgov.zip,ctgov.studies.overall_status,COMPLETED=0;TERMINATED|WITHDRAWN=1,ctgov.studies.study_first_submitted_date,step2_reconciliation/HeartTrialTwin_step2_cohort_reconciliation.csv,5a254575d8d5276d1176b53b38dad6600b46d6732441698e8e14668699d8ac43
NCT02391987,COMPLETED,0,2015-03-12,2015,development,HTT-P1-AACT-20260905,2026-09-05,20260905_export_ctgov.zip,ctgov.studies.overall_status,COMPLETED=0;TERMINATED|WITHDRAWN=1,ctgov.studies.study_first_submitted_date,step2_reconciliation/HeartTrialTwin_step2_cohort_reconciliation.csv,5a254575d8d5276d1176b53b38dad6600b46d6732441698e8e14668699d8ac43
NCT02392689,TERMINATED,1,2015-03-09,2015,development,HTT-P1-AACT-20260905,2026-09-05,20260905_export_ctgov.zip,ctgov.studies.overall_status,COMPLETED=0;TERMINATED|WITHDRAWN=1,ctgov.studies.study_first_submitted_date,step2_reconciliation/HeartTrialTwin_step2_cohort_reconciliation.csv,5a254575d8d5276d1176b53b38dad6600b46d6732441698e8e14668699d8ac43
NCT02392910,COMPLETED,0,2015-03-15,2015,development,HTT-P1-AACT-20260905,2026-09-05,20260905_export_ctgov.zip,ctgov.studies.overall_status,COMPLETED=0;TERMINATED|WITHDRAWN=1,ctgov.studies.study_first_submitted_date,step2_reconciliation/HeartTrialTwin_step2_cohort_reconciliation.csv,5a254575d8d5276d1176b53b38dad6600b46d6732441698e8e14668699d8ac43
NCT02394470,COMPLETED,0,2015-02-19,2015,development,HTT-P1-AACT-20260905,2026-09-05,20260905_export_ctgov.zip,ctgov.studies.overall_status,COMPLETED=0;TERMINATED|WITHDRAWN=1,ctgov.studies.study_first_submitted_date,step2_reconciliation/HeartTrialTwin_step2_cohort_reconciliation.csv,5a254575d8d5276d1176b53b38dad6600b46d6732441698e8e14668699d8ac43
NCT02397421,COMPLETED,0,2015-03-12,2015,development,HTT-P1-AACT-20260905,2026-09-05,20260905_export_ctgov.zip,ctgov.studies.overall_status,COMPLETED=0;TERMINATED|WITHDRAWN=1,ctgov.studies.study_first_submitted_date,step2_reconciliation/HeartTrialTwin_step2_cohort_reconciliation.csv,5a254575d8d5276d1176b53b38dad6600b46d6732441698e8e14668699d8ac43
NCT02398617,WITHDRAWN,1,2015-02-20,2015,development,HTT-P1-AACT-20260905,2026-09-05,20260905_export_ctgov.zip,ctgov.studies.overall_status,COMPLETED=0;TERMINATED|WITHDRAWN=1,ctgov.studies.study_first_submitted_date,step2_reconciliation/HeartTrialTwin_step2_cohort_reconciliation.csv,5a254575d8d5276d1176b53b38dad6600b46d6732441698e8e14668699d8ac43
NCT02398799,COMPLETED,0,2015-03-08,2015,development,HTT-P1-AACT-20260905,2026-09-05,20260905_export_ctgov.zip,ctgov.studies.overall_status,COMPLETED=0;TERMINATED|WITHDRAWN=1,ctgov.studies.study_first_submitted_date,step2_reconciliation/HeartTrialTwin_step2_cohort_reconciliation.csv,5a254575d8d5276d1176b53b38dad6600b46d6732441698e8e14668699d8ac43
NCT02401126,COMPLETED,0,2015-03-24,2015,development,HTT-P1-AACT-20260905,2026-09-05,20260905_export_ctgov.zip,ctgov.studies.overall_status,COMPLETED=0;TERMINATED|WITHDRAWN=1,ctgov.studies.study_first_submitted_date,step2_reconciliation/HeartTrialTwin_step2_cohort_reconciliation.csv,5a254575d8d5276d1176b53b38dad6600b46d6732441698e8e14668699d8ac43
NCT02405377,COMPLETED,0,2015-03-23,2015,development,HTT-P1-AACT-20260905,2026-09-05,20260905_export_ctgov.zip,ctgov.studies.overall_status,COMPLETED=0;TERMINATED|WITHDRAWN=1,ctgov.studies.study_first_submitted_date,step2_reconciliation/HeartTrialTwin_step2_cohort_reconciliation.csv,5a254575d8d5276d1176b53b38dad6600b46d6732441698e8e14668699d8ac43
NCT02408003,COMPLETED,0,2015-03-31,2015,development,HTT-P1-AACT-20260905,2026-09-05,20260905_export_ctgov.zip,ctgov.studies.overall_status,COMPLETED=0;TERMINATED|WITHDRAWN=1,ctgov.studies.study_first_submitted_date,step2_reconciliation/HeartTrialTwin_step2_cohort_reconciliation.csv,5a254575d8d5276d1176b53b38dad6600b46d6732441698e8e14668699d8ac43
NCT02408432,COMPLETED,0,2015-03-31,2015,development,HTT-P1-AACT-20260905,2026-09-05,20260905_export_ctgov.zip,ctgov.studies.overall_status,COMPLETED=0;TERMINATED|WITHDRAWN=1,ctgov.studies.study_first_submitted_date,step2_reconciliation/HeartTrialTwin_step2_cohort_reconciliation.csv,5a254575d8d5276d1176b53b38dad6600b46d6732441698e8e14668699d8ac43
NCT02409225,COMPLETED,0,2015-03-26,2015,development,HTT-P1-AACT-20260905,2026-09-05,20260905_export_ctgov.zip,ctgov.studies.overall_status,COMPLETED=0;TERMINATED|WITHDRAWN=1,ctgov.studies.study_first_submitted_date,step2_reconciliation/HeartTrialTwin_step2_cohort_reconciliation.csv,5a254575d8d5276d1176b53b38dad6600b46d6732441698e8e14668699d8ac43
NCT02413151,COMPLETED,0,2015-03-25,2015,development,HTT-P1-AACT-20260905,2026-09-05,20260905_export_ctgov.zip,ctgov.studies.overall_status,COMPLETED=0;TERMINATED|WITHDRAWN=1,ctgov.studies.study_first_submitted_date,step2_reconciliation/HeartTrialTwin_step2_cohort_reconciliation.csv,5a254575d8d5276d1176b53b38dad6600b46d6732441698e8e14668699d8ac43
NCT02414126,COMPLETED,0,2015-02-24,2015,development,HTT-P1-AACT-20260905,2026-09-05,20260905_export_ctgov.zip,ctgov.studies.overall_status,COMPLETED=0;TERMINATED|WITHDRAWN=1,ctgov.studies.study_first_submitted_date,step2_reconciliation/HeartTrialTwin_step2_cohort_reconciliation.csv,5a254575d8d5276d1176b53b38dad6600b46d6732441698e8e14668699d8ac43
NCT02415517,COMPLETED,0,2015-04-02,2015,development,HTT-P1-AACT-20260905,2026-09-05,20260905_export_ctgov.zip,ctgov.studies.overall_status,COMPLETED=0;TERMINATED|WITHDRAWN=1,ctgov.studies.study_first_submitted_date,step2_reconciliation/HeartTrialTwin_step2_cohort_reconciliation.csv,5a254575d8d5276d1176b53b38dad6600b46d6732441698e8e14668699d8ac43
NCT02421341,COMPLETED,0,2015-02-25,2015,development,HTT-P1-AACT-20260905,2026-09-05,20260905_export_ctgov.zip,ctgov.studies.overall_status,COMPLETED=0;TERMINATED|WITHDRAWN=1,ctgov.studies.study_first_submitted_date,step2_reconciliation/HeartTrialTwin_step2_cohort_reconciliation.csv,5a254575d8d5276d1176b53b38dad6600b46d6732441698e8e14668699d8ac43
NCT02421549,WITHDRAWN,1,2015-04-13,2015,development,HTT-P1-AACT-20260905,2026-09-05,20260905_export_ctgov.zip,ctgov.studies.overall_status,COMPLETED=0;TERMINATED|WITHDRAWN=1,ctgov.studies.study_first_submitted_date,step2_reconciliation/HeartTrialTwin_step2_cohort_reconciliation.csv,5a254575d8d5276d1176b53b38dad6600b46d6732441698e8e14668699d8ac43
NCT02425488,TERMINATED,1,2015-04-20,2015,development,HTT-P1-AACT-20260905,2026-09-05,20260905_export_ctgov.zip,ctgov.studies.overall_status,COMPLETED=0;TERMINATED|WITHDRAWN=1,ctgov.studies.study_first_submitted_date,step2_reconciliation/HeartTrialTwin_step2_cohort_reconciliation.csv,5a254575d8d5276d1176b53b38dad6600b46d6732441698e8e14668699d8ac43
NCT02429388,WITHDRAWN,1,2014-09-27,2014,development,HTT-P1-AACT-20260905,2026-09-05,20260905_export_ctgov.zip,ctgov.studies.overall_status,COMPLETED=0;TERMINATED|WITHDRAWN=1,ctgov.studies.study_first_submitted_date,step2_reconciliation/HeartTrialTwin_step2_cohort_reconciliation.csv,5a254575d8d5276d1176b53b38dad6600b46d6732441698e8e14668699d8ac43
NCT02429479,COMPLETED,0,2015-04-24,2015,development,HTT-P1-AACT-20260905,2026-09-05,20260905_export_ctgov.zip,ctgov.studies.overall_status,COMPLETED=0;TERMINATED|WITHDRAWN=1,ctgov.studies.study_first_submitted_date,step2_reconciliation/HeartTrialTwin_step2_cohort_reconciliation.csv,5a254575d8d5276d1176b53b38dad6600b46d6732441698e8e14668699d8ac43
NCT02429986,COMPLETED,0,2015-04-01,2015,development,HTT-P1-AACT-20260905,2026-09-05,20260905_export_ctgov.zip,ctgov.studies.overall_status,COMPLETED=0;TERMINATED|WITHDRAWN=1,ctgov.studies.study_first_submitted_date,step2_reconciliation/HeartTrialTwin_step2_cohort_reconciliation.csv,5a254575d8d5276d1176b53b38dad6600b46d6732441698e8e14668699d8ac43
NCT02430805,COMPLETED,0,2010-02-05,2010,development,HTT-P1-AACT-20260905,2026-09-05,20260905_export_ctgov.zip,ctgov.studies.overall_status,COMPLETED=0;TERMINATED|WITHDRAWN=1,ctgov.studies.study_first_submitted_date,step2_reconciliation/HeartTrialTwin_step2_cohort_reconciliation.csv,5a254575d8d5276d1176b53b38dad6600b46d6732441698e8e14668699d8ac43
NCT02435667,COMPLETED,0,2015-04-29,2015,development,HTT-P1-AACT-20260905,2026-09-05,20260905_export_ctgov.zip,ctgov.studies.overall_status,COMPLETED=0;TERMINATED|WITHDRAWN=1,ctgov.studies.study_first_submitted_date,step2_reconciliation/HeartTrialTwin_step2_cohort_reconciliation.csv,5a254575d8d5276d1176b53b38dad6600b46d6732441698e8e14668699d8ac43
NCT02436161,COMPLETED,0,2015-04-26,2015,development,HTT-P1-AACT-20260905,2026-09-05,20260905_export_ctgov.zip,ctgov.studies.overall_status,COMPLETED=0;TERMINATED|WITHDRAWN=1,ctgov.studies.study_first_submitted_date,step2_reconciliation/HeartTrialTwin_step2_cohort_reconciliation.csv,5a254575d8d5276d1176b53b38dad6600b46d6732441698e8e14668699d8ac43
NCT02438306,COMPLETED,0,2015-05-05,2015,development,HTT-P1-AACT-20260905,2026-09-05,20260905_export_ctgov.zip,ctgov.studies.overall_status,COMPLETED=0;TERMINATED|WITHDRAWN=1,ctgov.studies.study_first_submitted_date,step2_reconciliation/HeartTrialTwin_step2_cohort_reconciliation.csv,5a254575d8d5276d1176b53b38dad6600b46d6732441698e8e14668699d8ac43
NCT02441101,TERMINATED,1,2015-05-06,2015,development,HTT-P1-AACT-20260905,2026-09-05,20260905_export_ctgov.zip,ctgov.studies.overall_status,COMPLETED=0;TERMINATED|WITHDRAWN=1,ctgov.studies.study_first_submitted_date,step2_reconciliation/HeartTrialTwin_step2_cohort_reconciliation.csv,5a254575d8d5276d1176b53b38dad6600b46d6732441698e8e14668699d8ac43
NCT02441218,COMPLETED,0,2015-05-05,2015,development,HTT-P1-AACT-20260905,2026-09-05,20260905_export_ctgov.zip,ctgov.studies.overall_status,COMPLETED=0;TERMINATED|WITHDRAWN=1,ctgov.studies.study_first_submitted_date,step2_reconciliation/HeartTrialTwin_step2_cohort_reconciliation.csv,5a254575d8d5276d1176b53b38dad6600b46d6732441698e8e14668699d8ac43
NCT02446327,COMPLETED,0,2015-04-14,2015,development,HTT-P1-AACT-20260905,2026-09-05,20260905_export_ctgov.zip,ctgov.studies.overall_status,COMPLETED=0;TERMINATED|WITHDRAWN=1,ctgov.studies.study_first_submitted_date,step2_reconciliation/HeartTrialTwin_step2_cohort_reconciliation.csv,5a254575d8d5276d1176b53b38dad6600b46d6732441698e8e14668699d8ac43
NCT02448147,COMPLETED,0,2015-05-11,2015,development,HTT-P1-AACT-20260905,2026-09-05,20260905_export_ctgov.zip,ctgov.studies.overall_status,COMPLETED=0;TERMINATED|WITHDRAWN=1,ctgov.studies.study_first_submitted_date,step2_reconciliation/HeartTrialTwin_step2_cohort_reconciliation.csv,5a254575d8d5276d1176b53b38dad6600b46d6732441698e8e14668699d8ac43
NCT02448342,TERMINATED,1,2015-05-10,2015,development,HTT-P1-AACT-20260905,2026-09-05,20260905_export_ctgov.zip,ctgov.studies.overall_status,COMPLETED=0;TERMINATED|WITHDRAWN=1,ctgov.studies.study_first_submitted_date,step2_reconciliation/HeartTrialTwin_step2_cohort_reconciliation.csv,5a254575d8d5276d1176b53b38dad6600b46d6732441698e8e14668699d8ac43
NCT02450110,TERMINATED,1,2015-05-12,2015,development,HTT-P1-AACT-20260905,2026-09-05,20260905_export_ctgov.zip,ctgov.studies.overall_status,COMPLETED=0;TERMINATED|WITHDRAWN=1,ctgov.studies.study_first_submitted_date,step2_reconciliation/HeartTrialTwin_step2_cohort_reconciliation.csv,5a254575d8d5276d1176b53b38dad6600b46d6732441698e8e14668699d8ac43
NCT02452515,COMPLETED,0,2015-05-20,2015,development,HTT-P1-AACT-20260905,2026-09-05,20260905_export_ctgov.zip,ctgov.studies.overall_status,COMPLETED=0;TERMINATED|WITHDRAWN=1,ctgov.studies.study_first_submitted_date,step2_reconciliation/HeartTrialTwin_step2_cohort_reconciliation.csv,5a254575d8d5276d1176b53b38dad6600b46d6732441698e8e14668699d8ac43
NCT02454751,COMPLETED,0,2015-05-19,2015,development,HTT-P1-AACT-20260905,2026-09-05,20260905_export_ctgov.zip,ctgov.studies.overall_status,COMPLETED=0;TERMINATED|WITHDRAWN=1,ctgov.studies.study_first_submitted_date,step2_reconciliation/HeartTrialTwin_step2_cohort_reconciliation.csv,5a254575d8d5276d1176b53b38dad6600b46d6732441698e8e14668699d8ac43
NCT02457260,COMPLETED,0,2015-05-12,2015,development,HTT-P1-AACT-20260905,2026-09-05,20260905_export_ctgov.zip,ctgov.studies.overall_status,COMPLETED=0;TERMINATED|WITHDRAWN=1,ctgov.studies.study_first_submitted_date,step2_reconciliation/HeartTrialTwin_step2_cohort_reconciliation.csv,5a254575d8d5276d1176b53b38dad6600b46d6732441698e8e14668699d8ac43
NCT02459054,TERMINATED,1,2014-12-04,2014,development,HTT-P1-AACT-20260905,2026-09-05,20260905_export_ctgov.zip,ctgov.studies.overall_status,COMPLETED=0;TERMINATED|WITHDRAWN=1,ctgov.studies.study_first_submitted_date,step2_reconciliation/HeartTrialTwin_step2_cohort_reconciliation.csv,5a254575d8d5276d1176b53b38dad6600b46d6732441698e8e14668699d8ac43
NCT02459574,COMPLETED,0,2015-04-24,2015,development,HTT-P1-AACT-20260905,2026-09-05,20260905_export_ctgov.zip,ctgov.studies.overall_status,COMPLETED=0;TERMINATED|WITHDRAWN=1,ctgov.studies.study_first_submitted_date,step2_reconciliation/HeartTrialTwin_step2_cohort_reconciliation.csv,5a254575d8d5276d1176b53b38dad6600b46d6732441698e8e14668699d8ac43
NCT02463903,COMPLETED,0,2015-03-13,2015,development,HTT-P1-AACT-20260905,2026-09-05,20260905_export_ctgov.zip,ctgov.studies.overall_status,COMPLETED=0;TERMINATED|WITHDRAWN=1,ctgov.studies.study_first_submitted_date,step2_reconciliation/HeartTrialTwin_step2_cohort_reconciliation.csv,5a254575d8d5276d1176b53b38dad6600b46d6732441698e8e14668699d8ac43
NCT02466100,COMPLETED,0,2014-11-07,2014,development,HTT-P1-AACT-20260905,2026-09-05,20260905_export_ctgov.zip,ctgov.studies.overall_status,COMPLETED=0;TERMINATED|WITHDRAWN=1,ctgov.studies.study_first_submitted_date,step2_reconciliation/HeartTrialTwin_step2_cohort_reconciliation.csv,5a254575d8d5276d1176b53b38dad6600b46d6732441698e8e14668699d8ac43
NCT02467296,COMPLETED,0,2015-06-03,2015,development,HTT-P1-AACT-20260905,2026-09-05,20260905_export_ctgov.zip,ctgov.studies.overall_status,COMPLETED=0;TERMINATED|WITHDRAWN=1,ctgov.studies.study_first_submitted_date,step2_reconciliation/HeartTrialTwin_step2_cohort_reconciliation.csv,5a254575d8d5276d1176b53b38dad6600b46d6732441698e8e14668699d8ac43
NCT02467387,COMPLETED,0,2015-06-02,2015,development,HTT-P1-AACT-20260905,2026-09-05,20260905_export_ctgov.zip,ctgov.studies.overall_status,COMPLETED=0;TERMINATED|WITHDRAWN=1,ctgov.studies.study_first_submitted_date,step2_reconciliation/HeartTrialTwin_step2_cohort_reconciliation.csv,5a254575d8d5276d1176b53b38dad6600b46d6732441698e8e14668699d8ac43
NCT02468232,COMPLETED,0,2015-06-08,2015,development,HTT-P1-AACT-20260905,2026-09-05,20260905_export_ctgov.zip,ctgov.studies.overall_status,COMPLETED=0;TERMINATED|WITHDRAWN=1,ctgov.studies.study_first_submitted_date,step2_reconciliation/HeartTrialTwin_step2_cohort_reconciliation.csv,5a254575d8d5276d1176b53b38dad6600b46d6732441698e8e14668699d8ac43
NCT02471664,COMPLETED,0,2015-06-05,2015,development,HTT-P1-AACT-20260905,2026-09-05,20260905_export_ctgov.zip,ctgov.studies.overall_status,COMPLETED=0;TERMINATED|WITHDRAWN=1,ctgov.studies.study_first_submitted_date,step2_reconciliation/HeartTrialTwin_step2_cohort_reconciliation.csv,5a254575d8d5276d1176b53b38dad6600b46d6732441698e8e14668699d8ac43
NCT02475460,COMPLETED,0,2015-06-11,2015,development,HTT-P1-AACT-20260905,2026-09-05,20260905_export_ctgov.zip,ctgov.studies.overall_status,COMPLETED=0;TERMINATED|WITHDRAWN=1,ctgov.studies.study_first_submitted_date,step2_reconciliation/HeartTrialTwin_step2_cohort_reconciliation.csv,5a254575d8d5276d1176b53b38dad6600b46d6732441698e8e14668699d8ac43
NCT02476201,COMPLETED,0,2015-06-16,2015,development,HTT-P1-AACT-20260905,2026-09-05,20260905_export_ctgov.zip,ctgov.studies.overall_status,COMPLETED=0;TERMINATED|WITHDRAWN=1,ctgov.studies.study_first_submitted_date,step2_reconciliation/HeartTrialTwin_step2_cohort_reconciliation.csv,5a254575d8d5276d1176b53b38dad6600b46d6732441698e8e14668699d8ac43
NCT02476409,COMPLETED,0,2015-06-12,2015,development,HTT-P1-AACT-20260905,2026-09-05,20260905_export_ctgov.zip,ctgov.studies.overall_status,COMPLETED=0;TERMINATED|WITHDRAWN=1,ctgov.studies.study_first_submitted_date,step2_reconciliation/HeartTrialTwin_step2_cohort_reconciliation.csv,5a254575d8d5276d1176b53b38dad6600b46d6732441698e8e14668699d8ac43
NCT02481479,COMPLETED,0,2015-06-16,2015,development,HTT-P1-AACT-20260905,2026-09-05,20260905_export_ctgov.zip,ctgov.studies.overall_status,COMPLETED=0;TERMINATED|WITHDRAWN=1,ctgov.studies.study_first_submitted_date,step2_reconciliation/HeartTrialTwin_step2_cohort_reconciliation.csv,5a254575d8d5276d1176b53b38dad6600b46d6732441698e8e14668699d8ac43
NCT02481921,COMPLETED,0,2015-06-23,2015,development,HTT-P1-AACT-20260905,2026-09-05,20260905_export_ctgov.zip,ctgov.studies.overall_status,COMPLETED=0;TERMINATED|WITHDRAWN=1,ctgov.studies.study_first_submitted_date,step2_reconciliation/HeartTrialTwin_step2_cohort_reconciliation.csv,5a254575d8d5276d1176b53b38dad6600b46d6732441698e8e14668699d8ac43
NCT02488525,TERMINATED,1,2015-07-01,2015,development,HTT-P1-AACT-20260905,2026-09-05,20260905_export_ctgov.zip,ctgov.studies.overall_status,COMPLETED=0;TERMINATED|WITHDRAWN=1,ctgov.studies.study_first_submitted_date,step2_reconciliation/HeartTrialTwin_step2_cohort_reconciliation.csv,5a254575d8d5276d1176b53b38dad6600b46d6732441698e8e14668699d8ac43
NCT02497742,COMPLETED,0,2015-07-07,2015,development,HTT-P1-AACT-20260905,2026-09-05,20260905_export_ctgov.zip,ctgov.studies.overall_status,COMPLETED=0;TERMINATED|WITHDRAWN=1,ctgov.studies.study_first_submitted_date,step2_reconciliation/HeartTrialTwin_step2_cohort_reconciliation.csv,5a254575d8d5276d1176b53b38dad6600b46d6732441698e8e14668699d8ac43
NCT02497937,COMPLETED,0,2015-07-13,2015,development,HTT-P1-AACT-20260905,2026-09-05,20260905_export_ctgov.zip,ctgov.studies.overall_status,COMPLETED=0;TERMINATED|WITHDRAWN=1,ctgov.studies.study_first_submitted_date,step2_reconciliation/HeartTrialTwin_step2_cohort_reconciliation.csv,5a254575d8d5276d1176b53b38dad6600b46d6732441698e8e14668699d8ac43
NCT02501811,COMPLETED,0,2015-07-15,2015,development,HTT-P1-AACT-20260905,2026-09-05,20260905_export_ctgov.zip,ctgov.studies.overall_status,COMPLETED=0;TERMINATED|WITHDRAWN=1,ctgov.studies.study_first_submitted_date,step2_reconciliation/HeartTrialTwin_step2_cohort_reconciliation.csv,5a254575d8d5276d1176b53b38dad6600b46d6732441698e8e14668699d8ac43
NCT02502747,WITHDRAWN,1,2015-06-29,2015,development,HTT-P1-AACT-20260905,2026-09-05,20260905_export_ctgov.zip,ctgov.studies.overall_status,COMPLETED=0;TERMINATED|WITHDRAWN=1,ctgov.studies.study_first_submitted_date,step2_reconciliation/HeartTrialTwin_step2_cohort_reconciliation.csv,5a254575d8d5276d1176b53b38dad6600b46d6732441698e8e14668699d8ac43
NCT02505425,COMPLETED,0,2015-07-08,2015,development,HTT-P1-AACT-20260905,2026-09-05,20260905_export_ctgov.zip,ctgov.studies.overall_status,COMPLETED=0;TERMINATED|WITHDRAWN=1,ctgov.studies.study_first_submitted_date,step2_reconciliation/HeartTrialTwin_step2_cohort_reconciliation.csv,5a254575d8d5276d1176b53b38dad6600b46d6732441698e8e14668699d8ac43
NCT02505867,TERMINATED,1,2015-07-21,2015,development,HTT-P1-AACT-20260905,2026-09-05,20260905_export_ctgov.zip,ctgov.studies.overall_status,COMPLETED=0;TERMINATED|WITHDRAWN=1,ctgov.studies.study_first_submitted_date,step2_reconciliation/HeartTrialTwin_step2_cohort_reconciliation.csv,5a254575d8d5276d1176b53b38dad6600b46d6732441698e8e14668699d8ac43
NCT02506738,COMPLETED,0,2015-07-22,2015,development,HTT-P1-AACT-20260905,2026-09-05,20260905_export_ctgov.zip,ctgov.studies.overall_status,COMPLETED=0;TERMINATED|WITHDRAWN=1,ctgov.studies.study_first_submitted_date,step2_reconciliation/HeartTrialTwin_step2_cohort_reconciliation.csv,5a254575d8d5276d1176b53b38dad6600b46d6732441698e8e14668699d8ac43
NCT02510677,COMPLETED,0,2015-07-22,2015,development,HTT-P1-AACT-20260905,2026-09-05,20260905_export_ctgov.zip,ctgov.studies.overall_status,COMPLETED=0;TERMINATED|WITHDRAWN=1,ctgov.studies.study_first_submitted_date,step2_reconciliation/HeartTrialTwin_step2_cohort_reconciliation.csv,5a254575d8d5276d1176b53b38dad6600b46d6732441698e8e14668699d8ac43
NCT02511912,WITHDRAWN,1,2015-06-30,2015,development,HTT-P1-AACT-20260905,2026-09-05,20260905_export_ctgov.zip,ctgov.studies.overall_status,COMPLETED=0;TERMINATED|WITHDRAWN=1,ctgov.studies.study_first_submitted_date,step2_reconciliation/HeartTrialTwin_step2_cohort_reconciliation.csv,5a254575d8d5276d1176b53b38dad6600b46d6732441698e8e14668699d8ac43
NCT02515812,COMPLETED,0,2015-07-28,2015,development,HTT-P1-AACT-20260905,2026-09-05,20260905_export_ctgov.zip,ctgov.studies.overall_status,COMPLETED=0;TERMINATED|WITHDRAWN=1,ctgov.studies.study_first_submitted_date,step2_reconciliation/HeartTrialTwin_step2_cohort_reconciliation.csv,5a254575d8d5276d1176b53b38dad6600b46d6732441698e8e14668699d8ac43
NCT02518828,COMPLETED,0,2015-08-04,2015,development,HTT-P1-AACT-20260905,2026-09-05,20260905_export_ctgov.zip,ctgov.studies.overall_status,COMPLETED=0;TERMINATED|WITHDRAWN=1,ctgov.studies.study_first_submitted_date,step2_reconciliation/HeartTrialTwin_step2_cohort_reconciliation.csv,5a254575d8d5276d1176b53b38dad6600b46d6732441698e8e14668699d8ac43
NCT02519283,COMPLETED,0,2015-07-31,2015,development,HTT-P1-AACT-20260905,2026-09-05,20260905_export_ctgov.zip,ctgov.studies.overall_status,COMPLETED=0;TERMINATED|WITHDRAWN=1,ctgov.studies.study_first_submitted_date,step2_reconciliation/HeartTrialTwin_step2_cohort_reconciliation.csv,5a254575d8d5276d1176b53b38dad6600b46d6732441698e8e14668699d8ac43
NCT02522208,COMPLETED,0,2015-08-05,2015,development,HTT-P1-AACT-20260905,2026-09-05,20260905_export_ctgov.zip,ctgov.studies.overall_status,COMPLETED=0;TERMINATED|WITHDRAWN=1,ctgov.studies.study_first_submitted_date,step2_reconciliation/HeartTrialTwin_step2_cohort_reconciliation.csv,5a254575d8d5276d1176b53b38dad6600b46d6732441698e8e14668699d8ac43
NCT02523560,COMPLETED,0,2015-08-03,2015,development,HTT-P1-AACT-20260905,2026-09-05,20260905_export_ctgov.zip,ctgov.studies.overall_status,COMPLETED=0;TERMINATED|WITHDRAWN=1,ctgov.studies.study_first_submitted_date,step2_reconciliation/HeartTrialTwin_step2_cohort_reconciliation.csv,5a254575d8d5276d1176b53b38dad6600b46d6732441698e8e14668699d8ac43
NCT02524145,COMPLETED,0,2015-08-10,2015,development,HTT-P1-AACT-20260905,2026-09-05,20260905_export_ctgov.zip,ctgov.studies.overall_status,COMPLETED=0;TERMINATED|WITHDRAWN=1,ctgov.studies.study_first_submitted_date,step2_reconciliation/HeartTrialTwin_step2_cohort_reconciliation.csv,5a254575d8d5276d1176b53b38dad6600b46d6732441698e8e14668699d8ac43
NCT02524574,COMPLETED,0,2015-08-06,2015,development,HTT-P1-AACT-20260905,2026-09-05,20260905_export_ctgov.zip,ctgov.studies.overall_status,COMPLETED=0;TERMINATED|WITHDRAWN=1,ctgov.studies.study_first_submitted_date,step2_reconciliation/HeartTrialTwin_step2_cohort_reconciliation.csv,5a254575d8d5276d1176b53b38dad6600b46d6732441698e8e14668699d8ac43
NCT02533128,COMPLETED,0,2015-08-24,2015,development,HTT-P1-AACT-20260905,2026-09-05,20260905_export_ctgov.zip,ctgov.studies.overall_status,COMPLETED=0;TERMINATED|WITHDRAWN=1,ctgov.studies.study_first_submitted_date,step2_reconciliation/HeartTrialTwin_step2_cohort_reconciliation.csv,5a254575d8d5276d1176b53b38dad6600b46d6732441698e8e14668699d8ac43
NCT02537041,COMPLETED,0,2015-08-24,2015,development,HTT-P1-AACT-20260905,2026-09-05,20260905_export_ctgov.zip,ctgov.studies.overall_status,COMPLETED=0;TERMINATED|WITHDRAWN=1,ctgov.studies.study_first_submitted_date,step2_reconciliation/HeartTrialTwin_step2_cohort_reconciliation.csv,5a254575d8d5276d1176b53b38dad6600b46d6732441698e8e14668699d8ac43
NCT02543281,COMPLETED,0,2015-09-01,2015,development,HTT-P1-AACT-20260905,2026-09-05,20260905_export_ctgov.zip,ctgov.studies.overall_status,COMPLETED=0;TERMINATED|WITHDRAWN=1,ctgov.studies.study_first_submitted_date,step2_reconciliation/HeartTrialTwin_step2_cohort_reconciliation.csv,5a254575d8d5276d1176b53b38dad6600b46d6732441698e8e14668699d8ac43
NCT02543294,COMPLETED,0,2015-09-04,2015,development,HTT-P1-AACT-20260905,2026-09-05,20260905_export_ctgov.zip,ctgov.studies.overall_status,COMPLETED=0;TERMINATED|WITHDRAWN=1,ctgov.studies.study_first_submitted_date,step2_reconciliation/HeartTrialTwin_step2_cohort_reconciliation.csv,5a254575d8d5276d1176b53b38dad6600b46d6732441698e8e14668699d8ac43
NCT02546583,COMPLETED,0,2015-08-27,2015,development,HTT-P1-AACT-20260905,2026-09-05,20260905_export_ctgov.zip,ctgov.studies.overall_status,COMPLETED=0;TERMINATED|WITHDRAWN=1,ctgov.studies.study_first_submitted_date,step2_reconciliation/HeartTrialTwin_step2_cohort_reconciliation.csv,5a254575d8d5276d1176b53b38dad6600b46d6732441698e8e14668699d8ac43
NCT02546856,COMPLETED,0,2015-05-18,2015,development,HTT-P1-AACT-20260905,2026-09-05,20260905_export_ctgov.zip,ctgov.studies.overall_status,COMPLETED=0;TERMINATED|WITHDRAWN=1,ctgov.studies.study_first_submitted_date,step2_reconciliation/HeartTrialTwin_step2_cohort_reconciliation.csv,5a254575d8d5276d1176b53b38dad6600b46d6732441698e8e14668699d8ac43
NCT02547766,COMPLETED,0,2015-09-09,2015,development,HTT-P1-AACT-20260905,2026-09-05,20260905_export_ctgov.zip,ctgov.studies.overall_status,COMPLETED=0;TERMINATED|WITHDRAWN=1,ctgov.studies.study_first_submitted_date,step2_reconciliation/HeartTrialTwin_step2_cohort_reconciliation.csv,5a254575d8d5276d1176b53b38dad6600b46d6732441698e8e14668699d8ac43
NCT02548455,COMPLETED,0,2015-09-10,2015,development,HTT-P1-AACT-20260905,2026-09-05,20260905_export_ctgov.zip,ctgov.studies.overall_status,COMPLETED=0;TERMINATED|WITHDRAWN=1,ctgov.studies.study_first_submitted_date,step2_reconciliation/HeartTrialTwin_step2_cohort_reconciliation.csv,5a254575d8d5276d1176b53b38dad6600b46d6732441698e8e14668699d8ac43
NCT02553785,COMPLETED,0,2015-09-15,2015,development,HTT-P1-AACT-20260905,2026-09-05,20260905_export_ctgov.zip,ctgov.studies.overall_status,COMPLETED=0;TERMINATED|WITHDRAWN=1,ctgov.studies.study_first_submitted_date,step2_reconciliation/HeartTrialTwin_step2_cohort_reconciliation.csv,5a254575d8d5276d1176b53b38dad6600b46d6732441698e8e14668699d8ac43
NCT02554890,COMPLETED,0,2015-09-17,2015,development,HTT-P1-AACT-20260905,2026-09-05,20260905_export_ctgov.zip,ctgov.studies.overall_status,COMPLETED=0;TERMINATED|WITHDRAWN=1,ctgov.studies.study_first_submitted_date,step2_reconciliation/HeartTrialTwin_step2_cohort_reconciliation.csv,5a254575d8d5276d1176b53b38dad6600b46d6732441698e8e14668699d8ac43
NCT02556450,COMPLETED,0,2015-09-08,2015,development,HTT-P1-AACT-20260905,2026-09-05,20260905_export_ctgov.zip,ctgov.studies.overall_status,COMPLETED=0;TERMINATED|WITHDRAWN=1,ctgov.studies.study_first_submitted_date,step2_reconciliation/HeartTrialTwin_step2_cohort_reconciliation.csv,5a254575d8d5276d1176b53b38dad6600b46d6732441698e8e14668699d8ac43
NCT02566785,COMPLETED,0,2015-09-28,2015,development,HTT-P1-AACT-20260905,2026-09-05,20260905_export_ctgov.zip,ctgov.studies.overall_status,COMPLETED=0;TERMINATED|WITHDRAWN=1,ctgov.studies.study_first_submitted_date,step2_reconciliation/HeartTrialTwin_step2_cohort_reconciliation.csv,5a254575d8d5276d1176b53b38dad6600b46d6732441698e8e14668699d8ac43
NCT02568514,WITHDRAWN,1,2015-10-02,2015,development,HTT-P1-AACT-20260905,2026-09-05,20260905_export_ctgov.zip,ctgov.studies.overall_status,COMPLETED=0;TERMINATED|WITHDRAWN=1,ctgov.studies.study_first_submitted_date,step2_reconciliation/HeartTrialTwin_step2_cohort_reconciliation.csv,5a254575d8d5276d1176b53b38dad6600b46d6732441698e8e14668699d8ac43
NCT02571270,COMPLETED,0,2015-10-02,2015,development,HTT-P1-AACT-20260905,2026-09-05,20260905_export_ctgov.zip,ctgov.studies.overall_status,COMPLETED=0;TERMINATED|WITHDRAWN=1,ctgov.studies.study_first_submitted_date,step2_reconciliation/HeartTrialTwin_step2_cohort_reconciliation.csv,5a254575d8d5276d1176b53b38dad6600b46d6732441698e8e14668699d8ac43
NCT02579057,COMPLETED,0,2015-10-14,2015,development,HTT-P1-AACT-20260905,2026-09-05,20260905_export_ctgov.zip,ctgov.studies.overall_status,COMPLETED=0;TERMINATED|WITHDRAWN=1,ctgov.studies.study_first_submitted_date,step2_reconciliation/HeartTrialTwin_step2_cohort_reconciliation.csv,5a254575d8d5276d1176b53b38dad6600b46d6732441698e8e14668699d8ac43
NCT02579655,COMPLETED,0,2015-08-27,2015,development,HTT-P1-AACT-20260905,2026-09-05,20260905_export_ctgov.zip,ctgov.studies.overall_status,COMPLETED=0;TERMINATED|WITHDRAWN=1,ctgov.studies.study_first_submitted_date,step2_reconciliation/HeartTrialTwin_step2_cohort_reconciliation.csv,5a254575d8d5276d1176b53b38dad6600b46d6732441698e8e14668699d8ac43
NCT02585843,COMPLETED,0,2015-08-30,2015,development,HTT-P1-AACT-20260905,2026-09-05,20260905_export_ctgov.zip,ctgov.studies.overall_status,COMPLETED=0;TERMINATED|WITHDRAWN=1,ctgov.studies.study_first_submitted_date,step2_reconciliation/HeartTrialTwin_step2_cohort_reconciliation.csv,5a254575d8d5276d1176b53b38dad6600b46d6732441698e8e14668699d8ac43
NCT02589977,COMPLETED,0,2015-08-24,2015,development,HTT-P1-AACT-20260905,2026-09-05,20260905_export_ctgov.zip,ctgov.studies.overall_status,COMPLETED=0;TERMINATED|WITHDRAWN=1,ctgov.studies.study_first_submitted_date,step2_reconciliation/HeartTrialTwin_step2_cohort_reconciliation.csv,5a254575d8d5276d1176b53b38dad6600b46d6732441698e8e14668699d8ac43
NCT02592824,COMPLETED,0,2015-10-28,2015,development,HTT-P1-AACT-20260905,2026-09-05,20260905_export_ctgov.zip,ctgov.studies.overall_status,COMPLETED=0;TERMINATED|WITHDRAWN=1,ctgov.studies.study_first_submitted_date,step2_reconciliation/HeartTrialTwin_step2_cohort_reconciliation.csv,5a254575d8d5276d1176b53b38dad6600b46d6732441698e8e14668699d8ac43
NCT02594007,COMPLETED,0,2015-10-29,2015,development,HTT-P1-AACT-20260905,2026-09-05,20260905_export_ctgov.zip,ctgov.studies.overall_status,COMPLETED=0;TERMINATED|WITHDRAWN=1,ctgov.studies.study_first_submitted_date,step2_reconciliation/HeartTrialTwin_step2_cohort_reconciliation.csv,5a254575d8d5276d1176b53b38dad6600b46d6732441698e8e14668699d8ac43
NCT02596087,COMPLETED,0,2015-10-19,2015,development,HTT-P1-AACT-20260905,2026-09-05,20260905_export_ctgov.zip,ctgov.studies.overall_status,COMPLETED=0;TERMINATED|WITHDRAWN=1,ctgov.studies.study_first_submitted_date,step2_reconciliation/HeartTrialTwin_step2_cohort_reconciliation.csv,5a254575d8d5276d1176b53b38dad6600b46d6732441698e8e14668699d8ac43
NCT02596477,TERMINATED,1,2015-10-30,2015,development,HTT-P1-AACT-20260905,2026-09-05,20260905_export_ctgov.zip,ctgov.studies.overall_status,COMPLETED=0;TERMINATED|WITHDRAWN=1,ctgov.studies.study_first_submitted_date,step2_reconciliation/HeartTrialTwin_step2_cohort_reconciliation.csv,5a254575d8d5276d1176b53b38dad6600b46d6732441698e8e14668699d8ac43
NCT02598505,COMPLETED,0,2015-10-22,2015,development,HTT-P1-AACT-20260905,2026-09-05,20260905_export_ctgov.zip,ctgov.studies.overall_status,COMPLETED=0;TERMINATED|WITHDRAWN=1,ctgov.studies.study_first_submitted_date,step2_reconciliation/HeartTrialTwin_step2_cohort_reconciliation.csv,5a254575d8d5276d1176b53b38dad6600b46d6732441698e8e14668699d8ac43
NCT02599857,WITHDRAWN,1,2015-11-05,2015,development,HTT-P1-AACT-20260905,2026-09-05,20260905_export_ctgov.zip,ctgov.studies.overall_status,COMPLETED=0;TERMINATED|WITHDRAWN=1,ctgov.studies.study_first_submitted_date,step2_reconciliation/HeartTrialTwin_step2_cohort_reconciliation.csv,5a254575d8d5276d1176b53b38dad6600b46d6732441698e8e14668699d8ac43
NCT02599935,COMPLETED,0,2015-10-28,2015,development,HTT-P1-AACT-20260905,2026-09-05,20260905_export_ctgov.zip,ctgov.studies.overall_status,COMPLETED=0;TERMINATED|WITHDRAWN=1,ctgov.studies.study_first_submitted_date,step2_reconciliation/HeartTrialTwin_step2_cohort_reconciliation.csv,5a254575d8d5276d1176b53b38dad6600b46d6732441698e8e14668699d8ac43
NCT02603614,COMPLETED,0,2015-11-05,2015,development,HTT-P1-AACT-20260905,2026-09-05,20260905_export_ctgov.zip,ctgov.studies.overall_status,COMPLETED=0;TERMINATED|WITHDRAWN=1,ctgov.studies.study_first_submitted_date,step2_reconciliation/HeartTrialTwin_step2_cohort_reconciliation.csv,5a254575d8d5276d1176b53b38dad6600b46d6732441698e8e14668699d8ac43
NCT02606253,COMPLETED,0,2015-11-11,2015,development,HTT-P1-AACT-20260905,2026-09-05,20260905_export_ctgov.zip,ctgov.studies.overall_status,COMPLETED=0;TERMINATED|WITHDRAWN=1,ctgov.studies.study_first_submitted_date,step2_reconciliation/HeartTrialTwin_step2_cohort_reconciliation.csv,5a254575d8d5276d1176b53b38dad6600b46d6732441698e8e14668699d8ac43
NCT02612688,COMPLETED,0,2015-11-19,2015,development,HTT-P1-AACT-20260905,2026-09-05,20260905_export_ctgov.zip,ctgov.studies.overall_status,COMPLETED=0;TERMINATED|WITHDRAWN=1,ctgov.studies.study_first_submitted_date,step2_reconciliation/HeartTrialTwin_step2_cohort_reconciliation.csv,5a254575d8d5276d1176b53b38dad6600b46d6732441698e8e14668699d8ac43
NCT02614001,COMPLETED,0,2015-11-23,2015,development,HTT-P1-AACT-20260905,2026-09-05,20260905_export_ctgov.zip,ctgov.studies.overall_status,COMPLETED=0;TERMINATED|WITHDRAWN=1,ctgov.studies.study_first_submitted_date,step2_reconciliation/HeartTrialTwin_step2_cohort_reconciliation.csv,5a254575d8d5276d1176b53b38dad6600b46d6732441698e8e14668699d8ac43
NCT02617446,COMPLETED,0,2015-07-09,2015,development,HTT-P1-AACT-20260905,2026-09-05,20260905_export_ctgov.zip,ctgov.studies.overall_status,COMPLETED=0;TERMINATED|WITHDRAWN=1,ctgov.studies.study_first_submitted_date,step2_reconciliation/HeartTrialTwin_step2_cohort_reconciliation.csv,5a254575d8d5276d1176b53b38dad6600b46d6732441698e8e14668699d8ac43
NCT02620384,TERMINATED,1,2015-12-01,2015,development,HTT-P1-AACT-20260905,2026-09-05,20260905_export_ctgov.zip,ctgov.studies.overall_status,COMPLETED=0;TERMINATED|WITHDRAWN=1,ctgov.studies.study_first_submitted_date,step2_reconciliation/HeartTrialTwin_step2_cohort_reconciliation.csv,5a254575d8d5276d1176b53b38dad6600b46d6732441698e8e14668699d8ac43
NCT02622412,COMPLETED,0,2015-10-31,2015,development,HTT-P1-AACT-20260905,2026-09-05,20260905_export_ctgov.zip,ctgov.studies.overall_status,COMPLETED=0;TERMINATED|WITHDRAWN=1,ctgov.studies.study_first_submitted_date,step2_reconciliation/HeartTrialTwin_step2_cohort_reconciliation.csv,5a254575d8d5276d1176b53b38dad6600b46d6732441698e8e14668699d8ac43
NCT02624739,TERMINATED,1,2015-11-20,2015,development,HTT-P1-AACT-20260905,2026-09-05,20260905_export_ctgov.zip,ctgov.studies.overall_status,COMPLETED=0;TERMINATED|WITHDRAWN=1,ctgov.studies.study_first_submitted_date,step2_reconciliation/HeartTrialTwin_step2_cohort_reconciliation.csv,5a254575d8d5276d1176b53b38dad6600b46d6732441698e8e14668699d8ac43
NCT02624960,WITHDRAWN,1,2015-12-01,2015,development,HTT-P1-AACT-20260905,2026-09-05,20260905_export_ctgov.zip,ctgov.studies.overall_status,COMPLETED=0;TERMINATED|WITHDRAWN=1,ctgov.studies.study_first_submitted_date,step2_reconciliation/HeartTrialTwin_step2_cohort_reconciliation.csv,5a254575d8d5276d1176b53b38dad6600b46d6732441698e8e14668699d8ac43
NCT02625922,TERMINATED,1,2015-12-03,2015,development,HTT-P1-AACT-20260905,2026-09-05,20260905_export_ctgov.zip,ctgov.studies.overall_status,COMPLETED=0;TERMINATED|WITHDRAWN=1,ctgov.studies.study_first_submitted_date,step2_reconciliation/HeartTrialTwin_step2_cohort_reconciliation.csv,5a254575d8d5276d1176b53b38dad6600b46d6732441698e8e14668699d8ac43
NCT02627196,COMPLETED,0,2015-12-07,2015,development,HTT-P1-AACT-20260905,2026-09-05,20260905_export_ctgov.zip,ctgov.studies.overall_status,COMPLETED=0;TERMINATED|WITHDRAWN=1,ctgov.studies.study_first_submitted_date,step2_reconciliation/HeartTrialTwin_step2_cohort_reconciliation.csv,5a254575d8d5276d1176b53b38dad6600b46d6732441698e8e14668699d8ac43
NCT02633644,TERMINATED,1,2015-12-15,2015,development,HTT-P1-AACT-20260905,2026-09-05,20260905_export_ctgov.zip,ctgov.studies.overall_status,COMPLETED=0;TERMINATED|WITHDRAWN=1,ctgov.studies.study_first_submitted_date,step2_reconciliation/HeartTrialTwin_step2_cohort_reconciliation.csv,5a254575d8d5276d1176b53b38dad6600b46d6732441698e8e14668699d8ac43
NCT02636439,COMPLETED,0,2015-12-09,2015,development,HTT-P1-AACT-20260905,2026-09-05,20260905_export_ctgov.zip,ctgov.studies.overall_status,COMPLETED=0;TERMINATED|WITHDRAWN=1,ctgov.studies.study_first_submitted_date,step2_reconciliation/HeartTrialTwin_step2_cohort_reconciliation.csv,5a254575d8d5276d1176b53b38dad6600b46d6732441698e8e14668699d8ac43
NCT02638324,TERMINATED,1,2015-05-20,2015,development,HTT-P1-AACT-20260905,2026-09-05,20260905_export_ctgov.zip,ctgov.studies.overall_status,COMPLETED=0;TERMINATED|WITHDRAWN=1,ctgov.studies.study_first_submitted_date,step2_reconciliation/HeartTrialTwin_step2_cohort_reconciliation.csv,5a254575d8d5276d1176b53b38dad6600b46d6732441698e8e14668699d8ac43
NCT02638961,COMPLETED,0,2015-12-01,2015,development,HTT-P1-AACT-20260905,2026-09-05,20260905_export_ctgov.zip,ctgov.studies.overall_status,COMPLETED=0;TERMINATED|WITHDRAWN=1,ctgov.studies.study_first_submitted_date,step2_reconciliation/HeartTrialTwin_step2_cohort_reconciliation.csv,5a254575d8d5276d1176b53b38dad6600b46d6732441698e8e14668699d8ac43
NCT02642562,COMPLETED,0,2015-12-24,2015,development,HTT-P1-AACT-20260905,2026-09-05,20260905_export_ctgov.zip,ctgov.studies.overall_status,COMPLETED=0;TERMINATED|WITHDRAWN=1,ctgov.studies.study_first_submitted_date,step2_reconciliation/HeartTrialTwin_step2_cohort_reconciliation.csv,5a254575d8d5276d1176b53b38dad6600b46d6732441698e8e14668699d8ac43
NCT02643147,COMPLETED,0,2015-12-14,2015,development,HTT-P1-AACT-20260905,2026-09-05,20260905_export_ctgov.zip,ctgov.studies.overall_status,COMPLETED=0;TERMINATED|WITHDRAWN=1,ctgov.studies.study_first_submitted_date,step2_reconciliation/HeartTrialTwin_step2_cohort_reconciliation.csv,5a254575d8d5276d1176b53b38dad6600b46d6732441698e8e14668699d8ac43
NCT02644057,WITHDRAWN,1,2015-10-29,2015,development,HTT-P1-AACT-20260905,2026-09-05,20260905_export_ctgov.zip,ctgov.studies.overall_status,COMPLETED=0;TERMINATED|WITHDRAWN=1,ctgov.studies.study_first_submitted_date,step2_reconciliation/HeartTrialTwin_step2_cohort_reconciliation.csv,5a254575d8d5276d1176b53b38dad6600b46d6732441698e8e14668699d8ac43
NCT02644616,COMPLETED,0,2015-12-29,2015,development,HTT-P1-AACT-20260905,2026-09-05,20260905_export_ctgov.zip,ctgov.studies.overall_status,COMPLETED=0;TERMINATED|WITHDRAWN=1,ctgov.studies.study_first_submitted_date,step2_reconciliation/HeartTrialTwin_step2_cohort_reconciliation.csv,5a254575d8d5276d1176b53b38dad6600b46d6732441698e8e14668699d8ac43
NCT02646540,COMPLETED,0,2016-01-04,2016,development,HTT-P1-AACT-20260905,2026-09-05,20260905_export_ctgov.zip,ctgov.studies.overall_status,COMPLETED=0;TERMINATED|WITHDRAWN=1,ctgov.studies.study_first_submitted_date,step2_reconciliation/HeartTrialTwin_step2_cohort_reconciliation.csv,5a254575d8d5276d1176b53b38dad6600b46d6732441698e8e14668699d8ac43
NCT02649998,WITHDRAWN,1,2016-01-04,2016,development,HTT-P1-AACT-20260905,2026-09-05,20260905_export_ctgov.zip,ctgov.studies.overall_status,COMPLETED=0;TERMINATED|WITHDRAWN=1,ctgov.studies.study_first_submitted_date,step2_reconciliation/HeartTrialTwin_step2_cohort_reconciliation.csv,5a254575d8d5276d1176b53b38dad6600b46d6732441698e8e14668699d8ac43
NCT02650232,COMPLETED,0,2015-12-21,2015,development,HTT-P1-AACT-20260905,2026-09-05,20260905_export_ctgov.zip,ctgov.studies.overall_status,COMPLETED=0;TERMINATED|WITHDRAWN=1,ctgov.studies.study_first_submitted_date,step2_reconciliation/HeartTrialTwin_step2_cohort_reconciliation.csv,5a254575d8d5276d1176b53b38dad6600b46d6732441698e8e14668699d8ac43
NCT02652676,TERMINATED,1,2016-01-08,2016,development,HTT-P1-AACT-20260905,2026-09-05,20260905_export_ctgov.zip,ctgov.studies.overall_status,COMPLETED=0;TERMINATED|WITHDRAWN=1,ctgov.studies.study_first_submitted_date,step2_reconciliation/HeartTrialTwin_step2_cohort_reconciliation.csv,5a254575d8d5276d1176b53b38dad6600b46d6732441698e8e14668699d8ac43
NCT02653482,COMPLETED,0,2016-01-04,2016,development,HTT-P1-AACT-20260905,2026-09-05,20260905_export_ctgov.zip,ctgov.studies.overall_status,COMPLETED=0;TERMINATED|WITHDRAWN=1,ctgov.studies.study_first_submitted_date,step2_reconciliation/HeartTrialTwin_step2_cohort_reconciliation.csv,5a254575d8d5276d1176b53b38dad6600b46d6732441698e8e14668699d8ac43
NCT02656329,TERMINATED,1,2016-01-07,2016,development,HTT-P1-AACT-20260905,2026-09-05,20260905_export_ctgov.zip,ctgov.studies.overall_status,COMPLETED=0;TERMINATED|WITHDRAWN=1,ctgov.studies.study_first_submitted_date,step2_reconciliation/HeartTrialTwin_step2_cohort_reconciliation.csv,5a254575d8d5276d1176b53b38dad6600b46d6732441698e8e14668699d8ac43
NCT02658136,COMPLETED,0,2016-01-12,2016,development,HTT-P1-AACT-20260905,2026-09-05,20260905_export_ctgov.zip,ctgov.studies.overall_status,COMPLETED=0;TERMINATED|WITHDRAWN=1,ctgov.studies.study_first_submitted_date,step2_reconciliation/HeartTrialTwin_step2_cohort_reconciliation.csv,5a254575d8d5276d1176b53b38dad6600b46d6732441698e8e14668699d8ac43
NCT02659202,TERMINATED,1,2016-01-11,2016,development,HTT-P1-AACT-20260905,2026-09-05,20260905_export_ctgov.zip,ctgov.studies.overall_status,COMPLETED=0;TERMINATED|WITHDRAWN=1,ctgov.studies.study_first_submitted_date,step2_reconciliation/HeartTrialTwin_step2_cohort_reconciliation.csv,5a254575d8d5276d1176b53b38dad6600b46d6732441698e8e14668699d8ac43
NCT02660385,COMPLETED,0,2016-01-14,2016,development,HTT-P1-AACT-20260905,2026-09-05,20260905_export_ctgov.zip,ctgov.studies.overall_status,COMPLETED=0;TERMINATED|WITHDRAWN=1,ctgov.studies.study_first_submitted_date,step2_reconciliation/HeartTrialTwin_step2_cohort_reconciliation.csv,5a254575d8d5276d1176b53b38dad6600b46d6732441698e8e14668699d8ac43
NCT02661217,COMPLETED,0,2016-01-19,2016,development,HTT-P1-AACT-20260905,2026-09-05,20260905_export_ctgov.zip,ctgov.studies.overall_status,COMPLETED=0;TERMINATED|WITHDRAWN=1,ctgov.studies.study_first_submitted_date,step2_reconciliation/HeartTrialTwin_step2_cohort_reconciliation.csv,5a254575d8d5276d1176b53b38dad6600b46d6732441698e8e14668699d8ac43
NCT02668250,COMPLETED,0,2016-01-22,2016,development,HTT-P1-AACT-20260905,2026-09-05,20260905_export_ctgov.zip,ctgov.studies.overall_status,COMPLETED=0;TERMINATED|WITHDRAWN=1,ctgov.studies.study_first_submitted_date,step2_reconciliation/HeartTrialTwin_step2_cohort_reconciliation.csv,5a254575d8d5276d1176b53b38dad6600b46d6732441698e8e14668699d8ac43
NCT02668419,COMPLETED,0,2016-01-19,2016,development,HTT-P1-AACT-20260905,2026-09-05,20260905_export_ctgov.zip,ctgov.studies.overall_status,COMPLETED=0;TERMINATED|WITHDRAWN=1,ctgov.studies.study_first_submitted_date,step2_reconciliation/HeartTrialTwin_step2_cohort_reconciliation.csv,5a254575d8d5276d1176b53b38dad6600b46d6732441698e8e14668699d8ac43
NCT02669134,WITHDRAWN,1,2015-12-17,2015,development,HTT-P1-AACT-20260905,2026-09-05,20260905_export_ctgov.zip,ctgov.studies.overall_status,COMPLETED=0;TERMINATED|WITHDRAWN=1,ctgov.studies.study_first_submitted_date,step2_reconciliation/HeartTrialTwin_step2_cohort_reconciliation.csv,5a254575d8d5276d1176b53b38dad6600b46d6732441698e8e14668699d8ac43
NCT02669290,TERMINATED,1,2016-01-13,2016,development,HTT-P1-AACT-20260905,2026-09-05,20260905_export_ctgov.zip,ctgov.studies.overall_status,COMPLETED=0;TERMINATED|WITHDRAWN=1,ctgov.studies.study_first_submitted_date,step2_reconciliation/HeartTrialTwin_step2_cohort_reconciliation.csv,5a254575d8d5276d1176b53b38dad6600b46d6732441698e8e14668699d8ac43
NCT02669407,COMPLETED,0,2016-01-22,2016,development,HTT-P1-AACT-20260905,2026-09-05,20260905_export_ctgov.zip,ctgov.studies.overall_status,COMPLETED=0;TERMINATED|WITHDRAWN=1,ctgov.studies.study_first_submitted_date,step2_reconciliation/HeartTrialTwin_step2_cohort_reconciliation.csv,5a254575d8d5276d1176b53b38dad6600b46d6732441698e8e14668699d8ac43
NCT02671903,COMPLETED,0,2016-01-26,2016,development,HTT-P1-AACT-20260905,2026-09-05,20260905_export_ctgov.zip,ctgov.studies.overall_status,COMPLETED=0;TERMINATED|WITHDRAWN=1,ctgov.studies.study_first_submitted_date,step2_reconciliation/HeartTrialTwin_step2_cohort_reconciliation.csv,5a254575d8d5276d1176b53b38dad6600b46d6732441698e8e14668699d8ac43
NCT02672163,COMPLETED,0,2015-12-28,2015,development,HTT-P1-AACT-20260905,2026-09-05,20260905_export_ctgov.zip,ctgov.studies.overall_status,COMPLETED=0;TERMINATED|WITHDRAWN=1,ctgov.studies.study_first_submitted_date,step2_reconciliation/HeartTrialTwin_step2_cohort_reconciliation.csv,5a254575d8d5276d1176b53b38dad6600b46d6732441698e8e14668699d8ac43
NCT02673164,COMPLETED,0,2016-02-01,2016,development,HTT-P1-AACT-20260905,2026-09-05,20260905_export_ctgov.zip,ctgov.studies.overall_status,COMPLETED=0;TERMINATED|WITHDRAWN=1,ctgov.studies.study_first_submitted_date,step2_reconciliation/HeartTrialTwin_step2_cohort_reconciliation.csv,5a254575d8d5276d1176b53b38dad6600b46d6732441698e8e14668699d8ac43
NCT02673892,TERMINATED,1,2016-02-01,2016,development,HTT-P1-AACT-20260905,2026-09-05,20260905_export_ctgov.zip,ctgov.studies.overall_status,COMPLETED=0;TERMINATED|WITHDRAWN=1,ctgov.studies.study_first_submitted_date,step2_reconciliation/HeartTrialTwin_step2_cohort_reconciliation.csv,5a254575d8d5276d1176b53b38dad6600b46d6732441698e8e14668699d8ac43
NCT02674438,COMPLETED,0,2016-01-29,2016,development,HTT-P1-AACT-20260905,2026-09-05,20260905_export_ctgov.zip,ctgov.studies.overall_status,COMPLETED=0;TERMINATED|WITHDRAWN=1,ctgov.studies.study_first_submitted_date,step2_reconciliation/HeartTrialTwin_step2_cohort_reconciliation.csv,5a254575d8d5276d1176b53b38dad6600b46d6732441698e8e14668699d8ac43
NCT02678312,COMPLETED,0,2016-02-04,2016,development,HTT-P1-AACT-20260905,2026-09-05,20260905_export_ctgov.zip,ctgov.studies.overall_status,COMPLETED=0;TERMINATED|WITHDRAWN=1,ctgov.studies.study_first_submitted_date,step2_reconciliation/HeartTrialTwin_step2_cohort_reconciliation.csv,5a254575d8d5276d1176b53b38dad6600b46d6732441698e8e14668699d8ac43
NCT02679599,COMPLETED,0,2016-02-02,2016,development,HTT-P1-AACT-20260905,2026-09-05,20260905_export_ctgov.zip,ctgov.studies.overall_status,COMPLETED=0;TERMINATED|WITHDRAWN=1,ctgov.studies.study_first_submitted_date,step2_reconciliation/HeartTrialTwin_step2_cohort_reconciliation.csv,5a254575d8d5276d1176b53b38dad6600b46d6732441698e8e14668699d8ac43
NCT02679690,COMPLETED,0,2016-02-05,2016,development,HTT-P1-AACT-20260905,2026-09-05,20260905_export_ctgov.zip,ctgov.studies.overall_status,COMPLETED=0;TERMINATED|WITHDRAWN=1,ctgov.studies.study_first_submitted_date,step2_reconciliation/HeartTrialTwin_step2_cohort_reconciliation.csv,5a254575d8d5276d1176b53b38dad6600b46d6732441698e8e14668699d8ac43
NCT02682251,COMPLETED,0,2016-01-27,2016,development,HTT-P1-AACT-20260905,2026-09-05,20260905_export_ctgov.zip,ctgov.studies.overall_status,COMPLETED=0;TERMINATED|WITHDRAWN=1,ctgov.studies.study_first_submitted_date,step2_reconciliation/HeartTrialTwin_step2_cohort_reconciliation.csv,5a254575d8d5276d1176b53b38dad6600b46d6732441698e8e14668699d8ac43
NCT02686749,TERMINATED,1,2016-02-05,2016,development,HTT-P1-AACT-20260905,2026-09-05,20260905_export_ctgov.zip,ctgov.studies.overall_status,COMPLETED=0;TERMINATED|WITHDRAWN=1,ctgov.studies.study_first_submitted_date,step2_reconciliation/HeartTrialTwin_step2_cohort_reconciliation.csv,5a254575d8d5276d1176b53b38dad6600b46d6732441698e8e14668699d8ac43
NCT02689635,TERMINATED,1,2016-02-05,2016,development,HTT-P1-AACT-20260905,2026-09-05,20260905_export_ctgov.zip,ctgov.studies.overall_status,COMPLETED=0;TERMINATED|WITHDRAWN=1,ctgov.studies.study_first_submitted_date,step2_reconciliation/HeartTrialTwin_step2_cohort_reconciliation.csv,5a254575d8d5276d1176b53b38dad6600b46d6732441698e8e14668699d8ac43
NCT02689687,COMPLETED,0,2016-01-28,2016,development,HTT-P1-AACT-20260905,2026-09-05,20260905_export_ctgov.zip,ctgov.studies.overall_status,COMPLETED=0;TERMINATED|WITHDRAWN=1,ctgov.studies.study_first_submitted_date,step2_reconciliation/HeartTrialTwin_step2_cohort_reconciliation.csv,5a254575d8d5276d1176b53b38dad6600b46d6732441698e8e14668699d8ac43
NCT02690974,COMPLETED,0,2016-02-15,2016,development,HTT-P1-AACT-20260905,2026-09-05,20260905_export_ctgov.zip,ctgov.studies.overall_status,COMPLETED=0;TERMINATED|WITHDRAWN=1,ctgov.studies.study_first_submitted_date,step2_reconciliation/HeartTrialTwin_step2_cohort_reconciliation.csv,5a254575d8d5276d1176b53b38dad6600b46d6732441698e8e14668699d8ac43
NCT02692690,COMPLETED,0,2016-01-28,2016,development,HTT-P1-AACT-20260905,2026-09-05,20260905_export_ctgov.zip,ctgov.studies.overall_status,COMPLETED=0;TERMINATED|WITHDRAWN=1,ctgov.studies.study_first_submitted_date,step2_reconciliation/HeartTrialTwin_step2_cohort_reconciliation.csv,5a254575d8d5276d1176b53b38dad6600b46d6732441698e8e14668699d8ac43
NCT02693262,COMPLETED,0,2015-12-24,2015,development,HTT-P1-AACT-20260905,2026-09-05,20260905_export_ctgov.zip,ctgov.studies.overall_status,COMPLETED=0;TERMINATED|WITHDRAWN=1,ctgov.studies.study_first_submitted_date,step2_reconciliation/HeartTrialTwin_step2_cohort_reconciliation.csv,5a254575d8d5276d1176b53b38dad6600b46d6732441698e8e14668699d8ac43
NCT02693691,COMPLETED,0,2016-02-20,2016,development,HTT-P1-AACT-20260905,2026-09-05,20260905_export_ctgov.zip,ctgov.studies.overall_status,COMPLETED=0;TERMINATED|WITHDRAWN=1,ctgov.studies.study_first_submitted_date,step2_reconciliation/HeartTrialTwin_step2_cohort_reconciliation.csv,5a254575d8d5276d1176b53b38dad6600b46d6732441698e8e14668699d8ac43
NCT02695420,COMPLETED,0,2016-02-25,2016,development,HTT-P1-AACT-20260905,2026-09-05,20260905_export_ctgov.zip,ctgov.studies.overall_status,COMPLETED=0;TERMINATED|WITHDRAWN=1,ctgov.studies.study_first_submitted_date,step2_reconciliation/HeartTrialTwin_step2_cohort_reconciliation.csv,5a254575d8d5276d1176b53b38dad6600b46d6732441698e8e14668699d8ac43
NCT02696486,COMPLETED,0,2016-02-22,2016,development,HTT-P1-AACT-20260905,2026-09-05,20260905_export_ctgov.zip,ctgov.studies.overall_status,COMPLETED=0;TERMINATED|WITHDRAWN=1,ctgov.studies.study_first_submitted_date,step2_reconciliation/HeartTrialTwin_step2_cohort_reconciliation.csv,5a254575d8d5276d1176b53b38dad6600b46d6732441698e8e14668699d8ac43
NCT02696967,COMPLETED,0,2016-02-26,2016,development,HTT-P1-AACT-20260905,2026-09-05,20260905_export_ctgov.zip,ctgov.studies.overall_status,COMPLETED=0;TERMINATED|WITHDRAWN=1,ctgov.studies.study_first_submitted_date,step2_reconciliation/HeartTrialTwin_step2_cohort_reconciliation.csv,5a254575d8d5276d1176b53b38dad6600b46d6732441698e8e14668699d8ac43
NCT02698241,TERMINATED,1,2016-02-29,2016,development,HTT-P1-AACT-20260905,2026-09-05,20260905_export_ctgov.zip,ctgov.studies.overall_status,COMPLETED=0;TERMINATED|WITHDRAWN=1,ctgov.studies.study_first_submitted_date,step2_reconciliation/HeartTrialTwin_step2_cohort_reconciliation.csv,5a254575d8d5276d1176b53b38dad6600b46d6732441698e8e14668699d8ac43
NCT02699944,COMPLETED,0,2016-02-24,2016,development,HTT-P1-AACT-20260905,2026-09-05,20260905_export_ctgov.zip,ctgov.studies.overall_status,COMPLETED=0;TERMINATED|WITHDRAWN=1,ctgov.studies.study_first_submitted_date,step2_reconciliation/HeartTrialTwin_step2_cohort_reconciliation.csv,5a254575d8d5276d1176b53b38dad6600b46d6732441698e8e14668699d8ac43
NCT02700191,WITHDRAWN,1,2016-03-02,2016,development,HTT-P1-AACT-20260905,2026-09-05,20260905_export_ctgov.zip,ctgov.studies.overall_status,COMPLETED=0;TERMINATED|WITHDRAWN=1,ctgov.studies.study_first_submitted_date,step2_reconciliation/HeartTrialTwin_step2_cohort_reconciliation.csv,5a254575d8d5276d1176b53b38dad6600b46d6732441698e8e14668699d8ac43
NCT02700425,COMPLETED,0,2016-01-29,2016,development,HTT-P1-AACT-20260905,2026-09-05,20260905_export_ctgov.zip,ctgov.studies.overall_status,COMPLETED=0;TERMINATED|WITHDRAWN=1,ctgov.studies.study_first_submitted_date,step2_reconciliation/HeartTrialTwin_step2_cohort_reconciliation.csv,5a254575d8d5276d1176b53b38dad6600b46d6732441698e8e14668699d8ac43
NCT02708407,TERMINATED,1,2016-01-18,2016,development,HTT-P1-AACT-20260905,2026-09-05,20260905_export_ctgov.zip,ctgov.studies.overall_status,COMPLETED=0;TERMINATED|WITHDRAWN=1,ctgov.studies.study_first_submitted_date,step2_reconciliation/HeartTrialTwin_step2_cohort_reconciliation.csv,5a254575d8d5276d1176b53b38dad6600b46d6732441698e8e14668699d8ac43
NCT02708654,COMPLETED,0,2016-03-10,2016,development,HTT-P1-AACT-20260905,2026-09-05,20260905_export_ctgov.zip,ctgov.studies.overall_status,COMPLETED=0;TERMINATED|WITHDRAWN=1,ctgov.studies.study_first_submitted_date,step2_reconciliation/HeartTrialTwin_step2_cohort_reconciliation.csv,5a254575d8d5276d1176b53b38dad6600b46d6732441698e8e14668699d8ac43
NCT02708771,COMPLETED,0,2016-03-06,2016,development,HTT-P1-AACT-20260905,2026-09-05,20260905_export_ctgov.zip,ctgov.studies.overall_status,COMPLETED=0;TERMINATED|WITHDRAWN=1,ctgov.studies.study_first_submitted_date,step2_reconciliation/HeartTrialTwin_step2_cohort_reconciliation.csv,5a254575d8d5276d1176b53b38dad6600b46d6732441698e8e14668699d8ac43
NCT02713126,COMPLETED,0,2016-03-15,2016,development,HTT-P1-AACT-20260905,2026-09-05,20260905_export_ctgov.zip,ctgov.studies.overall_status,COMPLETED=0;TERMINATED|WITHDRAWN=1,ctgov.studies.study_first_submitted_date,step2_reconciliation/HeartTrialTwin_step2_cohort_reconciliation.csv,5a254575d8d5276d1176b53b38dad6600b46d6732441698e8e14668699d8ac43
NCT02713347,COMPLETED,0,2016-03-14,2016,development,HTT-P1-AACT-20260905,2026-09-05,20260905_export_ctgov.zip,ctgov.studies.overall_status,COMPLETED=0;TERMINATED|WITHDRAWN=1,ctgov.studies.study_first_submitted_date,step2_reconciliation/HeartTrialTwin_step2_cohort_reconciliation.csv,5a254575d8d5276d1176b53b38dad6600b46d6732441698e8e14668699d8ac43
NCT02721511,WITHDRAWN,1,2016-03-17,2016,development,HTT-P1-AACT-20260905,2026-09-05,20260905_export_ctgov.zip,ctgov.studies.overall_status,COMPLETED=0;TERMINATED|WITHDRAWN=1,ctgov.studies.study_first_submitted_date,step2_reconciliation/HeartTrialTwin_step2_cohort_reconciliation.csv,5a254575d8d5276d1176b53b38dad6600b46d6732441698e8e14668699d8ac43
NCT02722213,COMPLETED,0,2016-03-10,2016,development,HTT-P1-AACT-20260905,2026-09-05,20260905_export_ctgov.zip,ctgov.studies.overall_status,COMPLETED=0;TERMINATED|WITHDRAWN=1,ctgov.studies.study_first_submitted_date,step2_reconciliation/HeartTrialTwin_step2_cohort_reconciliation.csv,5a254575d8d5276d1176b53b38dad6600b46d6732441698e8e14668699d8ac43
NCT02728739,COMPLETED,0,2016-03-24,2016,development,HTT-P1-AACT-20260905,2026-09-05,20260905_export_ctgov.zip,ctgov.studies.overall_status,COMPLETED=0;TERMINATED|WITHDRAWN=1,ctgov.studies.study_first_submitted_date,step2_reconciliation/HeartTrialTwin_step2_cohort_reconciliation.csv,5a254575d8d5276d1176b53b38dad6600b46d6732441698e8e14668699d8ac43
NCT02737761,COMPLETED,0,2016-04-05,2016,development,HTT-P1-AACT-20260905,2026-09-05,20260905_export_ctgov.zip,ctgov.studies.overall_status,COMPLETED=0;TERMINATED|WITHDRAWN=1,ctgov.studies.study_first_submitted_date,step2_reconciliation/HeartTrialTwin_step2_cohort_reconciliation.csv,5a254575d8d5276d1176b53b38dad6600b46d6732441698e8e14668699d8ac43
NCT02737995,COMPLETED,0,2016-04-08,2016,development,HTT-P1-AACT-20260905,2026-09-05,20260905_export_ctgov.zip,ctgov.studies.overall_status,COMPLETED=0;TERMINATED|WITHDRAWN=1,ctgov.studies.study_first_submitted_date,step2_reconciliation/HeartTrialTwin_step2_cohort_reconciliation.csv,5a254575d8d5276d1176b53b38dad6600b46d6732441698e8e14668699d8ac43
NCT02742129,COMPLETED,0,2016-04-08,2016,development,HTT-P1-AACT-20260905,2026-09-05,20260905_export_ctgov.zip,ctgov.studies.overall_status,COMPLETED=0;TERMINATED|WITHDRAWN=1,ctgov.studies.study_first_submitted_date,step2_reconciliation/HeartTrialTwin_step2_cohort_reconciliation.csv,5a254575d8d5276d1176b53b38dad6600b46d6732441698e8e14668699d8ac43
NCT02742545,COMPLETED,0,2016-04-11,2016,development,HTT-P1-AACT-20260905,2026-09-05,20260905_export_ctgov.zip,ctgov.studies.overall_status,COMPLETED=0;TERMINATED|WITHDRAWN=1,ctgov.studies.study_first_submitted_date,step2_reconciliation/HeartTrialTwin_step2_cohort_reconciliation.csv,5a254575d8d5276d1176b53b38dad6600b46d6732441698e8e14668699d8ac43
NCT02742597,COMPLETED,0,2016-03-21,2016,development,HTT-P1-AACT-20260905,2026-09-05,20260905_export_ctgov.zip,ctgov.studies.overall_status,COMPLETED=0;TERMINATED|WITHDRAWN=1,ctgov.studies.study_first_submitted_date,step2_reconciliation/HeartTrialTwin_step2_cohort_reconciliation.csv,5a254575d8d5276d1176b53b38dad6600b46d6732441698e8e14668699d8ac43
NCT02744339,COMPLETED,0,2016-03-18,2016,development,HTT-P1-AACT-20260905,2026-09-05,20260905_export_ctgov.zip,ctgov.studies.overall_status,COMPLETED=0;TERMINATED|WITHDRAWN=1,ctgov.studies.study_first_submitted_date,step2_reconciliation/HeartTrialTwin_step2_cohort_reconciliation.csv,5a254575d8d5276d1176b53b38dad6600b46d6732441698e8e14668699d8ac43
NCT02748876,COMPLETED,0,2016-04-20,2016,development,HTT-P1-AACT-20260905,2026-09-05,20260905_export_ctgov.zip,ctgov.studies.overall_status,COMPLETED=0;TERMINATED|WITHDRAWN=1,ctgov.studies.study_first_submitted_date,step2_reconciliation/HeartTrialTwin_step2_cohort_reconciliation.csv,5a254575d8d5276d1176b53b38dad6600b46d6732441698e8e14668699d8ac43
NCT02751853,TERMINATED,1,2016-04-19,2016,development,HTT-P1-AACT-20260905,2026-09-05,20260905_export_ctgov.zip,ctgov.studies.overall_status,COMPLETED=0;TERMINATED|WITHDRAWN=1,ctgov.studies.study_first_submitted_date,step2_reconciliation/HeartTrialTwin_step2_cohort_reconciliation.csv,5a254575d8d5276d1176b53b38dad6600b46d6732441698e8e14668699d8ac43
NCT02752997,COMPLETED,0,2016-04-14,2016,development,HTT-P1-AACT-20260905,2026-09-05,20260905_export_ctgov.zip,ctgov.studies.overall_status,COMPLETED=0;TERMINATED|WITHDRAWN=1,ctgov.studies.study_first_submitted_date,step2_reconciliation/HeartTrialTwin_step2_cohort_reconciliation.csv,5a254575d8d5276d1176b53b38dad6600b46d6732441698e8e14668699d8ac43
NCT02754518,COMPLETED,0,2016-04-22,2016,development,HTT-P1-AACT-20260905,2026-09-05,20260905_export_ctgov.zip,ctgov.studies.overall_status,COMPLETED=0;TERMINATED|WITHDRAWN=1,ctgov.studies.study_first_submitted_date,step2_reconciliation/HeartTrialTwin_step2_cohort_reconciliation.csv,5a254575d8d5276d1176b53b38dad6600b46d6732441698e8e14668699d8ac43
NCT02755129,COMPLETED,0,2016-03-02,2016,development,HTT-P1-AACT-20260905,2026-09-05,20260905_export_ctgov.zip,ctgov.studies.overall_status,COMPLETED=0;TERMINATED|WITHDRAWN=1,ctgov.studies.study_first_submitted_date,step2_reconciliation/HeartTrialTwin_step2_cohort_reconciliation.csv,5a254575d8d5276d1176b53b38dad6600b46d6732441698e8e14668699d8ac43
NCT02757976,TERMINATED,1,2016-04-28,2016,development,HTT-P1-AACT-20260905,2026-09-05,20260905_export_ctgov.zip,ctgov.studies.overall_status,COMPLETED=0;TERMINATED|WITHDRAWN=1,ctgov.studies.study_first_submitted_date,step2_reconciliation/HeartTrialTwin_step2_cohort_reconciliation.csv,5a254575d8d5276d1176b53b38dad6600b46d6732441698e8e14668699d8ac43
NCT02762825,TERMINATED,1,2016-03-22,2016,development,HTT-P1-AACT-20260905,2026-09-05,20260905_export_ctgov.zip,ctgov.studies.overall_status,COMPLETED=0;TERMINATED|WITHDRAWN=1,ctgov.studies.study_first_submitted_date,step2_reconciliation/HeartTrialTwin_step2_cohort_reconciliation.csv,5a254575d8d5276d1176b53b38dad6600b46d6732441698e8e14668699d8ac43
NCT02763670,COMPLETED,0,2016-05-03,2016,development,HTT-P1-AACT-20260905,2026-09-05,20260905_export_ctgov.zip,ctgov.studies.overall_status,COMPLETED=0;TERMINATED|WITHDRAWN=1,ctgov.studies.study_first_submitted_date,step2_reconciliation/HeartTrialTwin_step2_cohort_reconciliation.csv,5a254575d8d5276d1176b53b38dad6600b46d6732441698e8e14668699d8ac43
NCT02767024,WITHDRAWN,1,2016-05-04,2016,development,HTT-P1-AACT-20260905,2026-09-05,20260905_export_ctgov.zip,ctgov.studies.overall_status,COMPLETED=0;TERMINATED|WITHDRAWN=1,ctgov.studies.study_first_submitted_date,step2_reconciliation/HeartTrialTwin_step2_cohort_reconciliation.csv,5a254575d8d5276d1176b53b38dad6600b46d6732441698e8e14668699d8ac43
NCT02767245,COMPLETED,0,2016-05-09,2016,development,HTT-P1-AACT-20260905,2026-09-05,20260905_export_ctgov.zip,ctgov.studies.overall_status,COMPLETED=0;TERMINATED|WITHDRAWN=1,ctgov.studies.study_first_submitted_date,step2_reconciliation/HeartTrialTwin_step2_cohort_reconciliation.csv,5a254575d8d5276d1176b53b38dad6600b46d6732441698e8e14668699d8ac43
NCT02768298,COMPLETED,0,2016-05-09,2016,development,HTT-P1-AACT-20260905,2026-09-05,20260905_export_ctgov.zip,ctgov.studies.overall_status,COMPLETED=0;TERMINATED|WITHDRAWN=1,ctgov.studies.study_first_submitted_date,step2_reconciliation/HeartTrialTwin_step2_cohort_reconciliation.csv,5a254575d8d5276d1176b53b38dad6600b46d6732441698e8e14668699d8ac43
NCT02769611,WITHDRAWN,1,2016-05-10,2016,development,HTT-P1-AACT-20260905,2026-09-05,20260905_export_ctgov.zip,ctgov.studies.overall_status,COMPLETED=0;TERMINATED|WITHDRAWN=1,ctgov.studies.study_first_submitted_date,step2_reconciliation/HeartTrialTwin_step2_cohort_reconciliation.csv,5a254575d8d5276d1176b53b38dad6600b46d6732441698e8e14668699d8ac43
NCT02770092,COMPLETED,0,2016-05-05,2016,development,HTT-P1-AACT-20260905,2026-09-05,20260905_export_ctgov.zip,ctgov.studies.overall_status,COMPLETED=0;TERMINATED|WITHDRAWN=1,ctgov.studies.study_first_submitted_date,step2_reconciliation/HeartTrialTwin_step2_cohort_reconciliation.csv,5a254575d8d5276d1176b53b38dad6600b46d6732441698e8e14668699d8ac43
NCT02772068,COMPLETED,0,2016-05-11,2016,development,HTT-P1-AACT-20260905,2026-09-05,20260905_export_ctgov.zip,ctgov.studies.overall_status,COMPLETED=0;TERMINATED|WITHDRAWN=1,ctgov.studies.study_first_submitted_date,step2_reconciliation/HeartTrialTwin_step2_cohort_reconciliation.csv,5a254575d8d5276d1176b53b38dad6600b46d6732441698e8e14668699d8ac43
NCT02772146,TERMINATED,1,2016-05-09,2016,development,HTT-P1-AACT-20260905,2026-09-05,20260905_export_ctgov.zip,ctgov.studies.overall_status,COMPLETED=0;TERMINATED|WITHDRAWN=1,ctgov.studies.study_first_submitted_date,step2_reconciliation/HeartTrialTwin_step2_cohort_reconciliation.csv,5a254575d8d5276d1176b53b38dad6600b46d6732441698e8e14668699d8ac43
NCT02774616,COMPLETED,0,2016-05-13,2016,development,HTT-P1-AACT-20260905,2026-09-05,20260905_export_ctgov.zip,ctgov.studies.overall_status,COMPLETED=0;TERMINATED|WITHDRAWN=1,ctgov.studies.study_first_submitted_date,step2_reconciliation/HeartTrialTwin_step2_cohort_reconciliation.csv,5a254575d8d5276d1176b53b38dad6600b46d6732441698e8e14668699d8ac43
NCT02780180,TERMINATED,1,2016-05-17,2016,development,HTT-P1-AACT-20260905,2026-09-05,20260905_export_ctgov.zip,ctgov.studies.overall_status,COMPLETED=0;TERMINATED|WITHDRAWN=1,ctgov.studies.study_first_submitted_date,step2_reconciliation/HeartTrialTwin_step2_cohort_reconciliation.csv,5a254575d8d5276d1176b53b38dad6600b46d6732441698e8e14668699d8ac43
NCT02782572,COMPLETED,0,2016-05-19,2016,development,HTT-P1-AACT-20260905,2026-09-05,20260905_export_ctgov.zip,ctgov.studies.overall_status,COMPLETED=0;TERMINATED|WITHDRAWN=1,ctgov.studies.study_first_submitted_date,step2_reconciliation/HeartTrialTwin_step2_cohort_reconciliation.csv,5a254575d8d5276d1176b53b38dad6600b46d6732441698e8e14668699d8ac43
NCT02783716,TERMINATED,1,2016-05-20,2016,development,HTT-P1-AACT-20260905,2026-09-05,20260905_export_ctgov.zip,ctgov.studies.overall_status,COMPLETED=0;TERMINATED|WITHDRAWN=1,ctgov.studies.study_first_submitted_date,step2_reconciliation/HeartTrialTwin_step2_cohort_reconciliation.csv,5a254575d8d5276d1176b53b38dad6600b46d6732441698e8e14668699d8ac43
NCT02787044,COMPLETED,0,2016-05-25,2016,development,HTT-P1-AACT-20260905,2026-09-05,20260905_export_ctgov.zip,ctgov.studies.overall_status,COMPLETED=0;TERMINATED|WITHDRAWN=1,ctgov.studies.study_first_submitted_date,step2_reconciliation/HeartTrialTwin_step2_cohort_reconciliation.csv,5a254575d8d5276d1176b53b38dad6600b46d6732441698e8e14668699d8ac43
NCT02787603,COMPLETED,0,2016-05-25,2016,development,HTT-P1-AACT-20260905,2026-09-05,20260905_export_ctgov.zip,ctgov.studies.overall_status,COMPLETED=0;TERMINATED|WITHDRAWN=1,ctgov.studies.study_first_submitted_date,step2_reconciliation/HeartTrialTwin_step2_cohort_reconciliation.csv,5a254575d8d5276d1176b53b38dad6600b46d6732441698e8e14668699d8ac43
NCT02787798,TERMINATED,1,2016-05-26,2016,development,HTT-P1-AACT-20260905,2026-09-05,20260905_export_ctgov.zip,ctgov.studies.overall_status,COMPLETED=0;TERMINATED|WITHDRAWN=1,ctgov.studies.study_first_submitted_date,step2_reconciliation/HeartTrialTwin_step2_cohort_reconciliation.csv,5a254575d8d5276d1176b53b38dad6600b46d6732441698e8e14668699d8ac43
NCT02788656,TERMINATED,1,2016-05-23,2016,development,HTT-P1-AACT-20260905,2026-09-05,20260905_export_ctgov.zip,ctgov.studies.overall_status,COMPLETED=0;TERMINATED|WITHDRAWN=1,ctgov.studies.study_first_submitted_date,step2_reconciliation/HeartTrialTwin_step2_cohort_reconciliation.csv,5a254575d8d5276d1176b53b38dad6600b46d6732441698e8e14668699d8ac43
NCT02788747,COMPLETED,0,2016-05-27,2016,development,HTT-P1-AACT-20260905,2026-09-05,20260905_export_ctgov.zip,ctgov.studies.overall_status,COMPLETED=0;TERMINATED|WITHDRAWN=1,ctgov.studies.study_first_submitted_date,step2_reconciliation/HeartTrialTwin_step2_cohort_reconciliation.csv,5a254575d8d5276d1176b53b38dad6600b46d6732441698e8e14668699d8ac43
NCT02789800,COMPLETED,0,2016-03-16,2016,development,HTT-P1-AACT-20260905,2026-09-05,20260905_export_ctgov.zip,ctgov.studies.overall_status,COMPLETED=0;TERMINATED|WITHDRAWN=1,ctgov.studies.study_first_submitted_date,step2_reconciliation/HeartTrialTwin_step2_cohort_reconciliation.csv,5a254575d8d5276d1176b53b38dad6600b46d6732441698e8e14668699d8ac43
NCT02791906,TERMINATED,1,2016-05-26,2016,development,HTT-P1-AACT-20260905,2026-09-05,20260905_export_ctgov.zip,ctgov.studies.overall_status,COMPLETED=0;TERMINATED|WITHDRAWN=1,ctgov.studies.study_first_submitted_date,step2_reconciliation/HeartTrialTwin_step2_cohort_reconciliation.csv,5a254575d8d5276d1176b53b38dad6600b46d6732441698e8e14668699d8ac43
NCT02795936,COMPLETED,0,2016-05-31,2016,development,HTT-P1-AACT-20260905,2026-09-05,20260905_export_ctgov.zip,ctgov.studies.overall_status,COMPLETED=0;TERMINATED|WITHDRAWN=1,ctgov.studies.study_first_submitted_date,step2_reconciliation/HeartTrialTwin_step2_cohort_reconciliation.csv,5a254575d8d5276d1176b53b38dad6600b46d6732441698e8e14668699d8ac43
NCT02797184,COMPLETED,0,2016-05-25,2016,development,HTT-P1-AACT-20260905,2026-09-05,20260905_export_ctgov.zip,ctgov.studies.overall_status,COMPLETED=0;TERMINATED|WITHDRAWN=1,ctgov.studies.study_first_submitted_date,step2_reconciliation/HeartTrialTwin_step2_cohort_reconciliation.csv,5a254575d8d5276d1176b53b38dad6600b46d6732441698e8e14668699d8ac43
NCT02803775,COMPLETED,0,2016-06-07,2016,development,HTT-P1-AACT-20260905,2026-09-05,20260905_export_ctgov.zip,ctgov.studies.overall_status,COMPLETED=0;TERMINATED|WITHDRAWN=1,ctgov.studies.study_first_submitted_date,step2_reconciliation/HeartTrialTwin_step2_cohort_reconciliation.csv,5a254575d8d5276d1176b53b38dad6600b46d6732441698e8e14668699d8ac43
NCT02803879,COMPLETED,0,2016-02-18,2016,development,HTT-P1-AACT-20260905,2026-09-05,20260905_export_ctgov.zip,ctgov.studies.overall_status,COMPLETED=0;TERMINATED|WITHDRAWN=1,ctgov.studies.study_first_submitted_date,step2_reconciliation/HeartTrialTwin_step2_cohort_reconciliation.csv,5a254575d8d5276d1176b53b38dad6600b46d6732441698e8e14668699d8ac43
NCT02804035,COMPLETED,0,2016-06-14,2016,development,HTT-P1-AACT-20260905,2026-09-05,20260905_export_ctgov.zip,ctgov.studies.overall_status,COMPLETED=0;TERMINATED|WITHDRAWN=1,ctgov.studies.study_first_submitted_date,step2_reconciliation/HeartTrialTwin_step2_cohort_reconciliation.csv,5a254575d8d5276d1176b53b38dad6600b46d6732441698e8e14668699d8ac43
NCT02804282,COMPLETED,0,2016-06-09,2016,development,HTT-P1-AACT-20260905,2026-09-05,20260905_export_ctgov.zip,ctgov.studies.overall_status,COMPLETED=0;TERMINATED|WITHDRAWN=1,ctgov.studies.study_first_submitted_date,step2_reconciliation/HeartTrialTwin_step2_cohort_reconciliation.csv,5a254575d8d5276d1176b53b38dad6600b46d6732441698e8e14668699d8ac43
NCT02805712,COMPLETED,0,2016-05-20,2016,development,HTT-P1-AACT-20260905,2026-09-05,20260905_export_ctgov.zip,ctgov.studies.overall_status,COMPLETED=0;TERMINATED|WITHDRAWN=1,ctgov.studies.study_first_submitted_date,step2_reconciliation/HeartTrialTwin_step2_cohort_reconciliation.csv,5a254575d8d5276d1176b53b38dad6600b46d6732441698e8e14668699d8ac43
NCT02806570,COMPLETED,0,2016-06-16,2016,development,HTT-P1-AACT-20260905,2026-09-05,20260905_export_ctgov.zip,ctgov.studies.overall_status,COMPLETED=0;TERMINATED|WITHDRAWN=1,ctgov.studies.study_first_submitted_date,step2_reconciliation/HeartTrialTwin_step2_cohort_reconciliation.csv,5a254575d8d5276d1176b53b38dad6600b46d6732441698e8e14668699d8ac43
NCT02807168,COMPLETED,0,2016-06-03,2016,development,HTT-P1-AACT-20260905,2026-09-05,20260905_export_ctgov.zip,ctgov.studies.overall_status,COMPLETED=0;TERMINATED|WITHDRAWN=1,ctgov.studies.study_first_submitted_date,step2_reconciliation/HeartTrialTwin_step2_cohort_reconciliation.csv,5a254575d8d5276d1176b53b38dad6600b46d6732441698e8e14668699d8ac43
NCT02807857,COMPLETED,0,2016-06-17,2016,development,HTT-P1-AACT-20260905,2026-09-05,20260905_export_ctgov.zip,ctgov.studies.overall_status,COMPLETED=0;TERMINATED|WITHDRAWN=1,ctgov.studies.study_first_submitted_date,step2_reconciliation/HeartTrialTwin_step2_cohort_reconciliation.csv,5a254575d8d5276d1176b53b38dad6600b46d6732441698e8e14668699d8ac43
NCT02808585,COMPLETED,0,2016-06-08,2016,development,HTT-P1-AACT-20260905,2026-09-05,20260905_export_ctgov.zip,ctgov.studies.overall_status,COMPLETED=0;TERMINATED|WITHDRAWN=1,ctgov.studies.study_first_submitted_date,step2_reconciliation/HeartTrialTwin_step2_cohort_reconciliation.csv,5a254575d8d5276d1176b53b38dad6600b46d6732441698e8e14668699d8ac43
NCT02809131,COMPLETED,0,2016-04-27,2016,development,HTT-P1-AACT-20260905,2026-09-05,20260905_export_ctgov.zip,ctgov.studies.overall_status,COMPLETED=0;TERMINATED|WITHDRAWN=1,ctgov.studies.study_first_submitted_date,step2_reconciliation/HeartTrialTwin_step2_cohort_reconciliation.csv,5a254575d8d5276d1176b53b38dad6600b46d6732441698e8e14668699d8ac43
NCT02810132,COMPLETED,0,2016-06-08,2016,development,HTT-P1-AACT-20260905,2026-09-05,20260905_export_ctgov.zip,ctgov.studies.overall_status,COMPLETED=0;TERMINATED|WITHDRAWN=1,ctgov.studies.study_first_submitted_date,step2_reconciliation/HeartTrialTwin_step2_cohort_reconciliation.csv,5a254575d8d5276d1176b53b38dad6600b46d6732441698e8e14668699d8ac43
NCT02811146,COMPLETED,0,2016-06-02,2016,development,HTT-P1-AACT-20260905,2026-09-05,20260905_export_ctgov.zip,ctgov.studies.overall_status,COMPLETED=0;TERMINATED|WITHDRAWN=1,ctgov.studies.study_first_submitted_date,step2_reconciliation/HeartTrialTwin_step2_cohort_reconciliation.csv,5a254575d8d5276d1176b53b38dad6600b46d6732441698e8e14668699d8ac43
NCT02814097,COMPLETED,0,2016-06-08,2016,development,HTT-P1-AACT-20260905,2026-09-05,20260905_export_ctgov.zip,ctgov.studies.overall_status,COMPLETED=0;TERMINATED|WITHDRAWN=1,ctgov.studies.study_first_submitted_date,step2_reconciliation/HeartTrialTwin_step2_cohort_reconciliation.csv,5a254575d8d5276d1176b53b38dad6600b46d6732441698e8e14668699d8ac43
NCT02815085,COMPLETED,0,2016-06-22,2016,development,HTT-P1-AACT-20260905,2026-09-05,20260905_export_ctgov.zip,ctgov.studies.overall_status,COMPLETED=0;TERMINATED|WITHDRAWN=1,ctgov.studies.study_first_submitted_date,step2_reconciliation/HeartTrialTwin_step2_cohort_reconciliation.csv,5a254575d8d5276d1176b53b38dad6600b46d6732441698e8e14668699d8ac43
NCT02816736,COMPLETED,0,2016-06-13,2016,development,HTT-P1-AACT-20260905,2026-09-05,20260905_export_ctgov.zip,ctgov.studies.overall_status,COMPLETED=0;TERMINATED|WITHDRAWN=1,ctgov.studies.study_first_submitted_date,step2_reconciliation/HeartTrialTwin_step2_cohort_reconciliation.csv,5a254575d8d5276d1176b53b38dad6600b46d6732441698e8e14668699d8ac43
NCT02819271,COMPLETED,0,2016-06-28,2016,development,HTT-P1-AACT-20260905,2026-09-05,20260905_export_ctgov.zip,ctgov.studies.overall_status,COMPLETED=0;TERMINATED|WITHDRAWN=1,ctgov.studies.study_first_submitted_date,step2_reconciliation/HeartTrialTwin_step2_cohort_reconciliation.csv,5a254575d8d5276d1176b53b38dad6600b46d6732441698e8e14668699d8ac43
NCT02819973,COMPLETED,0,2016-06-13,2016,development,HTT-P1-AACT-20260905,2026-09-05,20260905_export_ctgov.zip,ctgov.studies.overall_status,COMPLETED=0;TERMINATED|WITHDRAWN=1,ctgov.studies.study_first_submitted_date,step2_reconciliation/HeartTrialTwin_step2_cohort_reconciliation.csv,5a254575d8d5276d1176b53b38dad6600b46d6732441698e8e14668699d8ac43
NCT02821065,COMPLETED,0,2016-05-24,2016,development,HTT-P1-AACT-20260905,2026-09-05,20260905_export_ctgov.zip,ctgov.studies.overall_status,COMPLETED=0;TERMINATED|WITHDRAWN=1,ctgov.studies.study_first_submitted_date,step2_reconciliation/HeartTrialTwin_step2_cohort_reconciliation.csv,5a254575d8d5276d1176b53b38dad6600b46d6732441698e8e14668699d8ac43
NCT02823795,COMPLETED,0,2016-07-01,2016,development,HTT-P1-AACT-20260905,2026-09-05,20260905_export_ctgov.zip,ctgov.studies.overall_status,COMPLETED=0;TERMINATED|WITHDRAWN=1,ctgov.studies.study_first_submitted_date,step2_reconciliation/HeartTrialTwin_step2_cohort_reconciliation.csv,5a254575d8d5276d1176b53b38dad6600b46d6732441698e8e14668699d8ac43
NCT02825966,COMPLETED,0,2016-06-28,2016,development,HTT-P1-AACT-20260905,2026-09-05,20260905_export_ctgov.zip,ctgov.studies.overall_status,COMPLETED=0;TERMINATED|WITHDRAWN=1,ctgov.studies.study_first_submitted_date,step2_reconciliation/HeartTrialTwin_step2_cohort_reconciliation.csv,5a254575d8d5276d1176b53b38dad6600b46d6732441698e8e14668699d8ac43
NCT02827500,COMPLETED,0,2016-07-06,2016,development,HTT-P1-AACT-20260905,2026-09-05,20260905_export_ctgov.zip,ctgov.studies.overall_status,COMPLETED=0;TERMINATED|WITHDRAWN=1,ctgov.studies.study_first_submitted_date,step2_reconciliation/HeartTrialTwin_step2_cohort_reconciliation.csv,5a254575d8d5276d1176b53b38dad6600b46d6732441698e8e14668699d8ac43
NCT02827799,COMPLETED,0,2016-07-05,2016,development,HTT-P1-AACT-20260905,2026-09-05,20260905_export_ctgov.zip,ctgov.studies.overall_status,COMPLETED=0;TERMINATED|WITHDRAWN=1,ctgov.studies.study_first_submitted_date,step2_reconciliation/HeartTrialTwin_step2_cohort_reconciliation.csv,5a254575d8d5276d1176b53b38dad6600b46d6732441698e8e14668699d8ac43
NCT02831608,COMPLETED,0,2016-07-07,2016,development,HTT-P1-AACT-20260905,2026-09-05,20260905_export_ctgov.zip,ctgov.studies.overall_status,COMPLETED=0;TERMINATED|WITHDRAWN=1,ctgov.studies.study_first_submitted_date,step2_reconciliation/HeartTrialTwin_step2_cohort_reconciliation.csv,5a254575d8d5276d1176b53b38dad6600b46d6732441698e8e14668699d8ac43
NCT02832934,COMPLETED,0,2016-07-12,2016,development,HTT-P1-AACT-20260905,2026-09-05,20260905_export_ctgov.zip,ctgov.studies.overall_status,COMPLETED=0;TERMINATED|WITHDRAWN=1,ctgov.studies.study_first_submitted_date,step2_reconciliation/HeartTrialTwin_step2_cohort_reconciliation.csv,5a254575d8d5276d1176b53b38dad6600b46d6732441698e8e14668699d8ac43
NCT02832960,COMPLETED,0,2016-07-12,2016,development,HTT-P1-AACT-20260905,2026-09-05,20260905_export_ctgov.zip,ctgov.studies.overall_status,COMPLETED=0;TERMINATED|WITHDRAWN=1,ctgov.studies.study_first_submitted_date,step2_reconciliation/HeartTrialTwin_step2_cohort_reconciliation.csv,5a254575d8d5276d1176b53b38dad6600b46d6732441698e8e14668699d8ac43
NCT02836652,COMPLETED,0,2016-07-12,2016,development,HTT-P1-AACT-20260905,2026-09-05,20260905_export_ctgov.zip,ctgov.studies.overall_status,COMPLETED=0;TERMINATED|WITHDRAWN=1,ctgov.studies.study_first_submitted_date,step2_reconciliation/HeartTrialTwin_step2_cohort_reconciliation.csv,5a254575d8d5276d1176b53b38dad6600b46d6732441698e8e14668699d8ac43
NCT02840565,COMPLETED,0,2016-07-19,2016,development,HTT-P1-AACT-20260905,2026-09-05,20260905_export_ctgov.zip,ctgov.studies.overall_status,COMPLETED=0;TERMINATED|WITHDRAWN=1,ctgov.studies.study_first_submitted_date,step2_reconciliation/HeartTrialTwin_step2_cohort_reconciliation.csv,5a254575d8d5276d1176b53b38dad6600b46d6732441698e8e14668699d8ac43
NCT02840799,COMPLETED,0,2016-06-13,2016,development,HTT-P1-AACT-20260905,2026-09-05,20260905_export_ctgov.zip,ctgov.studies.overall_status,COMPLETED=0;TERMINATED|WITHDRAWN=1,ctgov.studies.study_first_submitted_date,step2_reconciliation/HeartTrialTwin_step2_cohort_reconciliation.csv,5a254575d8d5276d1176b53b38dad6600b46d6732441698e8e14668699d8ac43
NCT02845037,COMPLETED,0,2016-07-15,2016,development,HTT-P1-AACT-20260905,2026-09-05,20260905_export_ctgov.zip,ctgov.studies.overall_status,COMPLETED=0;TERMINATED|WITHDRAWN=1,ctgov.studies.study_first_submitted_date,step2_reconciliation/HeartTrialTwin_step2_cohort_reconciliation.csv,5a254575d8d5276d1176b53b38dad6600b46d6732441698e8e14668699d8ac43
NCT02857309,TERMINATED,1,2016-07-20,2016,development,HTT-P1-AACT-20260905,2026-09-05,20260905_export_ctgov.zip,ctgov.studies.overall_status,COMPLETED=0;TERMINATED|WITHDRAWN=1,ctgov.studies.study_first_submitted_date,step2_reconciliation/HeartTrialTwin_step2_cohort_reconciliation.csv,5a254575d8d5276d1176b53b38dad6600b46d6732441698e8e14668699d8ac43
NCT02858180,COMPLETED,0,2016-08-01,2016,development,HTT-P1-AACT-20260905,2026-09-05,20260905_export_ctgov.zip,ctgov.studies.overall_status,COMPLETED=0;TERMINATED|WITHDRAWN=1,ctgov.studies.study_first_submitted_date,step2_reconciliation/HeartTrialTwin_step2_cohort_reconciliation.csv,5a254575d8d5276d1176b53b38dad6600b46d6732441698e8e14668699d8ac43
NCT02858674,COMPLETED,0,2016-08-03,2016,development,HTT-P1-AACT-20260905,2026-09-05,20260905_export_ctgov.zip,ctgov.studies.overall_status,COMPLETED=0;TERMINATED|WITHDRAWN=1,ctgov.studies.study_first_submitted_date,step2_reconciliation/HeartTrialTwin_step2_cohort_reconciliation.csv,5a254575d8d5276d1176b53b38dad6600b46d6732441698e8e14668699d8ac43
NCT02860013,COMPLETED,0,2016-07-28,2016,development,HTT-P1-AACT-20260905,2026-09-05,20260905_export_ctgov.zip,ctgov.studies.overall_status,COMPLETED=0;TERMINATED|WITHDRAWN=1,ctgov.studies.study_first_submitted_date,step2_reconciliation/HeartTrialTwin_step2_cohort_reconciliation.csv,5a254575d8d5276d1176b53b38dad6600b46d6732441698e8e14668699d8ac43
NCT02861534,COMPLETED,0,2016-08-05,2016,development,HTT-P1-AACT-20260905,2026-09-05,20260905_export_ctgov.zip,ctgov.studies.overall_status,COMPLETED=0;TERMINATED|WITHDRAWN=1,ctgov.studies.study_first_submitted_date,step2_reconciliation/HeartTrialTwin_step2_cohort_reconciliation.csv,5a254575d8d5276d1176b53b38dad6600b46d6732441698e8e14668699d8ac43
NCT02862600,TERMINATED,1,2016-08-08,2016,development,HTT-P1-AACT-20260905,2026-09-05,20260905_export_ctgov.zip,ctgov.studies.overall_status,COMPLETED=0;TERMINATED|WITHDRAWN=1,ctgov.studies.study_first_submitted_date,step2_reconciliation/HeartTrialTwin_step2_cohort_reconciliation.csv,5a254575d8d5276d1176b53b38dad6600b46d6732441698e8e14668699d8ac43
NCT02863796,COMPLETED,0,2016-07-06,2016,development,HTT-P1-AACT-20260905,2026-09-05,20260905_export_ctgov.zip,ctgov.studies.overall_status,COMPLETED=0;TERMINATED|WITHDRAWN=1,ctgov.studies.study_first_submitted_date,step2_reconciliation/HeartTrialTwin_step2_cohort_reconciliation.csv,5a254575d8d5276d1176b53b38dad6600b46d6732441698e8e14668699d8ac43
NCT02864420,COMPLETED,0,2016-08-03,2016,development,HTT-P1-AACT-20260905,2026-09-05,20260905_export_ctgov.zip,ctgov.studies.overall_status,COMPLETED=0;TERMINATED|WITHDRAWN=1,ctgov.studies.study_first_submitted_date,step2_reconciliation/HeartTrialTwin_step2_cohort_reconciliation.csv,5a254575d8d5276d1176b53b38dad6600b46d6732441698e8e14668699d8ac43
NCT02869022,COMPLETED,0,2015-08-11,2015,development,HTT-P1-AACT-20260905,2026-09-05,20260905_export_ctgov.zip,ctgov.studies.overall_status,COMPLETED=0;TERMINATED|WITHDRAWN=1,ctgov.studies.study_first_submitted_date,step2_reconciliation/HeartTrialTwin_step2_cohort_reconciliation.csv,5a254575d8d5276d1176b53b38dad6600b46d6732441698e8e14668699d8ac43
NCT02874183,WITHDRAWN,1,2016-08-02,2016,development,HTT-P1-AACT-20260905,2026-09-05,20260905_export_ctgov.zip,ctgov.studies.overall_status,COMPLETED=0;TERMINATED|WITHDRAWN=1,ctgov.studies.study_first_submitted_date,step2_reconciliation/HeartTrialTwin_step2_cohort_reconciliation.csv,5a254575d8d5276d1176b53b38dad6600b46d6732441698e8e14668699d8ac43
NCT02874794,COMPLETED,0,2016-08-05,2016,development,HTT-P1-AACT-20260905,2026-09-05,20260905_export_ctgov.zip,ctgov.studies.overall_status,COMPLETED=0;TERMINATED|WITHDRAWN=1,ctgov.studies.study_first_submitted_date,step2_reconciliation/HeartTrialTwin_step2_cohort_reconciliation.csv,5a254575d8d5276d1176b53b38dad6600b46d6732441698e8e14668699d8ac43
NCT02877095,COMPLETED,0,2016-08-15,2016,development,HTT-P1-AACT-20260905,2026-09-05,20260905_export_ctgov.zip,ctgov.studies.overall_status,COMPLETED=0;TERMINATED|WITHDRAWN=1,ctgov.studies.study_first_submitted_date,step2_reconciliation/HeartTrialTwin_step2_cohort_reconciliation.csv,5a254575d8d5276d1176b53b38dad6600b46d6732441698e8e14668699d8ac43
NCT02880683,COMPLETED,0,2016-08-10,2016,development,HTT-P1-AACT-20260905,2026-09-05,20260905_export_ctgov.zip,ctgov.studies.overall_status,COMPLETED=0;TERMINATED|WITHDRAWN=1,ctgov.studies.study_first_submitted_date,step2_reconciliation/HeartTrialTwin_step2_cohort_reconciliation.csv,5a254575d8d5276d1176b53b38dad6600b46d6732441698e8e14668699d8ac43
NCT02884206,COMPLETED,0,2016-08-25,2016,development,HTT-P1-AACT-20260905,2026-09-05,20260905_export_ctgov.zip,ctgov.studies.overall_status,COMPLETED=0;TERMINATED|WITHDRAWN=1,ctgov.studies.study_first_submitted_date,step2_reconciliation/HeartTrialTwin_step2_cohort_reconciliation.csv,5a254575d8d5276d1176b53b38dad6600b46d6732441698e8e14668699d8ac43
NCT02885636,COMPLETED,0,2016-08-24,2016,development,HTT-P1-AACT-20260905,2026-09-05,20260905_export_ctgov.zip,ctgov.studies.overall_status,COMPLETED=0;TERMINATED|WITHDRAWN=1,ctgov.studies.study_first_submitted_date,step2_reconciliation/HeartTrialTwin_step2_cohort_reconciliation.csv,5a254575d8d5276d1176b53b38dad6600b46d6732441698e8e14668699d8ac43
NCT02887183,COMPLETED,0,2016-08-29,2016,development,HTT-P1-AACT-20260905,2026-09-05,20260905_export_ctgov.zip,ctgov.studies.overall_status,COMPLETED=0;TERMINATED|WITHDRAWN=1,ctgov.studies.study_first_submitted_date,step2_reconciliation/HeartTrialTwin_step2_cohort_reconciliation.csv,5a254575d8d5276d1176b53b38dad6600b46d6732441698e8e14668699d8ac43
NCT02887768,COMPLETED,0,2016-04-02,2016,development,HTT-P1-AACT-20260905,2026-09-05,20260905_export_ctgov.zip,ctgov.studies.overall_status,COMPLETED=0;TERMINATED|WITHDRAWN=1,ctgov.studies.study_first_submitted_date,step2_reconciliation/HeartTrialTwin_step2_cohort_reconciliation.csv,5a254575d8d5276d1176b53b38dad6600b46d6732441698e8e14668699d8ac43
NCT02892227,COMPLETED,0,2016-08-26,2016,development,HTT-P1-AACT-20260905,2026-09-05,20260905_export_ctgov.zip,ctgov.studies.overall_status,COMPLETED=0;TERMINATED|WITHDRAWN=1,ctgov.studies.study_first_submitted_date,step2_reconciliation/HeartTrialTwin_step2_cohort_reconciliation.csv,5a254575d8d5276d1176b53b38dad6600b46d6732441698e8e14668699d8ac43
NCT02892955,COMPLETED,0,2016-08-24,2016,development,HTT-P1-AACT-20260905,2026-09-05,20260905_export_ctgov.zip,ctgov.studies.overall_status,COMPLETED=0;TERMINATED|WITHDRAWN=1,ctgov.studies.study_first_submitted_date,step2_reconciliation/HeartTrialTwin_step2_cohort_reconciliation.csv,5a254575d8d5276d1176b53b38dad6600b46d6732441698e8e14668699d8ac43
NCT02894502,COMPLETED,0,2016-08-26,2016,development,HTT-P1-AACT-20260905,2026-09-05,20260905_export_ctgov.zip,ctgov.studies.overall_status,COMPLETED=0;TERMINATED|WITHDRAWN=1,ctgov.studies.study_first_submitted_date,step2_reconciliation/HeartTrialTwin_step2_cohort_reconciliation.csv,5a254575d8d5276d1176b53b38dad6600b46d6732441698e8e14668699d8ac43
NCT02900378,COMPLETED,0,2016-09-09,2016,development,HTT-P1-AACT-20260905,2026-09-05,20260905_export_ctgov.zip,ctgov.studies.overall_status,COMPLETED=0;TERMINATED|WITHDRAWN=1,ctgov.studies.study_first_submitted_date,step2_reconciliation/HeartTrialTwin_step2_cohort_reconciliation.csv,5a254575d8d5276d1176b53b38dad6600b46d6732441698e8e14668699d8ac43
NCT02901314,COMPLETED,0,2016-09-01,2016,development,HTT-P1-AACT-20260905,2026-09-05,20260905_export_ctgov.zip,ctgov.studies.overall_status,COMPLETED=0;TERMINATED|WITHDRAWN=1,ctgov.studies.study_first_submitted_date,step2_reconciliation/HeartTrialTwin_step2_cohort_reconciliation.csv,5a254575d8d5276d1176b53b38dad6600b46d6732441698e8e14668699d8ac43
NCT02903225,COMPLETED,0,2016-09-05,2016,development,HTT-P1-AACT-20260905,2026-09-05,20260905_export_ctgov.zip,ctgov.studies.overall_status,COMPLETED=0;TERMINATED|WITHDRAWN=1,ctgov.studies.study_first_submitted_date,step2_reconciliation/HeartTrialTwin_step2_cohort_reconciliation.csv,5a254575d8d5276d1176b53b38dad6600b46d6732441698e8e14668699d8ac43
NCT02905786,COMPLETED,0,2016-09-14,2016,development,HTT-P1-AACT-20260905,2026-09-05,20260905_export_ctgov.zip,ctgov.studies.overall_status,COMPLETED=0;TERMINATED|WITHDRAWN=1,ctgov.studies.study_first_submitted_date,step2_reconciliation/HeartTrialTwin_step2_cohort_reconciliation.csv,5a254575d8d5276d1176b53b38dad6600b46d6732441698e8e14668699d8ac43
NCT02907021,COMPLETED,0,2016-09-15,2016,development,HTT-P1-AACT-20260905,2026-09-05,20260905_export_ctgov.zip,ctgov.studies.overall_status,COMPLETED=0;TERMINATED|WITHDRAWN=1,ctgov.studies.study_first_submitted_date,step2_reconciliation/HeartTrialTwin_step2_cohort_reconciliation.csv,5a254575d8d5276d1176b53b38dad6600b46d6732441698e8e14668699d8ac43
NCT02911337,COMPLETED,0,2015-07-23,2015,development,HTT-P1-AACT-20260905,2026-09-05,20260905_export_ctgov.zip,ctgov.studies.overall_status,COMPLETED=0;TERMINATED|WITHDRAWN=1,ctgov.studies.study_first_submitted_date,step2_reconciliation/HeartTrialTwin_step2_cohort_reconciliation.csv,5a254575d8d5276d1176b53b38dad6600b46d6732441698e8e14668699d8ac43
NCT02911493,COMPLETED,0,2016-09-20,2016,development,HTT-P1-AACT-20260905,2026-09-05,20260905_export_ctgov.zip,ctgov.studies.overall_status,COMPLETED=0;TERMINATED|WITHDRAWN=1,ctgov.studies.study_first_submitted_date,step2_reconciliation/HeartTrialTwin_step2_cohort_reconciliation.csv,5a254575d8d5276d1176b53b38dad6600b46d6732441698e8e14668699d8ac43
NCT02914457,COMPLETED,0,2016-06-08,2016,development,HTT-P1-AACT-20260905,2026-09-05,20260905_export_ctgov.zip,ctgov.studies.overall_status,COMPLETED=0;TERMINATED|WITHDRAWN=1,ctgov.studies.study_first_submitted_date,step2_reconciliation/HeartTrialTwin_step2_cohort_reconciliation.csv,5a254575d8d5276d1176b53b38dad6600b46d6732441698e8e14668699d8ac43
NCT02914665,COMPLETED,0,2016-09-14,2016,development,HTT-P1-AACT-20260905,2026-09-05,20260905_export_ctgov.zip,ctgov.studies.overall_status,COMPLETED=0;TERMINATED|WITHDRAWN=1,ctgov.studies.study_first_submitted_date,step2_reconciliation/HeartTrialTwin_step2_cohort_reconciliation.csv,5a254575d8d5276d1176b53b38dad6600b46d6732441698e8e14668699d8ac43
NCT02914834,TERMINATED,1,2016-08-13,2016,development,HTT-P1-AACT-20260905,2026-09-05,20260905_export_ctgov.zip,ctgov.studies.overall_status,COMPLETED=0;TERMINATED|WITHDRAWN=1,ctgov.studies.study_first_submitted_date,step2_reconciliation/HeartTrialTwin_step2_cohort_reconciliation.csv,5a254575d8d5276d1176b53b38dad6600b46d6732441698e8e14668699d8ac43
NCT02916160,COMPLETED,0,2016-09-09,2016,development,HTT-P1-AACT-20260905,2026-09-05,20260905_export_ctgov.zip,ctgov.studies.overall_status,COMPLETED=0;TERMINATED|WITHDRAWN=1,ctgov.studies.study_first_submitted_date,step2_reconciliation/HeartTrialTwin_step2_cohort_reconciliation.csv,5a254575d8d5276d1176b53b38dad6600b46d6732441698e8e14668699d8ac43
NCT02916225,COMPLETED,0,2016-09-25,2016,development,HTT-P1-AACT-20260905,2026-09-05,20260905_export_ctgov.zip,ctgov.studies.overall_status,COMPLETED=0;TERMINATED|WITHDRAWN=1,ctgov.studies.study_first_submitted_date,step2_reconciliation/HeartTrialTwin_step2_cohort_reconciliation.csv,5a254575d8d5276d1176b53b38dad6600b46d6732441698e8e14668699d8ac43
NCT02917031,COMPLETED,0,2016-09-09,2016,development,HTT-P1-AACT-20260905,2026-09-05,20260905_export_ctgov.zip,ctgov.studies.overall_status,COMPLETED=0;TERMINATED|WITHDRAWN=1,ctgov.studies.study_first_submitted_date,step2_reconciliation/HeartTrialTwin_step2_cohort_reconciliation.csv,5a254575d8d5276d1176b53b38dad6600b46d6732441698e8e14668699d8ac43
NCT02918175,COMPLETED,0,2016-09-27,2016,development,HTT-P1-AACT-20260905,2026-09-05,20260905_export_ctgov.zip,ctgov.studies.overall_status,COMPLETED=0;TERMINATED|WITHDRAWN=1,ctgov.studies.study_first_submitted_date,step2_reconciliation/HeartTrialTwin_step2_cohort_reconciliation.csv,5a254575d8d5276d1176b53b38dad6600b46d6732441698e8e14668699d8ac43
NCT02918552,COMPLETED,0,2016-09-13,2016,development,HTT-P1-AACT-20260905,2026-09-05,20260905_export_ctgov.zip,ctgov.studies.overall_status,COMPLETED=0;TERMINATED|WITHDRAWN=1,ctgov.studies.study_first_submitted_date,step2_reconciliation/HeartTrialTwin_step2_cohort_reconciliation.csv,5a254575d8d5276d1176b53b38dad6600b46d6732441698e8e14668699d8ac43
NCT02920918,COMPLETED,0,2016-09-22,2016,development,HTT-P1-AACT-20260905,2026-09-05,20260905_export_ctgov.zip,ctgov.studies.overall_status,COMPLETED=0;TERMINATED|WITHDRAWN=1,ctgov.studies.study_first_submitted_date,step2_reconciliation/HeartTrialTwin_step2_cohort_reconciliation.csv,5a254575d8d5276d1176b53b38dad6600b46d6732441698e8e14668699d8ac43
NCT02923609,COMPLETED,0,2016-10-03,2016,development,HTT-P1-AACT-20260905,2026-09-05,20260905_export_ctgov.zip,ctgov.studies.overall_status,COMPLETED=0;TERMINATED|WITHDRAWN=1,ctgov.studies.study_first_submitted_date,step2_reconciliation/HeartTrialTwin_step2_cohort_reconciliation.csv,5a254575d8d5276d1176b53b38dad6600b46d6732441698e8e14668699d8ac43
NCT02925546,COMPLETED,0,2016-10-04,2016,development,HTT-P1-AACT-20260905,2026-09-05,20260905_export_ctgov.zip,ctgov.studies.overall_status,COMPLETED=0;TERMINATED|WITHDRAWN=1,ctgov.studies.study_first_submitted_date,step2_reconciliation/HeartTrialTwin_step2_cohort_reconciliation.csv,5a254575d8d5276d1176b53b38dad6600b46d6732441698e8e14668699d8ac43
NCT02928783,COMPLETED,0,2016-09-04,2016,development,HTT-P1-AACT-20260905,2026-09-05,20260905_export_ctgov.zip,ctgov.studies.overall_status,COMPLETED=0;TERMINATED|WITHDRAWN=1,ctgov.studies.study_first_submitted_date,step2_reconciliation/HeartTrialTwin_step2_cohort_reconciliation.csv,5a254575d8d5276d1176b53b38dad6600b46d6732441698e8e14668699d8ac43
NCT02929329,COMPLETED,0,2016-09-30,2016,development,HTT-P1-AACT-20260905,2026-09-05,20260905_export_ctgov.zip,ctgov.studies.overall_status,COMPLETED=0;TERMINATED|WITHDRAWN=1,ctgov.studies.study_first_submitted_date,step2_reconciliation/HeartTrialTwin_step2_cohort_reconciliation.csv,5a254575d8d5276d1176b53b38dad6600b46d6732441698e8e14668699d8ac43
NCT02932566,COMPLETED,0,2016-09-27,2016,development,HTT-P1-AACT-20260905,2026-09-05,20260905_export_ctgov.zip,ctgov.studies.overall_status,COMPLETED=0;TERMINATED|WITHDRAWN=1,ctgov.studies.study_first_submitted_date,step2_reconciliation/HeartTrialTwin_step2_cohort_reconciliation.csv,5a254575d8d5276d1176b53b38dad6600b46d6732441698e8e14668699d8ac43
NCT02935439,COMPLETED,0,2016-10-13,2016,development,HTT-P1-AACT-20260905,2026-09-05,20260905_export_ctgov.zip,ctgov.studies.overall_status,COMPLETED=0;TERMINATED|WITHDRAWN=1,ctgov.studies.study_first_submitted_date,step2_reconciliation/HeartTrialTwin_step2_cohort_reconciliation.csv,5a254575d8d5276d1176b53b38dad6600b46d6732441698e8e14668699d8ac43
NCT02936050,COMPLETED,0,2016-09-26,2016,development,HTT-P1-AACT-20260905,2026-09-05,20260905_export_ctgov.zip,ctgov.studies.overall_status,COMPLETED=0;TERMINATED|WITHDRAWN=1,ctgov.studies.study_first_submitted_date,step2_reconciliation/HeartTrialTwin_step2_cohort_reconciliation.csv,5a254575d8d5276d1176b53b38dad6600b46d6732441698e8e14668699d8ac43
NCT02937454,COMPLETED,0,2016-10-14,2016,development,HTT-P1-AACT-20260905,2026-09-05,20260905_export_ctgov.zip,ctgov.studies.overall_status,COMPLETED=0;TERMINATED|WITHDRAWN=1,ctgov.studies.study_first_submitted_date,step2_reconciliation/HeartTrialTwin_step2_cohort_reconciliation.csv,5a254575d8d5276d1176b53b38dad6600b46d6732441698e8e14668699d8ac43
NCT02938052,COMPLETED,0,2016-10-14,2016,development,HTT-P1-AACT-20260905,2026-09-05,20260905_export_ctgov.zip,ctgov.studies.overall_status,COMPLETED=0;TERMINATED|WITHDRAWN=1,ctgov.studies.study_first_submitted_date,step2_reconciliation/HeartTrialTwin_step2_cohort_reconciliation.csv,5a254575d8d5276d1176b53b38dad6600b46d6732441698e8e14668699d8ac43
NCT02941315,COMPLETED,0,2016-10-12,2016,development,HTT-P1-AACT-20260905,2026-09-05,20260905_export_ctgov.zip,ctgov.studies.overall_status,COMPLETED=0;TERMINATED|WITHDRAWN=1,ctgov.studies.study_first_submitted_date,step2_reconciliation/HeartTrialTwin_step2_cohort_reconciliation.csv,5a254575d8d5276d1176b53b38dad6600b46d6732441698e8e14668699d8ac43
NCT02941705,COMPLETED,0,2016-08-10,2016,development,HTT-P1-AACT-20260905,2026-09-05,20260905_export_ctgov.zip,ctgov.studies.overall_status,COMPLETED=0;TERMINATED|WITHDRAWN=1,ctgov.studies.study_first_submitted_date,step2_reconciliation/HeartTrialTwin_step2_cohort_reconciliation.csv,5a254575d8d5276d1176b53b38dad6600b46d6732441698e8e14668699d8ac43
NCT02943590,COMPLETED,0,2016-10-21,2016,development,HTT-P1-AACT-20260905,2026-09-05,20260905_export_ctgov.zip,ctgov.studies.overall_status,COMPLETED=0;TERMINATED|WITHDRAWN=1,ctgov.studies.study_first_submitted_date,step2_reconciliation/HeartTrialTwin_step2_cohort_reconciliation.csv,5a254575d8d5276d1176b53b38dad6600b46d6732441698e8e14668699d8ac43
NCT02943941,COMPLETED,0,2016-08-08,2016,development,HTT-P1-AACT-20260905,2026-09-05,20260905_export_ctgov.zip,ctgov.studies.overall_status,COMPLETED=0;TERMINATED|WITHDRAWN=1,ctgov.studies.study_first_submitted_date,step2_reconciliation/HeartTrialTwin_step2_cohort_reconciliation.csv,5a254575d8d5276d1176b53b38dad6600b46d6732441698e8e14668699d8ac43
NCT02946853,COMPLETED,0,2016-10-24,2016,development,HTT-P1-AACT-20260905,2026-09-05,20260905_export_ctgov.zip,ctgov.studies.overall_status,COMPLETED=0;TERMINATED|WITHDRAWN=1,ctgov.studies.study_first_submitted_date,step2_reconciliation/HeartTrialTwin_step2_cohort_reconciliation.csv,5a254575d8d5276d1176b53b38dad6600b46d6732441698e8e14668699d8ac43
NCT02949531,COMPLETED,0,2016-10-03,2016,development,HTT-P1-AACT-20260905,2026-09-05,20260905_export_ctgov.zip,ctgov.studies.overall_status,COMPLETED=0;TERMINATED|WITHDRAWN=1,ctgov.studies.study_first_submitted_date,step2_reconciliation/HeartTrialTwin_step2_cohort_reconciliation.csv,5a254575d8d5276d1176b53b38dad6600b46d6732441698e8e14668699d8ac43
NCT02949544,COMPLETED,0,2016-10-13,2016,development,HTT-P1-AACT-20260905,2026-09-05,20260905_export_ctgov.zip,ctgov.studies.overall_status,COMPLETED=0;TERMINATED|WITHDRAWN=1,ctgov.studies.study_first_submitted_date,step2_reconciliation/HeartTrialTwin_step2_cohort_reconciliation.csv,5a254575d8d5276d1176b53b38dad6600b46d6732441698e8e14668699d8ac43
NCT02955420,COMPLETED,0,2016-11-01,2016,development,HTT-P1-AACT-20260905,2026-09-05,20260905_export_ctgov.zip,ctgov.studies.overall_status,COMPLETED=0;TERMINATED|WITHDRAWN=1,ctgov.studies.study_first_submitted_date,step2_reconciliation/HeartTrialTwin_step2_cohort_reconciliation.csv,5a254575d8d5276d1176b53b38dad6600b46d6732441698e8e14668699d8ac43
NCT02957955,COMPLETED,0,2016-10-27,2016,development,HTT-P1-AACT-20260905,2026-09-05,20260905_export_ctgov.zip,ctgov.studies.overall_status,COMPLETED=0;TERMINATED|WITHDRAWN=1,ctgov.studies.study_first_submitted_date,step2_reconciliation/HeartTrialTwin_step2_cohort_reconciliation.csv,5a254575d8d5276d1176b53b38dad6600b46d6732441698e8e14668699d8ac43
NCT02959372,COMPLETED,0,2016-11-07,2016,development,HTT-P1-AACT-20260905,2026-09-05,20260905_export_ctgov.zip,ctgov.studies.overall_status,COMPLETED=0;TERMINATED|WITHDRAWN=1,ctgov.studies.study_first_submitted_date,step2_reconciliation/HeartTrialTwin_step2_cohort_reconciliation.csv,5a254575d8d5276d1176b53b38dad6600b46d6732441698e8e14668699d8ac43
NCT02959411,TERMINATED,1,2016-10-17,2016,development,HTT-P1-AACT-20260905,2026-09-05,20260905_export_ctgov.zip,ctgov.studies.overall_status,COMPLETED=0;TERMINATED|WITHDRAWN=1,ctgov.studies.study_first_submitted_date,step2_reconciliation/HeartTrialTwin_step2_cohort_reconciliation.csv,5a254575d8d5276d1176b53b38dad6600b46d6732441698e8e14668699d8ac43
NCT02963272,COMPLETED,0,2016-10-31,2016,development,HTT-P1-AACT-20260905,2026-09-05,20260905_export_ctgov.zip,ctgov.studies.overall_status,COMPLETED=0;TERMINATED|WITHDRAWN=1,ctgov.studies.study_first_submitted_date,step2_reconciliation/HeartTrialTwin_step2_cohort_reconciliation.csv,5a254575d8d5276d1176b53b38dad6600b46d6732441698e8e14668699d8ac43
NCT02963597,COMPLETED,0,2016-11-10,2016,development,HTT-P1-AACT-20260905,2026-09-05,20260905_export_ctgov.zip,ctgov.studies.overall_status,COMPLETED=0;TERMINATED|WITHDRAWN=1,ctgov.studies.study_first_submitted_date,step2_reconciliation/HeartTrialTwin_step2_cohort_reconciliation.csv,5a254575d8d5276d1176b53b38dad6600b46d6732441698e8e14668699d8ac43
NCT02964650,COMPLETED,0,2016-11-08,2016,development,HTT-P1-AACT-20260905,2026-09-05,20260905_export_ctgov.zip,ctgov.studies.overall_status,COMPLETED=0;TERMINATED|WITHDRAWN=1,ctgov.studies.study_first_submitted_date,step2_reconciliation/HeartTrialTwin_step2_cohort_reconciliation.csv,5a254575d8d5276d1176b53b38dad6600b46d6732441698e8e14668699d8ac43
NCT02966899,WITHDRAWN,1,2016-11-11,2016,development,HTT-P1-AACT-20260905,2026-09-05,20260905_export_ctgov.zip,ctgov.studies.overall_status,COMPLETED=0;TERMINATED|WITHDRAWN=1,ctgov.studies.study_first_submitted_date,step2_reconciliation/HeartTrialTwin_step2_cohort_reconciliation.csv,5a254575d8d5276d1176b53b38dad6600b46d6732441698e8e14668699d8ac43
NCT02970669,COMPLETED,0,2016-11-17,2016,development,HTT-P1-AACT-20260905,2026-09-05,20260905_export_ctgov.zip,ctgov.studies.overall_status,COMPLETED=0;TERMINATED|WITHDRAWN=1,ctgov.studies.study_first_submitted_date,step2_reconciliation/HeartTrialTwin_step2_cohort_reconciliation.csv,5a254575d8d5276d1176b53b38dad6600b46d6732441698e8e14668699d8ac43
NCT02973594,COMPLETED,0,2016-11-22,2016,development,HTT-P1-AACT-20260905,2026-09-05,20260905_export_ctgov.zip,ctgov.studies.overall_status,COMPLETED=0;TERMINATED|WITHDRAWN=1,ctgov.studies.study_first_submitted_date,step2_reconciliation/HeartTrialTwin_step2_cohort_reconciliation.csv,5a254575d8d5276d1176b53b38dad6600b46d6732441698e8e14668699d8ac43
NCT02975921,WITHDRAWN,1,2016-11-17,2016,development,HTT-P1-AACT-20260905,2026-09-05,20260905_export_ctgov.zip,ctgov.studies.overall_status,COMPLETED=0;TERMINATED|WITHDRAWN=1,ctgov.studies.study_first_submitted_date,step2_reconciliation/HeartTrialTwin_step2_cohort_reconciliation.csv,5a254575d8d5276d1176b53b38dad6600b46d6732441698e8e14668699d8ac43
NCT02980068,COMPLETED,0,2016-11-17,2016,development,HTT-P1-AACT-20260905,2026-09-05,20260905_export_ctgov.zip,ctgov.studies.overall_status,COMPLETED=0;TERMINATED|WITHDRAWN=1,ctgov.studies.study_first_submitted_date,step2_reconciliation/HeartTrialTwin_step2_cohort_reconciliation.csv,5a254575d8d5276d1176b53b38dad6600b46d6732441698e8e14668699d8ac43
NCT02983448,COMPLETED,0,2016-11-30,2016,development,HTT-P1-AACT-20260905,2026-09-05,20260905_export_ctgov.zip,ctgov.studies.overall_status,COMPLETED=0;TERMINATED|WITHDRAWN=1,ctgov.studies.study_first_submitted_date,step2_reconciliation/HeartTrialTwin_step2_cohort_reconciliation.csv,5a254575d8d5276d1176b53b38dad6600b46d6732441698e8e14668699d8ac43
NCT02984124,COMPLETED,0,2016-11-28,2016,development,HTT-P1-AACT-20260905,2026-09-05,20260905_export_ctgov.zip,ctgov.studies.overall_status,COMPLETED=0;TERMINATED|WITHDRAWN=1,ctgov.studies.study_first_submitted_date,step2_reconciliation/HeartTrialTwin_step2_cohort_reconciliation.csv,5a254575d8d5276d1176b53b38dad6600b46d6732441698e8e14668699d8ac43
NCT02985268,WITHDRAWN,1,2016-12-01,2016,development,HTT-P1-AACT-20260905,2026-09-05,20260905_export_ctgov.zip,ctgov.studies.overall_status,COMPLETED=0;TERMINATED|WITHDRAWN=1,ctgov.studies.study_first_submitted_date,step2_reconciliation/HeartTrialTwin_step2_cohort_reconciliation.csv,5a254575d8d5276d1176b53b38dad6600b46d6732441698e8e14668699d8ac43
NCT02990663,COMPLETED,0,2016-12-05,2016,development,HTT-P1-AACT-20260905,2026-09-05,20260905_export_ctgov.zip,ctgov.studies.overall_status,COMPLETED=0;TERMINATED|WITHDRAWN=1,ctgov.studies.study_first_submitted_date,step2_reconciliation/HeartTrialTwin_step2_cohort_reconciliation.csv,5a254575d8d5276d1176b53b38dad6600b46d6732441698e8e14668699d8ac43
NCT02992288,COMPLETED,0,2016-12-12,2016,development,HTT-P1-AACT-20260905,2026-09-05,20260905_export_ctgov.zip,ctgov.studies.overall_status,COMPLETED=0;TERMINATED|WITHDRAWN=1,ctgov.studies.study_first_submitted_date,step2_reconciliation/HeartTrialTwin_step2_cohort_reconciliation.csv,5a254575d8d5276d1176b53b38dad6600b46d6732441698e8e14668699d8ac43
NCT02996721,COMPLETED,0,2016-12-15,2016,development,HTT-P1-AACT-20260905,2026-09-05,20260905_export_ctgov.zip,ctgov.studies.overall_status,COMPLETED=0;TERMINATED|WITHDRAWN=1,ctgov.studies.study_first_submitted_date,step2_reconciliation/HeartTrialTwin_step2_cohort_reconciliation.csv,5a254575d8d5276d1176b53b38dad6600b46d6732441698e8e14668699d8ac43
NCT02997670,WITHDRAWN,1,2016-12-07,2016,development,HTT-P1-AACT-20260905,2026-09-05,20260905_export_ctgov.zip,ctgov.studies.overall_status,COMPLETED=0;TERMINATED|WITHDRAWN=1,ctgov.studies.study_first_submitted_date,step2_reconciliation/HeartTrialTwin_step2_cohort_reconciliation.csv,5a254575d8d5276d1176b53b38dad6600b46d6732441698e8e14668699d8ac43
NCT02997865,COMPLETED,0,2016-12-15,2016,development,HTT-P1-AACT-20260905,2026-09-05,20260905_export_ctgov.zip,ctgov.studies.overall_status,COMPLETED=0;TERMINATED|WITHDRAWN=1,ctgov.studies.study_first_submitted_date,step2_reconciliation/HeartTrialTwin_step2_cohort_reconciliation.csv,5a254575d8d5276d1176b53b38dad6600b46d6732441698e8e14668699d8ac43
NCT02998697,COMPLETED,0,2016-12-14,2016,development,HTT-P1-AACT-20260905,2026-09-05,20260905_export_ctgov.zip,ctgov.studies.overall_status,COMPLETED=0;TERMINATED|WITHDRAWN=1,ctgov.studies.study_first_submitted_date,step2_reconciliation/HeartTrialTwin_step2_cohort_reconciliation.csv,5a254575d8d5276d1176b53b38dad6600b46d6732441698e8e14668699d8ac43
NCT03001674,COMPLETED,0,2014-03-27,2014,development,HTT-P1-AACT-20260905,2026-09-05,20260905_export_ctgov.zip,ctgov.studies.overall_status,COMPLETED=0;TERMINATED|WITHDRAWN=1,ctgov.studies.study_first_submitted_date,step2_reconciliation/HeartTrialTwin_step2_cohort_reconciliation.csv,5a254575d8d5276d1176b53b38dad6600b46d6732441698e8e14668699d8ac43
NCT03003780,COMPLETED,0,2016-12-13,2016,development,HTT-P1-AACT-20260905,2026-09-05,20260905_export_ctgov.zip,ctgov.studies.overall_status,COMPLETED=0;TERMINATED|WITHDRAWN=1,ctgov.studies.study_first_submitted_date,step2_reconciliation/HeartTrialTwin_step2_cohort_reconciliation.csv,5a254575d8d5276d1176b53b38dad6600b46d6732441698e8e14668699d8ac43
NCT03005184,WITHDRAWN,1,2016-12-22,2016,development,HTT-P1-AACT-20260905,2026-09-05,20260905_export_ctgov.zip,ctgov.studies.overall_status,COMPLETED=0;TERMINATED|WITHDRAWN=1,ctgov.studies.study_first_submitted_date,step2_reconciliation/HeartTrialTwin_step2_cohort_reconciliation.csv,5a254575d8d5276d1176b53b38dad6600b46d6732441698e8e14668699d8ac43
NCT03012256,COMPLETED,0,2016-12-12,2016,development,HTT-P1-AACT-20260905,2026-09-05,20260905_export_ctgov.zip,ctgov.studies.overall_status,COMPLETED=0;TERMINATED|WITHDRAWN=1,ctgov.studies.study_first_submitted_date,step2_reconciliation/HeartTrialTwin_step2_cohort_reconciliation.csv,5a254575d8d5276d1176b53b38dad6600b46d6732441698e8e14668699d8ac43
NCT03012490,COMPLETED,0,2016-12-19,2016,development,HTT-P1-AACT-20260905,2026-09-05,20260905_export_ctgov.zip,ctgov.studies.overall_status,COMPLETED=0;TERMINATED|WITHDRAWN=1,ctgov.studies.study_first_submitted_date,step2_reconciliation/HeartTrialTwin_step2_cohort_reconciliation.csv,5a254575d8d5276d1176b53b38dad6600b46d6732441698e8e14668699d8ac43
NCT03013270,COMPLETED,0,2016-12-22,2016,development,HTT-P1-AACT-20260905,2026-09-05,20260905_export_ctgov.zip,ctgov.studies.overall_status,COMPLETED=0;TERMINATED|WITHDRAWN=1,ctgov.studies.study_first_submitted_date,step2_reconciliation/HeartTrialTwin_step2_cohort_reconciliation.csv,5a254575d8d5276d1176b53b38dad6600b46d6732441698e8e14668699d8ac43
NCT03014180,COMPLETED,0,2016-10-11,2016,development,HTT-P1-AACT-20260905,2026-09-05,20260905_export_ctgov.zip,ctgov.studies.overall_status,COMPLETED=0;TERMINATED|WITHDRAWN=1,ctgov.studies.study_first_submitted_date,step2_reconciliation/HeartTrialTwin_step2_cohort_reconciliation.csv,5a254575d8d5276d1176b53b38dad6600b46d6732441698e8e14668699d8ac43
NCT03014375,COMPLETED,0,2017-01-05,2017,development,HTT-P1-AACT-20260905,2026-09-05,20260905_export_ctgov.zip,ctgov.studies.overall_status,COMPLETED=0;TERMINATED|WITHDRAWN=1,ctgov.studies.study_first_submitted_date,step2_reconciliation/HeartTrialTwin_step2_cohort_reconciliation.csv,5a254575d8d5276d1176b53b38dad6600b46d6732441698e8e14668699d8ac43
NCT03015402,COMPLETED,0,2017-01-05,2017,development,HTT-P1-AACT-20260905,2026-09-05,20260905_export_ctgov.zip,ctgov.studies.overall_status,COMPLETED=0;TERMINATED|WITHDRAWN=1,ctgov.studies.study_first_submitted_date,step2_reconciliation/HeartTrialTwin_step2_cohort_reconciliation.csv,5a254575d8d5276d1176b53b38dad6600b46d6732441698e8e14668699d8ac43
NCT03016325,COMPLETED,0,2017-01-09,2017,development,HTT-P1-AACT-20260905,2026-09-05,20260905_export_ctgov.zip,ctgov.studies.overall_status,COMPLETED=0;TERMINATED|WITHDRAWN=1,ctgov.studies.study_first_submitted_date,step2_reconciliation/HeartTrialTwin_step2_cohort_reconciliation.csv,5a254575d8d5276d1176b53b38dad6600b46d6732441698e8e14668699d8ac43
NCT03018561,COMPLETED,0,2016-12-06,2016,development,HTT-P1-AACT-20260905,2026-09-05,20260905_export_ctgov.zip,ctgov.studies.overall_status,COMPLETED=0;TERMINATED|WITHDRAWN=1,ctgov.studies.study_first_submitted_date,step2_reconciliation/HeartTrialTwin_step2_cohort_reconciliation.csv,5a254575d8d5276d1176b53b38dad6600b46d6732441698e8e14668699d8ac43
NCT03019653,COMPLETED,0,2017-01-11,2017,development,HTT-P1-AACT-20260905,2026-09-05,20260905_export_ctgov.zip,ctgov.studies.overall_status,COMPLETED=0;TERMINATED|WITHDRAWN=1,ctgov.studies.study_first_submitted_date,step2_reconciliation/HeartTrialTwin_step2_cohort_reconciliation.csv,5a254575d8d5276d1176b53b38dad6600b46d6732441698e8e14668699d8ac43
NCT03026088,TERMINATED,1,2017-01-12,2017,development,HTT-P1-AACT-20260905,2026-09-05,20260905_export_ctgov.zip,ctgov.studies.overall_status,COMPLETED=0;TERMINATED|WITHDRAWN=1,ctgov.studies.study_first_submitted_date,step2_reconciliation/HeartTrialTwin_step2_cohort_reconciliation.csv,5a254575d8d5276d1176b53b38dad6600b46d6732441698e8e14668699d8ac43
NCT03027960,COMPLETED,0,2017-01-17,2017,development,HTT-P1-AACT-20260905,2026-09-05,20260905_export_ctgov.zip,ctgov.studies.overall_status,COMPLETED=0;TERMINATED|WITHDRAWN=1,ctgov.studies.study_first_submitted_date,step2_reconciliation/HeartTrialTwin_step2_cohort_reconciliation.csv,5a254575d8d5276d1176b53b38dad6600b46d6732441698e8e14668699d8ac43
NCT03028168,COMPLETED,0,2017-01-16,2017,development,HTT-P1-AACT-20260905,2026-09-05,20260905_export_ctgov.zip,ctgov.studies.overall_status,COMPLETED=0;TERMINATED|WITHDRAWN=1,ctgov.studies.study_first_submitted_date,step2_reconciliation/HeartTrialTwin_step2_cohort_reconciliation.csv,5a254575d8d5276d1176b53b38dad6600b46d6732441698e8e14668699d8ac43
NCT03030222,COMPLETED,0,2017-01-20,2017,development,HTT-P1-AACT-20260905,2026-09-05,20260905_export_ctgov.zip,ctgov.studies.overall_status,COMPLETED=0;TERMINATED|WITHDRAWN=1,ctgov.studies.study_first_submitted_date,step2_reconciliation/HeartTrialTwin_step2_cohort_reconciliation.csv,5a254575d8d5276d1176b53b38dad6600b46d6732441698e8e14668699d8ac43
NCT03030235,COMPLETED,0,2017-01-20,2017,development,HTT-P1-AACT-20260905,2026-09-05,20260905_export_ctgov.zip,ctgov.studies.overall_status,COMPLETED=0;TERMINATED|WITHDRAWN=1,ctgov.studies.study_first_submitted_date,step2_reconciliation/HeartTrialTwin_step2_cohort_reconciliation.csv,5a254575d8d5276d1176b53b38dad6600b46d6732441698e8e14668699d8ac43
NCT03030274,COMPLETED,0,2017-01-17,2017,development,HTT-P1-AACT-20260905,2026-09-05,20260905_export_ctgov.zip,ctgov.studies.overall_status,COMPLETED=0;TERMINATED|WITHDRAWN=1,ctgov.studies.study_first_submitted_date,step2_reconciliation/HeartTrialTwin_step2_cohort_reconciliation.csv,5a254575d8d5276d1176b53b38dad6600b46d6732441698e8e14668699d8ac43
NCT03031847,COMPLETED,0,2017-01-19,2017,development,HTT-P1-AACT-20260905,2026-09-05,20260905_export_ctgov.zip,ctgov.studies.overall_status,COMPLETED=0;TERMINATED|WITHDRAWN=1,ctgov.studies.study_first_submitted_date,step2_reconciliation/HeartTrialTwin_step2_cohort_reconciliation.csv,5a254575d8d5276d1176b53b38dad6600b46d6732441698e8e14668699d8ac43
NCT03032081,WITHDRAWN,1,2017-01-24,2017,development,HTT-P1-AACT-20260905,2026-09-05,20260905_export_ctgov.zip,ctgov.studies.overall_status,COMPLETED=0;TERMINATED|WITHDRAWN=1,ctgov.studies.study_first_submitted_date,step2_reconciliation/HeartTrialTwin_step2_cohort_reconciliation.csv,5a254575d8d5276d1176b53b38dad6600b46d6732441698e8e14668699d8ac43
NCT03032211,WITHDRAWN,1,2016-08-11,2016,development,HTT-P1-AACT-20260905,2026-09-05,20260905_export_ctgov.zip,ctgov.studies.overall_status,COMPLETED=0;TERMINATED|WITHDRAWN=1,ctgov.studies.study_first_submitted_date,step2_reconciliation/HeartTrialTwin_step2_cohort_reconciliation.csv,5a254575d8d5276d1176b53b38dad6600b46d6732441698e8e14668699d8ac43
NCT03034551,WITHDRAWN,1,2017-01-25,2017,development,HTT-P1-AACT-20260905,2026-09-05,20260905_export_ctgov.zip,ctgov.studies.overall_status,COMPLETED=0;TERMINATED|WITHDRAWN=1,ctgov.studies.study_first_submitted_date,step2_reconciliation/HeartTrialTwin_step2_cohort_reconciliation.csv,5a254575d8d5276d1176b53b38dad6600b46d6732441698e8e14668699d8ac43
NCT03035123,COMPLETED,0,2016-12-05,2016,development,HTT-P1-AACT-20260905,2026-09-05,20260905_export_ctgov.zip,ctgov.studies.overall_status,COMPLETED=0;TERMINATED|WITHDRAWN=1,ctgov.studies.study_first_submitted_date,step2_reconciliation/HeartTrialTwin_step2_cohort_reconciliation.csv,5a254575d8d5276d1176b53b38dad6600b46d6732441698e8e14668699d8ac43
NCT03035474,COMPLETED,0,2017-01-05,2017,development,HTT-P1-AACT-20260905,2026-09-05,20260905_export_ctgov.zip,ctgov.studies.overall_status,COMPLETED=0;TERMINATED|WITHDRAWN=1,ctgov.studies.study_first_submitted_date,step2_reconciliation/HeartTrialTwin_step2_cohort_reconciliation.csv,5a254575d8d5276d1176b53b38dad6600b46d6732441698e8e14668699d8ac43
NCT03035565,COMPLETED,0,2017-01-12,2017,development,HTT-P1-AACT-20260905,2026-09-05,20260905_export_ctgov.zip,ctgov.studies.overall_status,COMPLETED=0;TERMINATED|WITHDRAWN=1,ctgov.studies.study_first_submitted_date,step2_reconciliation/HeartTrialTwin_step2_cohort_reconciliation.csv,5a254575d8d5276d1176b53b38dad6600b46d6732441698e8e14668699d8ac43
NCT03036124,COMPLETED,0,2017-01-26,2017,development,HTT-P1-AACT-20260905,2026-09-05,20260905_export_ctgov.zip,ctgov.studies.overall_status,COMPLETED=0;TERMINATED|WITHDRAWN=1,ctgov.studies.study_first_submitted_date,step2_reconciliation/HeartTrialTwin_step2_cohort_reconciliation.csv,5a254575d8d5276d1176b53b38dad6600b46d6732441698e8e14668699d8ac43
NCT03036462,COMPLETED,0,2016-09-15,2016,development,HTT-P1-AACT-20260905,2026-09-05,20260905_export_ctgov.zip,ctgov.studies.overall_status,COMPLETED=0;TERMINATED|WITHDRAWN=1,ctgov.studies.study_first_submitted_date,step2_reconciliation/HeartTrialTwin_step2_cohort_reconciliation.csv,5a254575d8d5276d1176b53b38dad6600b46d6732441698e8e14668699d8ac43
NCT03037580,TERMINATED,1,2017-01-27,2017,development,HTT-P1-AACT-20260905,2026-09-05,20260905_export_ctgov.zip,ctgov.studies.overall_status,COMPLETED=0;TERMINATED|WITHDRAWN=1,ctgov.studies.study_first_submitted_date,step2_reconciliation/HeartTrialTwin_step2_cohort_reconciliation.csv,5a254575d8d5276d1176b53b38dad6600b46d6732441698e8e14668699d8ac43
NCT03037931,COMPLETED,0,2017-01-25,2017,development,HTT-P1-AACT-20260905,2026-09-05,20260905_export_ctgov.zip,ctgov.studies.overall_status,COMPLETED=0;TERMINATED|WITHDRAWN=1,ctgov.studies.study_first_submitted_date,step2_reconciliation/HeartTrialTwin_step2_cohort_reconciliation.csv,5a254575d8d5276d1176b53b38dad6600b46d6732441698e8e14668699d8ac43
NCT03042130,WITHDRAWN,1,2017-01-17,2017,development,HTT-P1-AACT-20260905,2026-09-05,20260905_export_ctgov.zip,ctgov.studies.overall_status,COMPLETED=0;TERMINATED|WITHDRAWN=1,ctgov.studies.study_first_submitted_date,step2_reconciliation/HeartTrialTwin_step2_cohort_reconciliation.csv,5a254575d8d5276d1176b53b38dad6600b46d6732441698e8e14668699d8ac43
NCT03043261,COMPLETED,0,2017-02-02,2017,development,HTT-P1-AACT-20260905,2026-09-05,20260905_export_ctgov.zip,ctgov.studies.overall_status,COMPLETED=0;TERMINATED|WITHDRAWN=1,ctgov.studies.study_first_submitted_date,step2_reconciliation/HeartTrialTwin_step2_cohort_reconciliation.csv,5a254575d8d5276d1176b53b38dad6600b46d6732441698e8e14668699d8ac43
NCT03049748,COMPLETED,0,2017-02-04,2017,development,HTT-P1-AACT-20260905,2026-09-05,20260905_export_ctgov.zip,ctgov.studies.overall_status,COMPLETED=0;TERMINATED|WITHDRAWN=1,ctgov.studies.study_first_submitted_date,step2_reconciliation/HeartTrialTwin_step2_cohort_reconciliation.csv,5a254575d8d5276d1176b53b38dad6600b46d6732441698e8e14668699d8ac43
NCT03056443,COMPLETED,0,2017-02-13,2017,development,HTT-P1-AACT-20260905,2026-09-05,20260905_export_ctgov.zip,ctgov.studies.overall_status,COMPLETED=0;TERMINATED|WITHDRAWN=1,ctgov.studies.study_first_submitted_date,step2_reconciliation/HeartTrialTwin_step2_cohort_reconciliation.csv,5a254575d8d5276d1176b53b38dad6600b46d6732441698e8e14668699d8ac43
NCT03057951,COMPLETED,0,2017-02-16,2017,development,HTT-P1-AACT-20260905,2026-09-05,20260905_export_ctgov.zip,ctgov.studies.overall_status,COMPLETED=0;TERMINATED|WITHDRAWN=1,ctgov.studies.study_first_submitted_date,step2_reconciliation/HeartTrialTwin_step2_cohort_reconciliation.csv,5a254575d8d5276d1176b53b38dad6600b46d6732441698e8e14668699d8ac43
NCT03057977,COMPLETED,0,2017-02-16,2017,development,HTT-P1-AACT-20260905,2026-09-05,20260905_export_ctgov.zip,ctgov.studies.overall_status,COMPLETED=0;TERMINATED|WITHDRAWN=1,ctgov.studies.study_first_submitted_date,step2_reconciliation/HeartTrialTwin_step2_cohort_reconciliation.csv,5a254575d8d5276d1176b53b38dad6600b46d6732441698e8e14668699d8ac43
NCT03059680,COMPLETED,0,2017-02-16,2017,development,HTT-P1-AACT-20260905,2026-09-05,20260905_export_ctgov.zip,ctgov.studies.overall_status,COMPLETED=0;TERMINATED|WITHDRAWN=1,ctgov.studies.study_first_submitted_date,step2_reconciliation/HeartTrialTwin_step2_cohort_reconciliation.csv,5a254575d8d5276d1176b53b38dad6600b46d6732441698e8e14668699d8ac43
NCT03062176,WITHDRAWN,1,2017-01-25,2017,development,HTT-P1-AACT-20260905,2026-09-05,20260905_export_ctgov.zip,ctgov.studies.overall_status,COMPLETED=0;TERMINATED|WITHDRAWN=1,ctgov.studies.study_first_submitted_date,step2_reconciliation/HeartTrialTwin_step2_cohort_reconciliation.csv,5a254575d8d5276d1176b53b38dad6600b46d6732441698e8e14668699d8ac43
NCT03066804,COMPLETED,0,2017-02-23,2017,development,HTT-P1-AACT-20260905,2026-09-05,20260905_export_ctgov.zip,ctgov.studies.overall_status,COMPLETED=0;TERMINATED|WITHDRAWN=1,ctgov.studies.study_first_submitted_date,step2_reconciliation/HeartTrialTwin_step2_cohort_reconciliation.csv,5a254575d8d5276d1176b53b38dad6600b46d6732441698e8e14668699d8ac43
NCT03071978,COMPLETED,0,2017-01-23,2017,development,HTT-P1-AACT-20260905,2026-09-05,20260905_export_ctgov.zip,ctgov.studies.overall_status,COMPLETED=0;TERMINATED|WITHDRAWN=1,ctgov.studies.study_first_submitted_date,step2_reconciliation/HeartTrialTwin_step2_cohort_reconciliation.csv,5a254575d8d5276d1176b53b38dad6600b46d6732441698e8e14668699d8ac43
NCT03073005,COMPLETED,0,2017-02-20,2017,development,HTT-P1-AACT-20260905,2026-09-05,20260905_export_ctgov.zip,ctgov.studies.overall_status,COMPLETED=0;TERMINATED|WITHDRAWN=1,ctgov.studies.study_first_submitted_date,step2_reconciliation/HeartTrialTwin_step2_cohort_reconciliation.csv,5a254575d8d5276d1176b53b38dad6600b46d6732441698e8e14668699d8ac43
NCT03073356,COMPLETED,0,2017-02-20,2017,development,HTT-P1-AACT-20260905,2026-09-05,20260905_export_ctgov.zip,ctgov.studies.overall_status,COMPLETED=0;TERMINATED|WITHDRAWN=1,ctgov.studies.study_first_submitted_date,step2_reconciliation/HeartTrialTwin_step2_cohort_reconciliation.csv,5a254575d8d5276d1176b53b38dad6600b46d6732441698e8e14668699d8ac43
NCT03073629,TERMINATED,1,2017-03-02,2017,development,HTT-P1-AACT-20260905,2026-09-05,20260905_export_ctgov.zip,ctgov.studies.overall_status,COMPLETED=0;TERMINATED|WITHDRAWN=1,ctgov.studies.study_first_submitted_date,step2_reconciliation/HeartTrialTwin_step2_cohort_reconciliation.csv,5a254575d8d5276d1176b53b38dad6600b46d6732441698e8e14668699d8ac43
NCT03073668,COMPLETED,0,2017-03-03,2017,development,HTT-P1-AACT-20260905,2026-09-05,20260905_export_ctgov.zip,ctgov.studies.overall_status,COMPLETED=0;TERMINATED|WITHDRAWN=1,ctgov.studies.study_first_submitted_date,step2_reconciliation/HeartTrialTwin_step2_cohort_reconciliation.csv,5a254575d8d5276d1176b53b38dad6600b46d6732441698e8e14668699d8ac43
NCT03074591,COMPLETED,0,2017-03-01,2017,development,HTT-P1-AACT-20260905,2026-09-05,20260905_export_ctgov.zip,ctgov.studies.overall_status,COMPLETED=0;TERMINATED|WITHDRAWN=1,ctgov.studies.study_first_submitted_date,step2_reconciliation/HeartTrialTwin_step2_cohort_reconciliation.csv,5a254575d8d5276d1176b53b38dad6600b46d6732441698e8e14668699d8ac43
NCT03077386,COMPLETED,0,2017-03-01,2017,development,HTT-P1-AACT-20260905,2026-09-05,20260905_export_ctgov.zip,ctgov.studies.overall_status,COMPLETED=0;TERMINATED|WITHDRAWN=1,ctgov.studies.study_first_submitted_date,step2_reconciliation/HeartTrialTwin_step2_cohort_reconciliation.csv,5a254575d8d5276d1176b53b38dad6600b46d6732441698e8e14668699d8ac43
NCT03079518,COMPLETED,0,2017-03-03,2017,development,HTT-P1-AACT-20260905,2026-09-05,20260905_export_ctgov.zip,ctgov.studies.overall_status,COMPLETED=0;TERMINATED|WITHDRAWN=1,ctgov.studies.study_first_submitted_date,step2_reconciliation/HeartTrialTwin_step2_cohort_reconciliation.csv,5a254575d8d5276d1176b53b38dad6600b46d6732441698e8e14668699d8ac43
NCT03087773,COMPLETED,0,2017-03-17,2017,development,HTT-P1-AACT-20260905,2026-09-05,20260905_export_ctgov.zip,ctgov.studies.overall_status,COMPLETED=0;TERMINATED|WITHDRAWN=1,ctgov.studies.study_first_submitted_date,step2_reconciliation/HeartTrialTwin_step2_cohort_reconciliation.csv,5a254575d8d5276d1176b53b38dad6600b46d6732441698e8e14668699d8ac43
NCT03089281,COMPLETED,0,2017-03-19,2017,development,HTT-P1-AACT-20260905,2026-09-05,20260905_export_ctgov.zip,ctgov.studies.overall_status,COMPLETED=0;TERMINATED|WITHDRAWN=1,ctgov.studies.study_first_submitted_date,step2_reconciliation/HeartTrialTwin_step2_cohort_reconciliation.csv,5a254575d8d5276d1176b53b38dad6600b46d6732441698e8e14668699d8ac43
NCT03089502,TERMINATED,1,2017-03-16,2017,development,HTT-P1-AACT-20260905,2026-09-05,20260905_export_ctgov.zip,ctgov.studies.overall_status,COMPLETED=0;TERMINATED|WITHDRAWN=1,ctgov.studies.study_first_submitted_date,step2_reconciliation/HeartTrialTwin_step2_cohort_reconciliation.csv,5a254575d8d5276d1176b53b38dad6600b46d6732441698e8e14668699d8ac43
NCT03090568,COMPLETED,0,2017-03-20,2017,development,HTT-P1-AACT-20260905,2026-09-05,20260905_export_ctgov.zip,ctgov.studies.overall_status,COMPLETED=0;TERMINATED|WITHDRAWN=1,ctgov.studies.study_first_submitted_date,step2_reconciliation/HeartTrialTwin_step2_cohort_reconciliation.csv,5a254575d8d5276d1176b53b38dad6600b46d6732441698e8e14668699d8ac43
NCT03090724,COMPLETED,0,2017-03-20,2017,development,HTT-P1-AACT-20260905,2026-09-05,20260905_export_ctgov.zip,ctgov.studies.overall_status,COMPLETED=0;TERMINATED|WITHDRAWN=1,ctgov.studies.study_first_submitted_date,step2_reconciliation/HeartTrialTwin_step2_cohort_reconciliation.csv,5a254575d8d5276d1176b53b38dad6600b46d6732441698e8e14668699d8ac43
NCT03091998,WITHDRAWN,1,2017-03-09,2017,development,HTT-P1-AACT-20260905,2026-09-05,20260905_export_ctgov.zip,ctgov.studies.overall_status,COMPLETED=0;TERMINATED|WITHDRAWN=1,ctgov.studies.study_first_submitted_date,step2_reconciliation/HeartTrialTwin_step2_cohort_reconciliation.csv,5a254575d8d5276d1176b53b38dad6600b46d6732441698e8e14668699d8ac43
NCT03092284,COMPLETED,0,2015-07-20,2015,development,HTT-P1-AACT-20260905,2026-09-05,20260905_export_ctgov.zip,ctgov.studies.overall_status,COMPLETED=0;TERMINATED|WITHDRAWN=1,ctgov.studies.study_first_submitted_date,step2_reconciliation/HeartTrialTwin_step2_cohort_reconciliation.csv,5a254575d8d5276d1176b53b38dad6600b46d6732441698e8e14668699d8ac43
NCT03092388,COMPLETED,0,2017-03-21,2017,development,HTT-P1-AACT-20260905,2026-09-05,20260905_export_ctgov.zip,ctgov.studies.overall_status,COMPLETED=0;TERMINATED|WITHDRAWN=1,ctgov.studies.study_first_submitted_date,step2_reconciliation/HeartTrialTwin_step2_cohort_reconciliation.csv,5a254575d8d5276d1176b53b38dad6600b46d6732441698e8e14668699d8ac43
NCT03098979,COMPLETED,0,2017-03-15,2017,development,HTT-P1-AACT-20260905,2026-09-05,20260905_export_ctgov.zip,ctgov.studies.overall_status,COMPLETED=0;TERMINATED|WITHDRAWN=1,ctgov.studies.study_first_submitted_date,step2_reconciliation/HeartTrialTwin_step2_cohort_reconciliation.csv,5a254575d8d5276d1176b53b38dad6600b46d6732441698e8e14668699d8ac43
NCT03099655,COMPLETED,0,2017-03-14,2017,development,HTT-P1-AACT-20260905,2026-09-05,20260905_export_ctgov.zip,ctgov.studies.overall_status,COMPLETED=0;TERMINATED|WITHDRAWN=1,ctgov.studies.study_first_submitted_date,step2_reconciliation/HeartTrialTwin_step2_cohort_reconciliation.csv,5a254575d8d5276d1176b53b38dad6600b46d6732441698e8e14668699d8ac43
NCT03102437,TERMINATED,1,2017-03-23,2017,development,HTT-P1-AACT-20260905,2026-09-05,20260905_export_ctgov.zip,ctgov.studies.overall_status,COMPLETED=0;TERMINATED|WITHDRAWN=1,ctgov.studies.study_first_submitted_date,step2_reconciliation/HeartTrialTwin_step2_cohort_reconciliation.csv,5a254575d8d5276d1176b53b38dad6600b46d6732441698e8e14668699d8ac43
NCT03102827,TERMINATED,1,2017-03-21,2017,development,HTT-P1-AACT-20260905,2026-09-05,20260905_export_ctgov.zip,ctgov.studies.overall_status,COMPLETED=0;TERMINATED|WITHDRAWN=1,ctgov.studies.study_first_submitted_date,step2_reconciliation/HeartTrialTwin_step2_cohort_reconciliation.csv,5a254575d8d5276d1176b53b38dad6600b46d6732441698e8e14668699d8ac43
NCT03108235,COMPLETED,0,2017-03-30,2017,development,HTT-P1-AACT-20260905,2026-09-05,20260905_export_ctgov.zip,ctgov.studies.overall_status,COMPLETED=0;TERMINATED|WITHDRAWN=1,ctgov.studies.study_first_submitted_date,step2_reconciliation/HeartTrialTwin_step2_cohort_reconciliation.csv,5a254575d8d5276d1176b53b38dad6600b46d6732441698e8e14668699d8ac43
NCT03111017,COMPLETED,0,2017-03-25,2017,development,HTT-P1-AACT-20260905,2026-09-05,20260905_export_ctgov.zip,ctgov.studies.overall_status,COMPLETED=0;TERMINATED|WITHDRAWN=1,ctgov.studies.study_first_submitted_date,step2_reconciliation/HeartTrialTwin_step2_cohort_reconciliation.csv,5a254575d8d5276d1176b53b38dad6600b46d6732441698e8e14668699d8ac43
NCT03118752,COMPLETED,0,2017-04-06,2017,development,HTT-P1-AACT-20260905,2026-09-05,20260905_export_ctgov.zip,ctgov.studies.overall_status,COMPLETED=0;TERMINATED|WITHDRAWN=1,ctgov.studies.study_first_submitted_date,step2_reconciliation/HeartTrialTwin_step2_cohort_reconciliation.csv,5a254575d8d5276d1176b53b38dad6600b46d6732441698e8e14668699d8ac43
NCT03119623,WITHDRAWN,1,2017-04-10,2017,development,HTT-P1-AACT-20260905,2026-09-05,20260905_export_ctgov.zip,ctgov.studies.overall_status,COMPLETED=0;TERMINATED|WITHDRAWN=1,ctgov.studies.study_first_submitted_date,step2_reconciliation/HeartTrialTwin_step2_cohort_reconciliation.csv,5a254575d8d5276d1176b53b38dad6600b46d6732441698e8e14668699d8ac43
NCT03119844,COMPLETED,0,2017-04-11,2017,development,HTT-P1-AACT-20260905,2026-09-05,20260905_export_ctgov.zip,ctgov.studies.overall_status,COMPLETED=0;TERMINATED|WITHDRAWN=1,ctgov.studies.study_first_submitted_date,step2_reconciliation/HeartTrialTwin_step2_cohort_reconciliation.csv,5a254575d8d5276d1176b53b38dad6600b46d6732441698e8e14668699d8ac43
NCT03122769,COMPLETED,0,2017-04-18,2017,development,HTT-P1-AACT-20260905,2026-09-05,20260905_export_ctgov.zip,ctgov.studies.overall_status,COMPLETED=0;TERMINATED|WITHDRAWN=1,ctgov.studies.study_first_submitted_date,step2_reconciliation/HeartTrialTwin_step2_cohort_reconciliation.csv,5a254575d8d5276d1176b53b38dad6600b46d6732441698e8e14668699d8ac43
NCT03125720,COMPLETED,0,2017-04-14,2017,development,HTT-P1-AACT-20260905,2026-09-05,20260905_export_ctgov.zip,ctgov.studies.overall_status,COMPLETED=0;TERMINATED|WITHDRAWN=1,ctgov.studies.study_first_submitted_date,step2_reconciliation/HeartTrialTwin_step2_cohort_reconciliation.csv,5a254575d8d5276d1176b53b38dad6600b46d6732441698e8e14668699d8ac43
NCT03126656,COMPLETED,0,2017-04-19,2017,development,HTT-P1-AACT-20260905,2026-09-05,20260905_export_ctgov.zip,ctgov.studies.overall_status,COMPLETED=0;TERMINATED|WITHDRAWN=1,ctgov.studies.study_first_submitted_date,step2_reconciliation/HeartTrialTwin_step2_cohort_reconciliation.csv,5a254575d8d5276d1176b53b38dad6600b46d6732441698e8e14668699d8ac43
NCT03127202,COMPLETED,0,2016-03-02,2016,development,HTT-P1-AACT-20260905,2026-09-05,20260905_export_ctgov.zip,ctgov.studies.overall_status,COMPLETED=0;TERMINATED|WITHDRAWN=1,ctgov.studies.study_first_submitted_date,step2_reconciliation/HeartTrialTwin_step2_cohort_reconciliation.csv,5a254575d8d5276d1176b53b38dad6600b46d6732441698e8e14668699d8ac43
NCT03127852,COMPLETED,0,2016-08-09,2016,development,HTT-P1-AACT-20260905,2026-09-05,20260905_export_ctgov.zip,ctgov.studies.overall_status,COMPLETED=0;TERMINATED|WITHDRAWN=1,ctgov.studies.study_first_submitted_date,step2_reconciliation/HeartTrialTwin_step2_cohort_reconciliation.csv,5a254575d8d5276d1176b53b38dad6600b46d6732441698e8e14668699d8ac43
NCT03128060,TERMINATED,1,2017-04-16,2017,development,HTT-P1-AACT-20260905,2026-09-05,20260905_export_ctgov.zip,ctgov.studies.overall_status,COMPLETED=0;TERMINATED|WITHDRAWN=1,ctgov.studies.study_first_submitted_date,step2_reconciliation/HeartTrialTwin_step2_cohort_reconciliation.csv,5a254575d8d5276d1176b53b38dad6600b46d6732441698e8e14668699d8ac43
NCT03128528,COMPLETED,0,2017-04-03,2017,development,HTT-P1-AACT-20260905,2026-09-05,20260905_export_ctgov.zip,ctgov.studies.overall_status,COMPLETED=0;TERMINATED|WITHDRAWN=1,ctgov.studies.study_first_submitted_date,step2_reconciliation/HeartTrialTwin_step2_cohort_reconciliation.csv,5a254575d8d5276d1176b53b38dad6600b46d6732441698e8e14668699d8ac43
NCT03132441,WITHDRAWN,1,2017-04-25,2017,development,HTT-P1-AACT-20260905,2026-09-05,20260905_export_ctgov.zip,ctgov.studies.overall_status,COMPLETED=0;TERMINATED|WITHDRAWN=1,ctgov.studies.study_first_submitted_date,step2_reconciliation/HeartTrialTwin_step2_cohort_reconciliation.csv,5a254575d8d5276d1176b53b38dad6600b46d6732441698e8e14668699d8ac43
NCT03133793,COMPLETED,0,2017-04-25,2017,development,HTT-P1-AACT-20260905,2026-09-05,20260905_export_ctgov.zip,ctgov.studies.overall_status,COMPLETED=0;TERMINATED|WITHDRAWN=1,ctgov.studies.study_first_submitted_date,step2_reconciliation/HeartTrialTwin_step2_cohort_reconciliation.csv,5a254575d8d5276d1176b53b38dad6600b46d6732441698e8e14668699d8ac43
NCT03136029,COMPLETED,0,2017-04-27,2017,development,HTT-P1-AACT-20260905,2026-09-05,20260905_export_ctgov.zip,ctgov.studies.overall_status,COMPLETED=0;TERMINATED|WITHDRAWN=1,ctgov.studies.study_first_submitted_date,step2_reconciliation/HeartTrialTwin_step2_cohort_reconciliation.csv,5a254575d8d5276d1176b53b38dad6600b46d6732441698e8e14668699d8ac43
NCT03136198,COMPLETED,0,2017-04-19,2017,development,HTT-P1-AACT-20260905,2026-09-05,20260905_export_ctgov.zip,ctgov.studies.overall_status,COMPLETED=0;TERMINATED|WITHDRAWN=1,ctgov.studies.study_first_submitted_date,step2_reconciliation/HeartTrialTwin_step2_cohort_reconciliation.csv,5a254575d8d5276d1176b53b38dad6600b46d6732441698e8e14668699d8ac43
NCT03140566,COMPLETED,0,2017-04-25,2017,development,HTT-P1-AACT-20260905,2026-09-05,20260905_export_ctgov.zip,ctgov.studies.overall_status,COMPLETED=0;TERMINATED|WITHDRAWN=1,ctgov.studies.study_first_submitted_date,step2_reconciliation/HeartTrialTwin_step2_cohort_reconciliation.csv,5a254575d8d5276d1176b53b38dad6600b46d6732441698e8e14668699d8ac43
NCT03143569,COMPLETED,0,2017-04-20,2017,development,HTT-P1-AACT-20260905,2026-09-05,20260905_export_ctgov.zip,ctgov.studies.overall_status,COMPLETED=0;TERMINATED|WITHDRAWN=1,ctgov.studies.study_first_submitted_date,step2_reconciliation/HeartTrialTwin_step2_cohort_reconciliation.csv,5a254575d8d5276d1176b53b38dad6600b46d6732441698e8e14668699d8ac43
NCT03143881,COMPLETED,0,2017-05-04,2017,development,HTT-P1-AACT-20260905,2026-09-05,20260905_export_ctgov.zip,ctgov.studies.overall_status,COMPLETED=0;TERMINATED|WITHDRAWN=1,ctgov.studies.study_first_submitted_date,step2_reconciliation/HeartTrialTwin_step2_cohort_reconciliation.csv,5a254575d8d5276d1176b53b38dad6600b46d6732441698e8e14668699d8ac43
NCT03146741,COMPLETED,0,2017-04-27,2017,development,HTT-P1-AACT-20260905,2026-09-05,20260905_export_ctgov.zip,ctgov.studies.overall_status,COMPLETED=0;TERMINATED|WITHDRAWN=1,ctgov.studies.study_first_submitted_date,step2_reconciliation/HeartTrialTwin_step2_cohort_reconciliation.csv,5a254575d8d5276d1176b53b38dad6600b46d6732441698e8e14668699d8ac43
NCT03146754,COMPLETED,0,2017-05-08,2017,development,HTT-P1-AACT-20260905,2026-09-05,20260905_export_ctgov.zip,ctgov.studies.overall_status,COMPLETED=0;TERMINATED|WITHDRAWN=1,ctgov.studies.study_first_submitted_date,step2_reconciliation/HeartTrialTwin_step2_cohort_reconciliation.csv,5a254575d8d5276d1176b53b38dad6600b46d6732441698e8e14668699d8ac43
NCT03149510,COMPLETED,0,2017-04-20,2017,development,HTT-P1-AACT-20260905,2026-09-05,20260905_export_ctgov.zip,ctgov.studies.overall_status,COMPLETED=0;TERMINATED|WITHDRAWN=1,ctgov.studies.study_first_submitted_date,step2_reconciliation/HeartTrialTwin_step2_cohort_reconciliation.csv,5a254575d8d5276d1176b53b38dad6600b46d6732441698e8e14668699d8ac43
NCT03152552,TERMINATED,1,2017-05-08,2017,development,HTT-P1-AACT-20260905,2026-09-05,20260905_export_ctgov.zip,ctgov.studies.overall_status,COMPLETED=0;TERMINATED|WITHDRAWN=1,ctgov.studies.study_first_submitted_date,step2_reconciliation/HeartTrialTwin_step2_cohort_reconciliation.csv,5a254575d8d5276d1176b53b38dad6600b46d6732441698e8e14668699d8ac43
NCT03153111,COMPLETED,0,2017-03-30,2017,development,HTT-P1-AACT-20260905,2026-09-05,20260905_export_ctgov.zip,ctgov.studies.overall_status,COMPLETED=0;TERMINATED|WITHDRAWN=1,ctgov.studies.study_first_submitted_date,step2_reconciliation/HeartTrialTwin_step2_cohort_reconciliation.csv,5a254575d8d5276d1176b53b38dad6600b46d6732441698e8e14668699d8ac43
NCT03155724,COMPLETED,0,2017-05-15,2017,development,HTT-P1-AACT-20260905,2026-09-05,20260905_export_ctgov.zip,ctgov.studies.overall_status,COMPLETED=0;TERMINATED|WITHDRAWN=1,ctgov.studies.study_first_submitted_date,step2_reconciliation/HeartTrialTwin_step2_cohort_reconciliation.csv,5a254575d8d5276d1176b53b38dad6600b46d6732441698e8e14668699d8ac43
NCT03156686,TERMINATED,1,2017-04-24,2017,development,HTT-P1-AACT-20260905,2026-09-05,20260905_export_ctgov.zip,ctgov.studies.overall_status,COMPLETED=0;TERMINATED|WITHDRAWN=1,ctgov.studies.study_first_submitted_date,step2_reconciliation/HeartTrialTwin_step2_cohort_reconciliation.csv,5a254575d8d5276d1176b53b38dad6600b46d6732441698e8e14668699d8ac43
NCT03157076,COMPLETED,0,2017-05-16,2017,development,HTT-P1-AACT-20260905,2026-09-05,20260905_export_ctgov.zip,ctgov.studies.overall_status,COMPLETED=0;TERMINATED|WITHDRAWN=1,ctgov.studies.study_first_submitted_date,step2_reconciliation/HeartTrialTwin_step2_cohort_reconciliation.csv,5a254575d8d5276d1176b53b38dad6600b46d6732441698e8e14668699d8ac43
NCT03160625,WITHDRAWN,1,2017-03-22,2017,development,HTT-P1-AACT-20260905,2026-09-05,20260905_export_ctgov.zip,ctgov.studies.overall_status,COMPLETED=0;TERMINATED|WITHDRAWN=1,ctgov.studies.study_first_submitted_date,step2_reconciliation/HeartTrialTwin_step2_cohort_reconciliation.csv,5a254575d8d5276d1176b53b38dad6600b46d6732441698e8e14668699d8ac43
NCT03161158,TERMINATED,1,2017-05-02,2017,development,HTT-P1-AACT-20260905,2026-09-05,20260905_export_ctgov.zip,ctgov.studies.overall_status,COMPLETED=0;TERMINATED|WITHDRAWN=1,ctgov.studies.study_first_submitted_date,step2_reconciliation/HeartTrialTwin_step2_cohort_reconciliation.csv,5a254575d8d5276d1176b53b38dad6600b46d6732441698e8e14668699d8ac43
NCT03162848,COMPLETED,0,2017-05-11,2017,development,HTT-P1-AACT-20260905,2026-09-05,20260905_export_ctgov.zip,ctgov.studies.overall_status,COMPLETED=0;TERMINATED|WITHDRAWN=1,ctgov.studies.study_first_submitted_date,step2_reconciliation/HeartTrialTwin_step2_cohort_reconciliation.csv,5a254575d8d5276d1176b53b38dad6600b46d6732441698e8e14668699d8ac43
NCT03163030,COMPLETED,0,2017-05-19,2017,development,HTT-P1-AACT-20260905,2026-09-05,20260905_export_ctgov.zip,ctgov.studies.overall_status,COMPLETED=0;TERMINATED|WITHDRAWN=1,ctgov.studies.study_first_submitted_date,step2_reconciliation/HeartTrialTwin_step2_cohort_reconciliation.csv,5a254575d8d5276d1176b53b38dad6600b46d6732441698e8e14668699d8ac43
NCT03168529,TERMINATED,1,2017-05-24,2017,development,HTT-P1-AACT-20260905,2026-09-05,20260905_export_ctgov.zip,ctgov.studies.overall_status,COMPLETED=0;TERMINATED|WITHDRAWN=1,ctgov.studies.study_first_submitted_date,step2_reconciliation/HeartTrialTwin_step2_cohort_reconciliation.csv,5a254575d8d5276d1176b53b38dad6600b46d6732441698e8e14668699d8ac43
NCT03168568,COMPLETED,0,2017-05-22,2017,development,HTT-P1-AACT-20260905,2026-09-05,20260905_export_ctgov.zip,ctgov.studies.overall_status,COMPLETED=0;TERMINATED|WITHDRAWN=1,ctgov.studies.study_first_submitted_date,step2_reconciliation/HeartTrialTwin_step2_cohort_reconciliation.csv,5a254575d8d5276d1176b53b38dad6600b46d6732441698e8e14668699d8ac43
NCT03170011,WITHDRAWN,1,2017-05-14,2017,development,HTT-P1-AACT-20260905,2026-09-05,20260905_export_ctgov.zip,ctgov.studies.overall_status,COMPLETED=0;TERMINATED|WITHDRAWN=1,ctgov.studies.study_first_submitted_date,step2_reconciliation/HeartTrialTwin_step2_cohort_reconciliation.csv,5a254575d8d5276d1176b53b38dad6600b46d6732441698e8e14668699d8ac43
NCT03170219,TERMINATED,1,2017-05-06,2017,development,HTT-P1-AACT-20260905,2026-09-05,20260905_export_ctgov.zip,ctgov.studies.overall_status,COMPLETED=0;TERMINATED|WITHDRAWN=1,ctgov.studies.study_first_submitted_date,step2_reconciliation/HeartTrialTwin_step2_cohort_reconciliation.csv,5a254575d8d5276d1176b53b38dad6600b46d6732441698e8e14668699d8ac43
NCT03170375,COMPLETED,0,2017-05-26,2017,development,HTT-P1-AACT-20260905,2026-09-05,20260905_export_ctgov.zip,ctgov.studies.overall_status,COMPLETED=0;TERMINATED|WITHDRAWN=1,ctgov.studies.study_first_submitted_date,step2_reconciliation/HeartTrialTwin_step2_cohort_reconciliation.csv,5a254575d8d5276d1176b53b38dad6600b46d6732441698e8e14668699d8ac43
NCT03170466,COMPLETED,0,2017-05-22,2017,development,HTT-P1-AACT-20260905,2026-09-05,20260905_export_ctgov.zip,ctgov.studies.overall_status,COMPLETED=0;TERMINATED|WITHDRAWN=1,ctgov.studies.study_first_submitted_date,step2_reconciliation/HeartTrialTwin_step2_cohort_reconciliation.csv,5a254575d8d5276d1176b53b38dad6600b46d6732441698e8e14668699d8ac43
NCT03173157,COMPLETED,0,2017-05-25,2017,development,HTT-P1-AACT-20260905,2026-09-05,20260905_export_ctgov.zip,ctgov.studies.overall_status,COMPLETED=0;TERMINATED|WITHDRAWN=1,ctgov.studies.study_first_submitted_date,step2_reconciliation/HeartTrialTwin_step2_cohort_reconciliation.csv,5a254575d8d5276d1176b53b38dad6600b46d6732441698e8e14668699d8ac43
NCT03177447,COMPLETED,0,2017-05-09,2017,development,HTT-P1-AACT-20260905,2026-09-05,20260905_export_ctgov.zip,ctgov.studies.overall_status,COMPLETED=0;TERMINATED|WITHDRAWN=1,ctgov.studies.study_first_submitted_date,step2_reconciliation/HeartTrialTwin_step2_cohort_reconciliation.csv,5a254575d8d5276d1176b53b38dad6600b46d6732441698e8e14668699d8ac43
NCT03183323,COMPLETED,0,2017-05-30,2017,development,HTT-P1-AACT-20260905,2026-09-05,20260905_export_ctgov.zip,ctgov.studies.overall_status,COMPLETED=0;TERMINATED|WITHDRAWN=1,ctgov.studies.study_first_submitted_date,step2_reconciliation/HeartTrialTwin_step2_cohort_reconciliation.csv,5a254575d8d5276d1176b53b38dad6600b46d6732441698e8e14668699d8ac43
NCT03187470,COMPLETED,0,2017-04-10,2017,development,HTT-P1-AACT-20260905,2026-09-05,20260905_export_ctgov.zip,ctgov.studies.overall_status,COMPLETED=0;TERMINATED|WITHDRAWN=1,ctgov.studies.study_first_submitted_date,step2_reconciliation/HeartTrialTwin_step2_cohort_reconciliation.csv,5a254575d8d5276d1176b53b38dad6600b46d6732441698e8e14668699d8ac43
NCT03187509,COMPLETED,0,2017-06-09,2017,development,HTT-P1-AACT-20260905,2026-09-05,20260905_export_ctgov.zip,ctgov.studies.overall_status,COMPLETED=0;TERMINATED|WITHDRAWN=1,ctgov.studies.study_first_submitted_date,step2_reconciliation/HeartTrialTwin_step2_cohort_reconciliation.csv,5a254575d8d5276d1176b53b38dad6600b46d6732441698e8e14668699d8ac43
NCT03190304,COMPLETED,0,2017-06-14,2017,development,HTT-P1-AACT-20260905,2026-09-05,20260905_export_ctgov.zip,ctgov.studies.overall_status,COMPLETED=0;TERMINATED|WITHDRAWN=1,ctgov.studies.study_first_submitted_date,step2_reconciliation/HeartTrialTwin_step2_cohort_reconciliation.csv,5a254575d8d5276d1176b53b38dad6600b46d6732441698e8e14668699d8ac43
NCT03194841,COMPLETED,0,2017-06-16,2017,development,HTT-P1-AACT-20260905,2026-09-05,20260905_export_ctgov.zip,ctgov.studies.overall_status,COMPLETED=0;TERMINATED|WITHDRAWN=1,ctgov.studies.study_first_submitted_date,step2_reconciliation/HeartTrialTwin_step2_cohort_reconciliation.csv,5a254575d8d5276d1176b53b38dad6600b46d6732441698e8e14668699d8ac43
NCT03195660,TERMINATED,1,2017-06-20,2017,development,HTT-P1-AACT-20260905,2026-09-05,20260905_export_ctgov.zip,ctgov.studies.overall_status,COMPLETED=0;TERMINATED|WITHDRAWN=1,ctgov.studies.study_first_submitted_date,step2_reconciliation/HeartTrialTwin_step2_cohort_reconciliation.csv,5a254575d8d5276d1176b53b38dad6600b46d6732441698e8e14668699d8ac43
NCT03198585,COMPLETED,0,2017-06-21,2017,development,HTT-P1-AACT-20260905,2026-09-05,20260905_export_ctgov.zip,ctgov.studies.overall_status,COMPLETED=0;TERMINATED|WITHDRAWN=1,ctgov.studies.study_first_submitted_date,step2_reconciliation/HeartTrialTwin_step2_cohort_reconciliation.csv,5a254575d8d5276d1176b53b38dad6600b46d6732441698e8e14668699d8ac43
NCT03200860,COMPLETED,0,2017-06-23,2017,development,HTT-P1-AACT-20260905,2026-09-05,20260905_export_ctgov.zip,ctgov.studies.overall_status,COMPLETED=0;TERMINATED|WITHDRAWN=1,ctgov.studies.study_first_submitted_date,step2_reconciliation/HeartTrialTwin_step2_cohort_reconciliation.csv,5a254575d8d5276d1176b53b38dad6600b46d6732441698e8e14668699d8ac43
NCT03200990,COMPLETED,0,2017-06-08,2017,development,HTT-P1-AACT-20260905,2026-09-05,20260905_export_ctgov.zip,ctgov.studies.overall_status,COMPLETED=0;TERMINATED|WITHDRAWN=1,ctgov.studies.study_first_submitted_date,step2_reconciliation/HeartTrialTwin_step2_cohort_reconciliation.csv,5a254575d8d5276d1176b53b38dad6600b46d6732441698e8e14668699d8ac43
NCT03202641,TERMINATED,1,2017-06-26,2017,development,HTT-P1-AACT-20260905,2026-09-05,20260905_export_ctgov.zip,ctgov.studies.overall_status,COMPLETED=0;TERMINATED|WITHDRAWN=1,ctgov.studies.study_first_submitted_date,step2_reconciliation/HeartTrialTwin_step2_cohort_reconciliation.csv,5a254575d8d5276d1176b53b38dad6600b46d6732441698e8e14668699d8ac43
NCT03203759,COMPLETED,0,2017-06-05,2017,development,HTT-P1-AACT-20260905,2026-09-05,20260905_export_ctgov.zip,ctgov.studies.overall_status,COMPLETED=0;TERMINATED|WITHDRAWN=1,ctgov.studies.study_first_submitted_date,step2_reconciliation/HeartTrialTwin_step2_cohort_reconciliation.csv,5a254575d8d5276d1176b53b38dad6600b46d6732441698e8e14668699d8ac43
NCT03210402,COMPLETED,0,2017-02-27,2017,development,HTT-P1-AACT-20260905,2026-09-05,20260905_export_ctgov.zip,ctgov.studies.overall_status,COMPLETED=0;TERMINATED|WITHDRAWN=1,ctgov.studies.study_first_submitted_date,step2_reconciliation/HeartTrialTwin_step2_cohort_reconciliation.csv,5a254575d8d5276d1176b53b38dad6600b46d6732441698e8e14668699d8ac43
NCT03212898,COMPLETED,0,2017-07-04,2017,development,HTT-P1-AACT-20260905,2026-09-05,20260905_export_ctgov.zip,ctgov.studies.overall_status,COMPLETED=0;TERMINATED|WITHDRAWN=1,ctgov.studies.study_first_submitted_date,step2_reconciliation/HeartTrialTwin_step2_cohort_reconciliation.csv,5a254575d8d5276d1176b53b38dad6600b46d6732441698e8e14668699d8ac43
NCT03214874,COMPLETED,0,2017-07-08,2017,development,HTT-P1-AACT-20260905,2026-09-05,20260905_export_ctgov.zip,ctgov.studies.overall_status,COMPLETED=0;TERMINATED|WITHDRAWN=1,ctgov.studies.study_first_submitted_date,step2_reconciliation/HeartTrialTwin_step2_cohort_reconciliation.csv,5a254575d8d5276d1176b53b38dad6600b46d6732441698e8e14668699d8ac43
NCT03217331,COMPLETED,0,2017-07-05,2017,development,HTT-P1-AACT-20260905,2026-09-05,20260905_export_ctgov.zip,ctgov.studies.overall_status,COMPLETED=0;TERMINATED|WITHDRAWN=1,ctgov.studies.study_first_submitted_date,step2_reconciliation/HeartTrialTwin_step2_cohort_reconciliation.csv,5a254575d8d5276d1176b53b38dad6600b46d6732441698e8e14668699d8ac43
NCT03220204,COMPLETED,0,2017-07-14,2017,development,HTT-P1-AACT-20260905,2026-09-05,20260905_export_ctgov.zip,ctgov.studies.overall_status,COMPLETED=0;TERMINATED|WITHDRAWN=1,ctgov.studies.study_first_submitted_date,step2_reconciliation/HeartTrialTwin_step2_cohort_reconciliation.csv,5a254575d8d5276d1176b53b38dad6600b46d6732441698e8e14668699d8ac43
NCT03220659,COMPLETED,0,2017-07-11,2017,development,HTT-P1-AACT-20260905,2026-09-05,20260905_export_ctgov.zip,ctgov.studies.overall_status,COMPLETED=0;TERMINATED|WITHDRAWN=1,ctgov.studies.study_first_submitted_date,step2_reconciliation/HeartTrialTwin_step2_cohort_reconciliation.csv,5a254575d8d5276d1176b53b38dad6600b46d6732441698e8e14668699d8ac43
NCT03226457,COMPLETED,0,2017-07-17,2017,development,HTT-P1-AACT-20260905,2026-09-05,20260905_export_ctgov.zip,ctgov.studies.overall_status,COMPLETED=0;TERMINATED|WITHDRAWN=1,ctgov.studies.study_first_submitted_date,step2_reconciliation/HeartTrialTwin_step2_cohort_reconciliation.csv,5a254575d8d5276d1176b53b38dad6600b46d6732441698e8e14668699d8ac43
NCT03227393,WITHDRAWN,1,2017-07-20,2017,development,HTT-P1-AACT-20260905,2026-09-05,20260905_export_ctgov.zip,ctgov.studies.overall_status,COMPLETED=0;TERMINATED|WITHDRAWN=1,ctgov.studies.study_first_submitted_date,step2_reconciliation/HeartTrialTwin_step2_cohort_reconciliation.csv,5a254575d8d5276d1176b53b38dad6600b46d6732441698e8e14668699d8ac43
NCT03228030,COMPLETED,0,2017-07-20,2017,development,HTT-P1-AACT-20260905,2026-09-05,20260905_export_ctgov.zip,ctgov.studies.overall_status,COMPLETED=0;TERMINATED|WITHDRAWN=1,ctgov.studies.study_first_submitted_date,step2_reconciliation/HeartTrialTwin_step2_cohort_reconciliation.csv,5a254575d8d5276d1176b53b38dad6600b46d6732441698e8e14668699d8ac43
NCT03228381,COMPLETED,0,2017-07-17,2017,development,HTT-P1-AACT-20260905,2026-09-05,20260905_export_ctgov.zip,ctgov.studies.overall_status,COMPLETED=0;TERMINATED|WITHDRAWN=1,ctgov.studies.study_first_submitted_date,step2_reconciliation/HeartTrialTwin_step2_cohort_reconciliation.csv,5a254575d8d5276d1176b53b38dad6600b46d6732441698e8e14668699d8ac43
NCT03234088,COMPLETED,0,2011-01-21,2011,development,HTT-P1-AACT-20260905,2026-09-05,20260905_export_ctgov.zip,ctgov.studies.overall_status,COMPLETED=0;TERMINATED|WITHDRAWN=1,ctgov.studies.study_first_submitted_date,step2_reconciliation/HeartTrialTwin_step2_cohort_reconciliation.csv,5a254575d8d5276d1176b53b38dad6600b46d6732441698e8e14668699d8ac43
NCT03234647,COMPLETED,0,2017-07-19,2017,development,HTT-P1-AACT-20260905,2026-09-05,20260905_export_ctgov.zip,ctgov.studies.overall_status,COMPLETED=0;TERMINATED|WITHDRAWN=1,ctgov.studies.study_first_submitted_date,step2_reconciliation/HeartTrialTwin_step2_cohort_reconciliation.csv,5a254575d8d5276d1176b53b38dad6600b46d6732441698e8e14668699d8ac43
NCT03237858,COMPLETED,0,2017-07-20,2017,development,HTT-P1-AACT-20260905,2026-09-05,20260905_export_ctgov.zip,ctgov.studies.overall_status,COMPLETED=0;TERMINATED|WITHDRAWN=1,ctgov.studies.study_first_submitted_date,step2_reconciliation/HeartTrialTwin_step2_cohort_reconciliation.csv,5a254575d8d5276d1176b53b38dad6600b46d6732441698e8e14668699d8ac43
NCT03238729,COMPLETED,0,2017-07-28,2017,development,HTT-P1-AACT-20260905,2026-09-05,20260905_export_ctgov.zip,ctgov.studies.overall_status,COMPLETED=0;TERMINATED|WITHDRAWN=1,ctgov.studies.study_first_submitted_date,step2_reconciliation/HeartTrialTwin_step2_cohort_reconciliation.csv,5a254575d8d5276d1176b53b38dad6600b46d6732441698e8e14668699d8ac43
NCT03238937,WITHDRAWN,1,2017-07-17,2017,development,HTT-P1-AACT-20260905,2026-09-05,20260905_export_ctgov.zip,ctgov.studies.overall_status,COMPLETED=0;TERMINATED|WITHDRAWN=1,ctgov.studies.study_first_submitted_date,step2_reconciliation/HeartTrialTwin_step2_cohort_reconciliation.csv,5a254575d8d5276d1176b53b38dad6600b46d6732441698e8e14668699d8ac43
NCT03240237,COMPLETED,0,2017-08-02,2017,development,HTT-P1-AACT-20260905,2026-09-05,20260905_export_ctgov.zip,ctgov.studies.overall_status,COMPLETED=0;TERMINATED|WITHDRAWN=1,ctgov.studies.study_first_submitted_date,step2_reconciliation/HeartTrialTwin_step2_cohort_reconciliation.csv,5a254575d8d5276d1176b53b38dad6600b46d6732441698e8e14668699d8ac43
NCT03241069,COMPLETED,0,2013-09-07,2013,development,HTT-P1-AACT-20260905,2026-09-05,20260905_export_ctgov.zip,ctgov.studies.overall_status,COMPLETED=0;TERMINATED|WITHDRAWN=1,ctgov.studies.study_first_submitted_date,step2_reconciliation/HeartTrialTwin_step2_cohort_reconciliation.csv,5a254575d8d5276d1176b53b38dad6600b46d6732441698e8e14668699d8ac43
NCT03243942,COMPLETED,0,2017-08-03,2017,development,HTT-P1-AACT-20260905,2026-09-05,20260905_export_ctgov.zip,ctgov.studies.overall_status,COMPLETED=0;TERMINATED|WITHDRAWN=1,ctgov.studies.study_first_submitted_date,step2_reconciliation/HeartTrialTwin_step2_cohort_reconciliation.csv,5a254575d8d5276d1176b53b38dad6600b46d6732441698e8e14668699d8ac43
NCT03245255,COMPLETED,0,2017-08-04,2017,development,HTT-P1-AACT-20260905,2026-09-05,20260905_export_ctgov.zip,ctgov.studies.overall_status,COMPLETED=0;TERMINATED|WITHDRAWN=1,ctgov.studies.study_first_submitted_date,step2_reconciliation/HeartTrialTwin_step2_cohort_reconciliation.csv,5a254575d8d5276d1176b53b38dad6600b46d6732441698e8e14668699d8ac43
NCT03246035,COMPLETED,0,2017-06-28,2017,development,HTT-P1-AACT-20260905,2026-09-05,20260905_export_ctgov.zip,ctgov.studies.overall_status,COMPLETED=0;TERMINATED|WITHDRAWN=1,ctgov.studies.study_first_submitted_date,step2_reconciliation/HeartTrialTwin_step2_cohort_reconciliation.csv,5a254575d8d5276d1176b53b38dad6600b46d6732441698e8e14668699d8ac43
NCT03247608,COMPLETED,0,2017-08-09,2017,development,HTT-P1-AACT-20260905,2026-09-05,20260905_export_ctgov.zip,ctgov.studies.overall_status,COMPLETED=0;TERMINATED|WITHDRAWN=1,ctgov.studies.study_first_submitted_date,step2_reconciliation/HeartTrialTwin_step2_cohort_reconciliation.csv,5a254575d8d5276d1176b53b38dad6600b46d6732441698e8e14668699d8ac43
NCT03253809,TERMINATED,1,2017-08-16,2017,development,HTT-P1-AACT-20260905,2026-09-05,20260905_export_ctgov.zip,ctgov.studies.overall_status,COMPLETED=0;TERMINATED|WITHDRAWN=1,ctgov.studies.study_first_submitted_date,step2_reconciliation/HeartTrialTwin_step2_cohort_reconciliation.csv,5a254575d8d5276d1176b53b38dad6600b46d6732441698e8e14668699d8ac43
NCT03254108,COMPLETED,0,2017-08-16,2017,development,HTT-P1-AACT-20260905,2026-09-05,20260905_export_ctgov.zip,ctgov.studies.overall_status,COMPLETED=0;TERMINATED|WITHDRAWN=1,ctgov.studies.study_first_submitted_date,step2_reconciliation/HeartTrialTwin_step2_cohort_reconciliation.csv,5a254575d8d5276d1176b53b38dad6600b46d6732441698e8e14668699d8ac43
NCT03254485,COMPLETED,0,2017-08-16,2017,development,HTT-P1-AACT-20260905,2026-09-05,20260905_export_ctgov.zip,ctgov.studies.overall_status,COMPLETED=0;TERMINATED|WITHDRAWN=1,ctgov.studies.study_first_submitted_date,step2_reconciliation/HeartTrialTwin_step2_cohort_reconciliation.csv,5a254575d8d5276d1176b53b38dad6600b46d6732441698e8e14668699d8ac43
NCT03255044,COMPLETED,0,2017-08-10,2017,development,HTT-P1-AACT-20260905,2026-09-05,20260905_export_ctgov.zip,ctgov.studies.overall_status,COMPLETED=0;TERMINATED|WITHDRAWN=1,ctgov.studies.study_first_submitted_date,step2_reconciliation/HeartTrialTwin_step2_cohort_reconciliation.csv,5a254575d8d5276d1176b53b38dad6600b46d6732441698e8e14668699d8ac43
NCT03255226,COMPLETED,0,2017-08-18,2017,development,HTT-P1-AACT-20260905,2026-09-05,20260905_export_ctgov.zip,ctgov.studies.overall_status,COMPLETED=0;TERMINATED|WITHDRAWN=1,ctgov.studies.study_first_submitted_date,step2_reconciliation/HeartTrialTwin_step2_cohort_reconciliation.csv,5a254575d8d5276d1176b53b38dad6600b46d6732441698e8e14668699d8ac43
NCT03258060,TERMINATED,1,2014-03-17,2014,development,HTT-P1-AACT-20260905,2026-09-05,20260905_export_ctgov.zip,ctgov.studies.overall_status,COMPLETED=0;TERMINATED|WITHDRAWN=1,ctgov.studies.study_first_submitted_date,step2_reconciliation/HeartTrialTwin_step2_cohort_reconciliation.csv,5a254575d8d5276d1176b53b38dad6600b46d6732441698e8e14668699d8ac43
NCT03259165,TERMINATED,1,2017-08-19,2017,development,HTT-P1-AACT-20260905,2026-09-05,20260905_export_ctgov.zip,ctgov.studies.overall_status,COMPLETED=0;TERMINATED|WITHDRAWN=1,ctgov.studies.study_first_submitted_date,step2_reconciliation/HeartTrialTwin_step2_cohort_reconciliation.csv,5a254575d8d5276d1176b53b38dad6600b46d6732441698e8e14668699d8ac43
NCT03260621,COMPLETED,0,2017-08-10,2017,development,HTT-P1-AACT-20260905,2026-09-05,20260905_export_ctgov.zip,ctgov.studies.overall_status,COMPLETED=0;TERMINATED|WITHDRAWN=1,ctgov.studies.study_first_submitted_date,step2_reconciliation/HeartTrialTwin_step2_cohort_reconciliation.csv,5a254575d8d5276d1176b53b38dad6600b46d6732441698e8e14668699d8ac43
NCT03262571,TERMINATED,1,2017-08-23,2017,development,HTT-P1-AACT-20260905,2026-09-05,20260905_export_ctgov.zip,ctgov.studies.overall_status,COMPLETED=0;TERMINATED|WITHDRAWN=1,ctgov.studies.study_first_submitted_date,step2_reconciliation/HeartTrialTwin_step2_cohort_reconciliation.csv,5a254575d8d5276d1176b53b38dad6600b46d6732441698e8e14668699d8ac43
NCT03276728,TERMINATED,1,2017-08-17,2017,development,HTT-P1-AACT-20260905,2026-09-05,20260905_export_ctgov.zip,ctgov.studies.overall_status,COMPLETED=0;TERMINATED|WITHDRAWN=1,ctgov.studies.study_first_submitted_date,step2_reconciliation/HeartTrialTwin_step2_cohort_reconciliation.csv,5a254575d8d5276d1176b53b38dad6600b46d6732441698e8e14668699d8ac43
NCT03279861,WITHDRAWN,1,2017-09-08,2017,development,HTT-P1-AACT-20260905,2026-09-05,20260905_export_ctgov.zip,ctgov.studies.overall_status,COMPLETED=0;TERMINATED|WITHDRAWN=1,ctgov.studies.study_first_submitted_date,step2_reconciliation/HeartTrialTwin_step2_cohort_reconciliation.csv,5a254575d8d5276d1176b53b38dad6600b46d6732441698e8e14668699d8ac43
NCT03280862,COMPLETED,0,2017-06-08,2017,development,HTT-P1-AACT-20260905,2026-09-05,20260905_export_ctgov.zip,ctgov.studies.overall_status,COMPLETED=0;TERMINATED|WITHDRAWN=1,ctgov.studies.study_first_submitted_date,step2_reconciliation/HeartTrialTwin_step2_cohort_reconciliation.csv,5a254575d8d5276d1176b53b38dad6600b46d6732441698e8e14668699d8ac43
NCT03281122,TERMINATED,1,2017-09-11,2017,development,HTT-P1-AACT-20260905,2026-09-05,20260905_export_ctgov.zip,ctgov.studies.overall_status,COMPLETED=0;TERMINATED|WITHDRAWN=1,ctgov.studies.study_first_submitted_date,step2_reconciliation/HeartTrialTwin_step2_cohort_reconciliation.csv,5a254575d8d5276d1176b53b38dad6600b46d6732441698e8e14668699d8ac43
NCT03282136,COMPLETED,0,2017-09-12,2017,development,HTT-P1-AACT-20260905,2026-09-05,20260905_export_ctgov.zip,ctgov.studies.overall_status,COMPLETED=0;TERMINATED|WITHDRAWN=1,ctgov.studies.study_first_submitted_date,step2_reconciliation/HeartTrialTwin_step2_cohort_reconciliation.csv,5a254575d8d5276d1176b53b38dad6600b46d6732441698e8e14668699d8ac43
NCT03287141,COMPLETED,0,2017-09-12,2017,development,HTT-P1-AACT-20260905,2026-09-05,20260905_export_ctgov.zip,ctgov.studies.overall_status,COMPLETED=0;TERMINATED|WITHDRAWN=1,ctgov.studies.study_first_submitted_date,step2_reconciliation/HeartTrialTwin_step2_cohort_reconciliation.csv,5a254575d8d5276d1176b53b38dad6600b46d6732441698e8e14668699d8ac43
NCT03288194,COMPLETED,0,2017-09-15,2017,development,HTT-P1-AACT-20260905,2026-09-05,20260905_export_ctgov.zip,ctgov.studies.overall_status,COMPLETED=0;TERMINATED|WITHDRAWN=1,ctgov.studies.study_first_submitted_date,step2_reconciliation/HeartTrialTwin_step2_cohort_reconciliation.csv,5a254575d8d5276d1176b53b38dad6600b46d6732441698e8e14668699d8ac43
NCT03288701,COMPLETED,0,2017-07-25,2017,development,HTT-P1-AACT-20260905,2026-09-05,20260905_export_ctgov.zip,ctgov.studies.overall_status,COMPLETED=0;TERMINATED|WITHDRAWN=1,ctgov.studies.study_first_submitted_date,step2_reconciliation/HeartTrialTwin_step2_cohort_reconciliation.csv,5a254575d8d5276d1176b53b38dad6600b46d6732441698e8e14668699d8ac43
NCT03289481,COMPLETED,0,2017-09-18,2017,development,HTT-P1-AACT-20260905,2026-09-05,20260905_export_ctgov.zip,ctgov.studies.overall_status,COMPLETED=0;TERMINATED|WITHDRAWN=1,ctgov.studies.study_first_submitted_date,step2_reconciliation/HeartTrialTwin_step2_cohort_reconciliation.csv,5a254575d8d5276d1176b53b38dad6600b46d6732441698e8e14668699d8ac43
NCT03294512,COMPLETED,0,2017-09-13,2017,development,HTT-P1-AACT-20260905,2026-09-05,20260905_export_ctgov.zip,ctgov.studies.overall_status,COMPLETED=0;TERMINATED|WITHDRAWN=1,ctgov.studies.study_first_submitted_date,step2_reconciliation/HeartTrialTwin_step2_cohort_reconciliation.csv,5a254575d8d5276d1176b53b38dad6600b46d6732441698e8e14668699d8ac43
NCT03294811,COMPLETED,0,2014-05-20,2014,development,HTT-P1-AACT-20260905,2026-09-05,20260905_export_ctgov.zip,ctgov.studies.overall_status,COMPLETED=0;TERMINATED|WITHDRAWN=1,ctgov.studies.study_first_submitted_date,step2_reconciliation/HeartTrialTwin_step2_cohort_reconciliation.csv,5a254575d8d5276d1176b53b38dad6600b46d6732441698e8e14668699d8ac43
NCT03296813,COMPLETED,0,2017-09-26,2017,development,HTT-P1-AACT-20260905,2026-09-05,20260905_export_ctgov.zip,ctgov.studies.overall_status,COMPLETED=0;TERMINATED|WITHDRAWN=1,ctgov.studies.study_first_submitted_date,step2_reconciliation/HeartTrialTwin_step2_cohort_reconciliation.csv,5a254575d8d5276d1176b53b38dad6600b46d6732441698e8e14668699d8ac43
NCT03297918,COMPLETED,0,2017-09-26,2017,development,HTT-P1-AACT-20260905,2026-09-05,20260905_export_ctgov.zip,ctgov.studies.overall_status,COMPLETED=0;TERMINATED|WITHDRAWN=1,ctgov.studies.study_first_submitted_date,step2_reconciliation/HeartTrialTwin_step2_cohort_reconciliation.csv,5a254575d8d5276d1176b53b38dad6600b46d6732441698e8e14668699d8ac43
NCT03298009,WITHDRAWN,1,2017-09-26,2017,development,HTT-P1-AACT-20260905,2026-09-05,20260905_export_ctgov.zip,ctgov.studies.overall_status,COMPLETED=0;TERMINATED|WITHDRAWN=1,ctgov.studies.study_first_submitted_date,step2_reconciliation/HeartTrialTwin_step2_cohort_reconciliation.csv,5a254575d8d5276d1176b53b38dad6600b46d6732441698e8e14668699d8ac43
NCT03300427,COMPLETED,0,2017-09-28,2017,development,HTT-P1-AACT-20260905,2026-09-05,20260905_export_ctgov.zip,ctgov.studies.overall_status,COMPLETED=0;TERMINATED|WITHDRAWN=1,ctgov.studies.study_first_submitted_date,step2_reconciliation/HeartTrialTwin_step2_cohort_reconciliation.csv,5a254575d8d5276d1176b53b38dad6600b46d6732441698e8e14668699d8ac43
NCT03302910,COMPLETED,0,2017-10-02,2017,development,HTT-P1-AACT-20260905,2026-09-05,20260905_export_ctgov.zip,ctgov.studies.overall_status,COMPLETED=0;TERMINATED|WITHDRAWN=1,ctgov.studies.study_first_submitted_date,step2_reconciliation/HeartTrialTwin_step2_cohort_reconciliation.csv,5a254575d8d5276d1176b53b38dad6600b46d6732441698e8e14668699d8ac43
NCT03305393,TERMINATED,1,2017-08-15,2017,development,HTT-P1-AACT-20260905,2026-09-05,20260905_export_ctgov.zip,ctgov.studies.overall_status,COMPLETED=0;TERMINATED|WITHDRAWN=1,ctgov.studies.study_first_submitted_date,step2_reconciliation/HeartTrialTwin_step2_cohort_reconciliation.csv,5a254575d8d5276d1176b53b38dad6600b46d6732441698e8e14668699d8ac43
NCT03305692,COMPLETED,0,2017-09-26,2017,development,HTT-P1-AACT-20260905,2026-09-05,20260905_export_ctgov.zip,ctgov.studies.overall_status,COMPLETED=0;TERMINATED|WITHDRAWN=1,ctgov.studies.study_first_submitted_date,step2_reconciliation/HeartTrialTwin_step2_cohort_reconciliation.csv,5a254575d8d5276d1176b53b38dad6600b46d6732441698e8e14668699d8ac43
NCT03307005,COMPLETED,0,2017-09-28,2017,development,HTT-P1-AACT-20260905,2026-09-05,20260905_export_ctgov.zip,ctgov.studies.overall_status,COMPLETED=0;TERMINATED|WITHDRAWN=1,ctgov.studies.study_first_submitted_date,step2_reconciliation/HeartTrialTwin_step2_cohort_reconciliation.csv,5a254575d8d5276d1176b53b38dad6600b46d6732441698e8e14668699d8ac43
NCT03310099,COMPLETED,0,2017-10-02,2017,development,HTT-P1-AACT-20260905,2026-09-05,20260905_export_ctgov.zip,ctgov.studies.overall_status,COMPLETED=0;TERMINATED|WITHDRAWN=1,ctgov.studies.study_first_submitted_date,step2_reconciliation/HeartTrialTwin_step2_cohort_reconciliation.csv,5a254575d8d5276d1176b53b38dad6600b46d6732441698e8e14668699d8ac43
NCT03312387,TERMINATED,1,2017-10-09,2017,development,HTT-P1-AACT-20260905,2026-09-05,20260905_export_ctgov.zip,ctgov.studies.overall_status,COMPLETED=0;TERMINATED|WITHDRAWN=1,ctgov.studies.study_first_submitted_date,step2_reconciliation/HeartTrialTwin_step2_cohort_reconciliation.csv,5a254575d8d5276d1176b53b38dad6600b46d6732441698e8e14668699d8ac43
NCT03314675,TERMINATED,1,2017-10-16,2017,development,HTT-P1-AACT-20260905,2026-09-05,20260905_export_ctgov.zip,ctgov.studies.overall_status,COMPLETED=0;TERMINATED|WITHDRAWN=1,ctgov.studies.study_first_submitted_date,step2_reconciliation/HeartTrialTwin_step2_cohort_reconciliation.csv,5a254575d8d5276d1176b53b38dad6600b46d6732441698e8e14668699d8ac43
NCT03315143,TERMINATED,1,2017-10-16,2017,development,HTT-P1-AACT-20260905,2026-09-05,20260905_export_ctgov.zip,ctgov.studies.overall_status,COMPLETED=0;TERMINATED|WITHDRAWN=1,ctgov.studies.study_first_submitted_date,step2_reconciliation/HeartTrialTwin_step2_cohort_reconciliation.csv,5a254575d8d5276d1176b53b38dad6600b46d6732441698e8e14668699d8ac43
NCT03318809,COMPLETED,0,2017-10-06,2017,development,HTT-P1-AACT-20260905,2026-09-05,20260905_export_ctgov.zip,ctgov.studies.overall_status,COMPLETED=0;TERMINATED|WITHDRAWN=1,ctgov.studies.study_first_submitted_date,step2_reconciliation/HeartTrialTwin_step2_cohort_reconciliation.csv,5a254575d8d5276d1176b53b38dad6600b46d6732441698e8e14668699d8ac43
NCT03320655,COMPLETED,0,2017-10-16,2017,development,HTT-P1-AACT-20260905,2026-09-05,20260905_export_ctgov.zip,ctgov.studies.overall_status,COMPLETED=0;TERMINATED|WITHDRAWN=1,ctgov.studies.study_first_submitted_date,step2_reconciliation/HeartTrialTwin_step2_cohort_reconciliation.csv,5a254575d8d5276d1176b53b38dad6600b46d6732441698e8e14668699d8ac43
NCT03321279,COMPLETED,0,2017-10-04,2017,development,HTT-P1-AACT-20260905,2026-09-05,20260905_export_ctgov.zip,ctgov.studies.overall_status,COMPLETED=0;TERMINATED|WITHDRAWN=1,ctgov.studies.study_first_submitted_date,step2_reconciliation/HeartTrialTwin_step2_cohort_reconciliation.csv,5a254575d8d5276d1176b53b38dad6600b46d6732441698e8e14668699d8ac43
NCT03321682,COMPLETED,0,2017-10-23,2017,development,HTT-P1-AACT-20260905,2026-09-05,20260905_export_ctgov.zip,ctgov.studies.overall_status,COMPLETED=0;TERMINATED|WITHDRAWN=1,ctgov.studies.study_first_submitted_date,step2_reconciliation/HeartTrialTwin_step2_cohort_reconciliation.csv,5a254575d8d5276d1176b53b38dad6600b46d6732441698e8e14668699d8ac43
NCT03327649,COMPLETED,0,2017-10-27,2017,development,HTT-P1-AACT-20260905,2026-09-05,20260905_export_ctgov.zip,ctgov.studies.overall_status,COMPLETED=0;TERMINATED|WITHDRAWN=1,ctgov.studies.study_first_submitted_date,step2_reconciliation/HeartTrialTwin_step2_cohort_reconciliation.csv,5a254575d8d5276d1176b53b38dad6600b46d6732441698e8e14668699d8ac43
NCT03331861,TERMINATED,1,2017-11-01,2017,development,HTT-P1-AACT-20260905,2026-09-05,20260905_export_ctgov.zip,ctgov.studies.overall_status,COMPLETED=0;TERMINATED|WITHDRAWN=1,ctgov.studies.study_first_submitted_date,step2_reconciliation/HeartTrialTwin_step2_cohort_reconciliation.csv,5a254575d8d5276d1176b53b38dad6600b46d6732441698e8e14668699d8ac43
NCT03332186,COMPLETED,0,2017-11-02,2017,development,HTT-P1-AACT-20260905,2026-09-05,20260905_export_ctgov.zip,ctgov.studies.overall_status,COMPLETED=0;TERMINATED|WITHDRAWN=1,ctgov.studies.study_first_submitted_date,step2_reconciliation/HeartTrialTwin_step2_cohort_reconciliation.csv,5a254575d8d5276d1176b53b38dad6600b46d6732441698e8e14668699d8ac43
NCT03332212,COMPLETED,0,2017-11-02,2017,development,HTT-P1-AACT-20260905,2026-09-05,20260905_export_ctgov.zip,ctgov.studies.overall_status,COMPLETED=0;TERMINATED|WITHDRAWN=1,ctgov.studies.study_first_submitted_date,step2_reconciliation/HeartTrialTwin_step2_cohort_reconciliation.csv,5a254575d8d5276d1176b53b38dad6600b46d6732441698e8e14668699d8ac43
NCT03334188,COMPLETED,0,2017-10-24,2017,development,HTT-P1-AACT-20260905,2026-09-05,20260905_export_ctgov.zip,ctgov.studies.overall_status,COMPLETED=0;TERMINATED|WITHDRAWN=1,ctgov.studies.study_first_submitted_date,step2_reconciliation/HeartTrialTwin_step2_cohort_reconciliation.csv,5a254575d8d5276d1176b53b38dad6600b46d6732441698e8e14668699d8ac43
NCT03338374,COMPLETED,0,2017-08-31,2017,development,HTT-P1-AACT-20260905,2026-09-05,20260905_export_ctgov.zip,ctgov.studies.overall_status,COMPLETED=0;TERMINATED|WITHDRAWN=1,ctgov.studies.study_first_submitted_date,step2_reconciliation/HeartTrialTwin_step2_cohort_reconciliation.csv,5a254575d8d5276d1176b53b38dad6600b46d6732441698e8e14668699d8ac43
NCT03339310,COMPLETED,0,2017-10-23,2017,development,HTT-P1-AACT-20260905,2026-09-05,20260905_export_ctgov.zip,ctgov.studies.overall_status,COMPLETED=0;TERMINATED|WITHDRAWN=1,ctgov.studies.study_first_submitted_date,step2_reconciliation/HeartTrialTwin_step2_cohort_reconciliation.csv,5a254575d8d5276d1176b53b38dad6600b46d6732441698e8e14668699d8ac43
NCT03340233,WITHDRAWN,1,2017-11-08,2017,development,HTT-P1-AACT-20260905,2026-09-05,20260905_export_ctgov.zip,ctgov.studies.overall_status,COMPLETED=0;TERMINATED|WITHDRAWN=1,ctgov.studies.study_first_submitted_date,step2_reconciliation/HeartTrialTwin_step2_cohort_reconciliation.csv,5a254575d8d5276d1176b53b38dad6600b46d6732441698e8e14668699d8ac43
NCT03341156,TERMINATED,1,2017-08-28,2017,development,HTT-P1-AACT-20260905,2026-09-05,20260905_export_ctgov.zip,ctgov.studies.overall_status,COMPLETED=0;TERMINATED|WITHDRAWN=1,ctgov.studies.study_first_submitted_date,step2_reconciliation/HeartTrialTwin_step2_cohort_reconciliation.csv,5a254575d8d5276d1176b53b38dad6600b46d6732441698e8e14668699d8ac43
NCT03342833,COMPLETED,0,2017-11-07,2017,development,HTT-P1-AACT-20260905,2026-09-05,20260905_export_ctgov.zip,ctgov.studies.overall_status,COMPLETED=0;TERMINATED|WITHDRAWN=1,ctgov.studies.study_first_submitted_date,step2_reconciliation/HeartTrialTwin_step2_cohort_reconciliation.csv,5a254575d8d5276d1176b53b38dad6600b46d6732441698e8e14668699d8ac43
NCT03344159,COMPLETED,0,2017-09-28,2017,development,HTT-P1-AACT-20260905,2026-09-05,20260905_export_ctgov.zip,ctgov.studies.overall_status,COMPLETED=0;TERMINATED|WITHDRAWN=1,ctgov.studies.study_first_submitted_date,step2_reconciliation/HeartTrialTwin_step2_cohort_reconciliation.csv,5a254575d8d5276d1176b53b38dad6600b46d6732441698e8e14668699d8ac43
NCT03346278,TERMINATED,1,2017-11-08,2017,development,HTT-P1-AACT-20260905,2026-09-05,20260905_export_ctgov.zip,ctgov.studies.overall_status,COMPLETED=0;TERMINATED|WITHDRAWN=1,ctgov.studies.study_first_submitted_date,step2_reconciliation/HeartTrialTwin_step2_cohort_reconciliation.csv,5a254575d8d5276d1176b53b38dad6600b46d6732441698e8e14668699d8ac43
NCT03351283,COMPLETED,0,2017-11-20,2017,development,HTT-P1-AACT-20260905,2026-09-05,20260905_export_ctgov.zip,ctgov.studies.overall_status,COMPLETED=0;TERMINATED|WITHDRAWN=1,ctgov.studies.study_first_submitted_date,step2_reconciliation/HeartTrialTwin_step2_cohort_reconciliation.csv,5a254575d8d5276d1176b53b38dad6600b46d6732441698e8e14668699d8ac43
NCT03357731,COMPLETED,0,2017-10-31,2017,development,HTT-P1-AACT-20260905,2026-09-05,20260905_export_ctgov.zip,ctgov.studies.overall_status,COMPLETED=0;TERMINATED|WITHDRAWN=1,ctgov.studies.study_first_submitted_date,step2_reconciliation/HeartTrialTwin_step2_cohort_reconciliation.csv,5a254575d8d5276d1176b53b38dad6600b46d6732441698e8e14668699d8ac43
NCT03359161,TERMINATED,1,2017-11-27,2017,development,HTT-P1-AACT-20260905,2026-09-05,20260905_export_ctgov.zip,ctgov.studies.overall_status,COMPLETED=0;TERMINATED|WITHDRAWN=1,ctgov.studies.study_first_submitted_date,step2_reconciliation/HeartTrialTwin_step2_cohort_reconciliation.csv,5a254575d8d5276d1176b53b38dad6600b46d6732441698e8e14668699d8ac43
NCT03360448,WITHDRAWN,1,2017-11-13,2017,development,HTT-P1-AACT-20260905,2026-09-05,20260905_export_ctgov.zip,ctgov.studies.overall_status,COMPLETED=0;TERMINATED|WITHDRAWN=1,ctgov.studies.study_first_submitted_date,step2_reconciliation/HeartTrialTwin_step2_cohort_reconciliation.csv,5a254575d8d5276d1176b53b38dad6600b46d6732441698e8e14668699d8ac43
NCT03366649,TERMINATED,1,2017-11-30,2017,development,HTT-P1-AACT-20260905,2026-09-05,20260905_export_ctgov.zip,ctgov.studies.overall_status,COMPLETED=0;TERMINATED|WITHDRAWN=1,ctgov.studies.study_first_submitted_date,step2_reconciliation/HeartTrialTwin_step2_cohort_reconciliation.csv,5a254575d8d5276d1176b53b38dad6600b46d6732441698e8e14668699d8ac43
NCT03369938,COMPLETED,0,2017-11-15,2017,development,HTT-P1-AACT-20260905,2026-09-05,20260905_export_ctgov.zip,ctgov.studies.overall_status,COMPLETED=0;TERMINATED|WITHDRAWN=1,ctgov.studies.study_first_submitted_date,step2_reconciliation/HeartTrialTwin_step2_cohort_reconciliation.csv,5a254575d8d5276d1176b53b38dad6600b46d6732441698e8e14668699d8ac43
NCT03370887,COMPLETED,0,2017-11-16,2017,development,HTT-P1-AACT-20260905,2026-09-05,20260905_export_ctgov.zip,ctgov.studies.overall_status,COMPLETED=0;TERMINATED|WITHDRAWN=1,ctgov.studies.study_first_submitted_date,step2_reconciliation/HeartTrialTwin_step2_cohort_reconciliation.csv,5a254575d8d5276d1176b53b38dad6600b46d6732441698e8e14668699d8ac43
NCT03372954,COMPLETED,0,2017-12-10,2017,development,HTT-P1-AACT-20260905,2026-09-05,20260905_export_ctgov.zip,ctgov.studies.overall_status,COMPLETED=0;TERMINATED|WITHDRAWN=1,ctgov.studies.study_first_submitted_date,step2_reconciliation/HeartTrialTwin_step2_cohort_reconciliation.csv,5a254575d8d5276d1176b53b38dad6600b46d6732441698e8e14668699d8ac43
NCT03374891,COMPLETED,0,2017-11-29,2017,development,HTT-P1-AACT-20260905,2026-09-05,20260905_export_ctgov.zip,ctgov.studies.overall_status,COMPLETED=0;TERMINATED|WITHDRAWN=1,ctgov.studies.study_first_submitted_date,step2_reconciliation/HeartTrialTwin_step2_cohort_reconciliation.csv,5a254575d8d5276d1176b53b38dad6600b46d6732441698e8e14668699d8ac43
NCT03375710,COMPLETED,0,2017-12-07,2017,development,HTT-P1-AACT-20260905,2026-09-05,20260905_export_ctgov.zip,ctgov.studies.overall_status,COMPLETED=0;TERMINATED|WITHDRAWN=1,ctgov.studies.study_first_submitted_date,step2_reconciliation/HeartTrialTwin_step2_cohort_reconciliation.csv,5a254575d8d5276d1176b53b38dad6600b46d6732441698e8e14668699d8ac43
NCT03380156,COMPLETED,0,2017-10-12,2017,development,HTT-P1-AACT-20260905,2026-09-05,20260905_export_ctgov.zip,ctgov.studies.overall_status,COMPLETED=0;TERMINATED|WITHDRAWN=1,ctgov.studies.study_first_submitted_date,step2_reconciliation/HeartTrialTwin_step2_cohort_reconciliation.csv,5a254575d8d5276d1176b53b38dad6600b46d6732441698e8e14668699d8ac43
NCT03380520,COMPLETED,0,2017-11-02,2017,development,HTT-P1-AACT-20260905,2026-09-05,20260905_export_ctgov.zip,ctgov.studies.overall_status,COMPLETED=0;TERMINATED|WITHDRAWN=1,ctgov.studies.study_first_submitted_date,step2_reconciliation/HeartTrialTwin_step2_cohort_reconciliation.csv,5a254575d8d5276d1176b53b38dad6600b46d6732441698e8e14668699d8ac43
NCT03382847,COMPLETED,0,2017-12-19,2017,development,HTT-P1-AACT-20260905,2026-09-05,20260905_export_ctgov.zip,ctgov.studies.overall_status,COMPLETED=0;TERMINATED|WITHDRAWN=1,ctgov.studies.study_first_submitted_date,step2_reconciliation/HeartTrialTwin_step2_cohort_reconciliation.csv,5a254575d8d5276d1176b53b38dad6600b46d6732441698e8e14668699d8ac43
NCT03387215,COMPLETED,0,2017-12-18,2017,development,HTT-P1-AACT-20260905,2026-09-05,20260905_export_ctgov.zip,ctgov.studies.overall_status,COMPLETED=0;TERMINATED|WITHDRAWN=1,ctgov.studies.study_first_submitted_date,step2_reconciliation/HeartTrialTwin_step2_cohort_reconciliation.csv,5a254575d8d5276d1176b53b38dad6600b46d6732441698e8e14668699d8ac43
NCT03387813,COMPLETED,0,2017-12-12,2017,development,HTT-P1-AACT-20260905,2026-09-05,20260905_export_ctgov.zip,ctgov.studies.overall_status,COMPLETED=0;TERMINATED|WITHDRAWN=1,ctgov.studies.study_first_submitted_date,step2_reconciliation/HeartTrialTwin_step2_cohort_reconciliation.csv,5a254575d8d5276d1176b53b38dad6600b46d6732441698e8e14668699d8ac43
NCT03388918,COMPLETED,0,2017-08-24,2017,development,HTT-P1-AACT-20260905,2026-09-05,20260905_export_ctgov.zip,ctgov.studies.overall_status,COMPLETED=0;TERMINATED|WITHDRAWN=1,ctgov.studies.study_first_submitted_date,step2_reconciliation/HeartTrialTwin_step2_cohort_reconciliation.csv,5a254575d8d5276d1176b53b38dad6600b46d6732441698e8e14668699d8ac43
NCT03389841,COMPLETED,0,2017-12-27,2017,development,HTT-P1-AACT-20260905,2026-09-05,20260905_export_ctgov.zip,ctgov.studies.overall_status,COMPLETED=0;TERMINATED|WITHDRAWN=1,ctgov.studies.study_first_submitted_date,step2_reconciliation/HeartTrialTwin_step2_cohort_reconciliation.csv,5a254575d8d5276d1176b53b38dad6600b46d6732441698e8e14668699d8ac43
NCT03392740,WITHDRAWN,1,2018-01-02,2018,validation,HTT-P1-AACT-20260905,2026-09-05,20260905_export_ctgov.zip,ctgov.studies.overall_status,COMPLETED=0;TERMINATED|WITHDRAWN=1,ctgov.studies.study_first_submitted_date,step2_reconciliation/HeartTrialTwin_step2_cohort_reconciliation.csv,5a254575d8d5276d1176b53b38dad6600b46d6732441698e8e14668699d8ac43
NCT03396081,COMPLETED,0,2017-12-26,2017,development,HTT-P1-AACT-20260905,2026-09-05,20260905_export_ctgov.zip,ctgov.studies.overall_status,COMPLETED=0;TERMINATED|WITHDRAWN=1,ctgov.studies.study_first_submitted_date,step2_reconciliation/HeartTrialTwin_step2_cohort_reconciliation.csv,5a254575d8d5276d1176b53b38dad6600b46d6732441698e8e14668699d8ac43
NCT03398681,COMPLETED,0,2017-11-21,2017,development,HTT-P1-AACT-20260905,2026-09-05,20260905_export_ctgov.zip,ctgov.studies.overall_status,COMPLETED=0;TERMINATED|WITHDRAWN=1,ctgov.studies.study_first_submitted_date,step2_reconciliation/HeartTrialTwin_step2_cohort_reconciliation.csv,5a254575d8d5276d1176b53b38dad6600b46d6732441698e8e14668699d8ac43
NCT03402490,COMPLETED,0,2017-12-22,2017,development,HTT-P1-AACT-20260905,2026-09-05,20260905_export_ctgov.zip,ctgov.studies.overall_status,COMPLETED=0;TERMINATED|WITHDRAWN=1,ctgov.studies.study_first_submitted_date,step2_reconciliation/HeartTrialTwin_step2_cohort_reconciliation.csv,5a254575d8d5276d1176b53b38dad6600b46d6732441698e8e14668699d8ac43
NCT03402750,COMPLETED,0,2018-01-10,2018,validation,HTT-P1-AACT-20260905,2026-09-05,20260905_export_ctgov.zip,ctgov.studies.overall_status,COMPLETED=0;TERMINATED|WITHDRAWN=1,ctgov.studies.study_first_submitted_date,step2_reconciliation/HeartTrialTwin_step2_cohort_reconciliation.csv,5a254575d8d5276d1176b53b38dad6600b46d6732441698e8e14668699d8ac43
NCT03409627,COMPLETED,0,2017-11-03,2017,development,HTT-P1-AACT-20260905,2026-09-05,20260905_export_ctgov.zip,ctgov.studies.overall_status,COMPLETED=0;TERMINATED|WITHDRAWN=1,ctgov.studies.study_first_submitted_date,step2_reconciliation/HeartTrialTwin_step2_cohort_reconciliation.csv,5a254575d8d5276d1176b53b38dad6600b46d6732441698e8e14668699d8ac43
NCT03409926,COMPLETED,0,2018-01-18,2018,validation,HTT-P1-AACT-20260905,2026-09-05,20260905_export_ctgov.zip,ctgov.studies.overall_status,COMPLETED=0;TERMINATED|WITHDRAWN=1,ctgov.studies.study_first_submitted_date,step2_reconciliation/HeartTrialTwin_step2_cohort_reconciliation.csv,5a254575d8d5276d1176b53b38dad6600b46d6732441698e8e14668699d8ac43
NCT03410966,COMPLETED,0,2017-12-28,2017,development,HTT-P1-AACT-20260905,2026-09-05,20260905_export_ctgov.zip,ctgov.studies.overall_status,COMPLETED=0;TERMINATED|WITHDRAWN=1,ctgov.studies.study_first_submitted_date,step2_reconciliation/HeartTrialTwin_step2_cohort_reconciliation.csv,5a254575d8d5276d1176b53b38dad6600b46d6732441698e8e14668699d8ac43
NCT03414632,COMPLETED,0,2018-01-23,2018,validation,HTT-P1-AACT-20260905,2026-09-05,20260905_export_ctgov.zip,ctgov.studies.overall_status,COMPLETED=0;TERMINATED|WITHDRAWN=1,ctgov.studies.study_first_submitted_date,step2_reconciliation/HeartTrialTwin_step2_cohort_reconciliation.csv,5a254575d8d5276d1176b53b38dad6600b46d6732441698e8e14668699d8ac43
NCT03415906,WITHDRAWN,1,2018-01-02,2018,validation,HTT-P1-AACT-20260905,2026-09-05,20260905_export_ctgov.zip,ctgov.studies.overall_status,COMPLETED=0;TERMINATED|WITHDRAWN=1,ctgov.studies.study_first_submitted_date,step2_reconciliation/HeartTrialTwin_step2_cohort_reconciliation.csv,5a254575d8d5276d1176b53b38dad6600b46d6732441698e8e14668699d8ac43
NCT03416270,COMPLETED,0,2018-01-15,2018,validation,HTT-P1-AACT-20260905,2026-09-05,20260905_export_ctgov.zip,ctgov.studies.overall_status,COMPLETED=0;TERMINATED|WITHDRAWN=1,ctgov.studies.study_first_submitted_date,step2_reconciliation/HeartTrialTwin_step2_cohort_reconciliation.csv,5a254575d8d5276d1176b53b38dad6600b46d6732441698e8e14668699d8ac43
NCT03418233,COMPLETED,0,2018-01-25,2018,validation,HTT-P1-AACT-20260905,2026-09-05,20260905_export_ctgov.zip,ctgov.studies.overall_status,COMPLETED=0;TERMINATED|WITHDRAWN=1,ctgov.studies.study_first_submitted_date,step2_reconciliation/HeartTrialTwin_step2_cohort_reconciliation.csv,5a254575d8d5276d1176b53b38dad6600b46d6732441698e8e14668699d8ac43
NCT03420833,COMPLETED,0,2018-01-29,2018,validation,HTT-P1-AACT-20260905,2026-09-05,20260905_export_ctgov.zip,ctgov.studies.overall_status,COMPLETED=0;TERMINATED|WITHDRAWN=1,ctgov.studies.study_first_submitted_date,step2_reconciliation/HeartTrialTwin_step2_cohort_reconciliation.csv,5a254575d8d5276d1176b53b38dad6600b46d6732441698e8e14668699d8ac43
NCT03421834,COMPLETED,0,2018-01-25,2018,validation,HTT-P1-AACT-20260905,2026-09-05,20260905_export_ctgov.zip,ctgov.studies.overall_status,COMPLETED=0;TERMINATED|WITHDRAWN=1,ctgov.studies.study_first_submitted_date,step2_reconciliation/HeartTrialTwin_step2_cohort_reconciliation.csv,5a254575d8d5276d1176b53b38dad6600b46d6732441698e8e14668699d8ac43
NCT03422991,COMPLETED,0,2018-01-12,2018,validation,HTT-P1-AACT-20260905,2026-09-05,20260905_export_ctgov.zip,ctgov.studies.overall_status,COMPLETED=0;TERMINATED|WITHDRAWN=1,ctgov.studies.study_first_submitted_date,step2_reconciliation/HeartTrialTwin_step2_cohort_reconciliation.csv,5a254575d8d5276d1176b53b38dad6600b46d6732441698e8e14668699d8ac43
NCT03423342,COMPLETED,0,2017-04-11,2017,development,HTT-P1-AACT-20260905,2026-09-05,20260905_export_ctgov.zip,ctgov.studies.overall_status,COMPLETED=0;TERMINATED|WITHDRAWN=1,ctgov.studies.study_first_submitted_date,step2_reconciliation/HeartTrialTwin_step2_cohort_reconciliation.csv,5a254575d8d5276d1176b53b38dad6600b46d6732441698e8e14668699d8ac43
NCT03424265,COMPLETED,0,2018-01-31,2018,validation,HTT-P1-AACT-20260905,2026-09-05,20260905_export_ctgov.zip,ctgov.studies.overall_status,COMPLETED=0;TERMINATED|WITHDRAWN=1,ctgov.studies.study_first_submitted_date,step2_reconciliation/HeartTrialTwin_step2_cohort_reconciliation.csv,5a254575d8d5276d1176b53b38dad6600b46d6732441698e8e14668699d8ac43
NCT03425422,TERMINATED,1,2018-01-26,2018,validation,HTT-P1-AACT-20260905,2026-09-05,20260905_export_ctgov.zip,ctgov.studies.overall_status,COMPLETED=0;TERMINATED|WITHDRAWN=1,ctgov.studies.study_first_submitted_date,step2_reconciliation/HeartTrialTwin_step2_cohort_reconciliation.csv,5a254575d8d5276d1176b53b38dad6600b46d6732441698e8e14668699d8ac43
NCT03431467,TERMINATED,1,2018-01-21,2018,validation,HTT-P1-AACT-20260905,2026-09-05,20260905_export_ctgov.zip,ctgov.studies.overall_status,COMPLETED=0;TERMINATED|WITHDRAWN=1,ctgov.studies.study_first_submitted_date,step2_reconciliation/HeartTrialTwin_step2_cohort_reconciliation.csv,5a254575d8d5276d1176b53b38dad6600b46d6732441698e8e14668699d8ac43
NCT03438591,COMPLETED,0,2018-02-13,2018,validation,HTT-P1-AACT-20260905,2026-09-05,20260905_export_ctgov.zip,ctgov.studies.overall_status,COMPLETED=0;TERMINATED|WITHDRAWN=1,ctgov.studies.study_first_submitted_date,step2_reconciliation/HeartTrialTwin_step2_cohort_reconciliation.csv,5a254575d8d5276d1176b53b38dad6600b46d6732441698e8e14668699d8ac43
NCT03440970,COMPLETED,0,2018-02-14,2018,validation,HTT-P1-AACT-20260905,2026-09-05,20260905_export_ctgov.zip,ctgov.studies.overall_status,COMPLETED=0;TERMINATED|WITHDRAWN=1,ctgov.studies.study_first_submitted_date,step2_reconciliation/HeartTrialTwin_step2_cohort_reconciliation.csv,5a254575d8d5276d1176b53b38dad6600b46d6732441698e8e14668699d8ac43
NCT03446313,COMPLETED,0,2018-02-14,2018,validation,HTT-P1-AACT-20260905,2026-09-05,20260905_export_ctgov.zip,ctgov.studies.overall_status,COMPLETED=0;TERMINATED|WITHDRAWN=1,ctgov.studies.study_first_submitted_date,step2_reconciliation/HeartTrialTwin_step2_cohort_reconciliation.csv,5a254575d8d5276d1176b53b38dad6600b46d6732441698e8e14668699d8ac43
NCT03446651,COMPLETED,0,2018-02-20,2018,validation,HTT-P1-AACT-20260905,2026-09-05,20260905_export_ctgov.zip,ctgov.studies.overall_status,COMPLETED=0;TERMINATED|WITHDRAWN=1,ctgov.studies.study_first_submitted_date,step2_reconciliation/HeartTrialTwin_step2_cohort_reconciliation.csv,5a254575d8d5276d1176b53b38dad6600b46d6732441698e8e14668699d8ac43
NCT03447392,COMPLETED,0,2018-02-16,2018,validation,HTT-P1-AACT-20260905,2026-09-05,20260905_export_ctgov.zip,ctgov.studies.overall_status,COMPLETED=0;TERMINATED|WITHDRAWN=1,ctgov.studies.study_first_submitted_date,step2_reconciliation/HeartTrialTwin_step2_cohort_reconciliation.csv,5a254575d8d5276d1176b53b38dad6600b46d6732441698e8e14668699d8ac43
NCT03447990,COMPLETED,0,2018-02-14,2018,validation,HTT-P1-AACT-20260905,2026-09-05,20260905_export_ctgov.zip,ctgov.studies.overall_status,COMPLETED=0;TERMINATED|WITHDRAWN=1,ctgov.studies.study_first_submitted_date,step2_reconciliation/HeartTrialTwin_step2_cohort_reconciliation.csv,5a254575d8d5276d1176b53b38dad6600b46d6732441698e8e14668699d8ac43
NCT03448185,COMPLETED,0,2018-02-21,2018,validation,HTT-P1-AACT-20260905,2026-09-05,20260905_export_ctgov.zip,ctgov.studies.overall_status,COMPLETED=0;TERMINATED|WITHDRAWN=1,ctgov.studies.study_first_submitted_date,step2_reconciliation/HeartTrialTwin_step2_cohort_reconciliation.csv,5a254575d8d5276d1176b53b38dad6600b46d6732441698e8e14668699d8ac43
NCT03448406,COMPLETED,0,2018-02-22,2018,validation,HTT-P1-AACT-20260905,2026-09-05,20260905_export_ctgov.zip,ctgov.studies.overall_status,COMPLETED=0;TERMINATED|WITHDRAWN=1,ctgov.studies.study_first_submitted_date,step2_reconciliation/HeartTrialTwin_step2_cohort_reconciliation.csv,5a254575d8d5276d1176b53b38dad6600b46d6732441698e8e14668699d8ac43
NCT03448419,COMPLETED,0,2018-02-22,2018,validation,HTT-P1-AACT-20260905,2026-09-05,20260905_export_ctgov.zip,ctgov.studies.overall_status,COMPLETED=0;TERMINATED|WITHDRAWN=1,ctgov.studies.study_first_submitted_date,step2_reconciliation/HeartTrialTwin_step2_cohort_reconciliation.csv,5a254575d8d5276d1176b53b38dad6600b46d6732441698e8e14668699d8ac43
NCT03449121,WITHDRAWN,1,2018-01-31,2018,validation,HTT-P1-AACT-20260905,2026-09-05,20260905_export_ctgov.zip,ctgov.studies.overall_status,COMPLETED=0;TERMINATED|WITHDRAWN=1,ctgov.studies.study_first_submitted_date,step2_reconciliation/HeartTrialTwin_step2_cohort_reconciliation.csv,5a254575d8d5276d1176b53b38dad6600b46d6732441698e8e14668699d8ac43
NCT03451630,COMPLETED,0,2018-01-30,2018,validation,HTT-P1-AACT-20260905,2026-09-05,20260905_export_ctgov.zip,ctgov.studies.overall_status,COMPLETED=0;TERMINATED|WITHDRAWN=1,ctgov.studies.study_first_submitted_date,step2_reconciliation/HeartTrialTwin_step2_cohort_reconciliation.csv,5a254575d8d5276d1176b53b38dad6600b46d6732441698e8e14668699d8ac43
NCT03452683,WITHDRAWN,1,2018-02-26,2018,validation,HTT-P1-AACT-20260905,2026-09-05,20260905_export_ctgov.zip,ctgov.studies.overall_status,COMPLETED=0;TERMINATED|WITHDRAWN=1,ctgov.studies.study_first_submitted_date,step2_reconciliation/HeartTrialTwin_step2_cohort_reconciliation.csv,5a254575d8d5276d1176b53b38dad6600b46d6732441698e8e14668699d8ac43
NCT03453151,COMPLETED,0,2018-02-20,2018,validation,HTT-P1-AACT-20260905,2026-09-05,20260905_export_ctgov.zip,ctgov.studies.overall_status,COMPLETED=0;TERMINATED|WITHDRAWN=1,ctgov.studies.study_first_submitted_date,step2_reconciliation/HeartTrialTwin_step2_cohort_reconciliation.csv,5a254575d8d5276d1176b53b38dad6600b46d6732441698e8e14668699d8ac43
NCT03453853,COMPLETED,0,2018-02-12,2018,validation,HTT-P1-AACT-20260905,2026-09-05,20260905_export_ctgov.zip,ctgov.studies.overall_status,COMPLETED=0;TERMINATED|WITHDRAWN=1,ctgov.studies.study_first_submitted_date,step2_reconciliation/HeartTrialTwin_step2_cohort_reconciliation.csv,5a254575d8d5276d1176b53b38dad6600b46d6732441698e8e14668699d8ac43
NCT03456856,COMPLETED,0,2018-03-01,2018,validation,HTT-P1-AACT-20260905,2026-09-05,20260905_export_ctgov.zip,ctgov.studies.overall_status,COMPLETED=0;TERMINATED|WITHDRAWN=1,ctgov.studies.study_first_submitted_date,step2_reconciliation/HeartTrialTwin_step2_cohort_reconciliation.csv,5a254575d8d5276d1176b53b38dad6600b46d6732441698e8e14668699d8ac43
NCT03457623,COMPLETED,0,2018-02-28,2018,validation,HTT-P1-AACT-20260905,2026-09-05,20260905_export_ctgov.zip,ctgov.studies.overall_status,COMPLETED=0;TERMINATED|WITHDRAWN=1,ctgov.studies.study_first_submitted_date,step2_reconciliation/HeartTrialTwin_step2_cohort_reconciliation.csv,5a254575d8d5276d1176b53b38dad6600b46d6732441698e8e14668699d8ac43
NCT03458325,COMPLETED,0,2018-02-26,2018,validation,HTT-P1-AACT-20260905,2026-09-05,20260905_export_ctgov.zip,ctgov.studies.overall_status,COMPLETED=0;TERMINATED|WITHDRAWN=1,ctgov.studies.study_first_submitted_date,step2_reconciliation/HeartTrialTwin_step2_cohort_reconciliation.csv,5a254575d8d5276d1176b53b38dad6600b46d6732441698e8e14668699d8ac43
NCT03476187,COMPLETED,0,2018-02-19,2018,validation,HTT-P1-AACT-20260905,2026-09-05,20260905_export_ctgov.zip,ctgov.studies.overall_status,COMPLETED=0;TERMINATED|WITHDRAWN=1,ctgov.studies.study_first_submitted_date,step2_reconciliation/HeartTrialTwin_step2_cohort_reconciliation.csv,5a254575d8d5276d1176b53b38dad6600b46d6732441698e8e14668699d8ac43
NCT03476460,COMPLETED,0,2018-03-17,2018,validation,HTT-P1-AACT-20260905,2026-09-05,20260905_export_ctgov.zip,ctgov.studies.overall_status,COMPLETED=0;TERMINATED|WITHDRAWN=1,ctgov.studies.study_first_submitted_date,step2_reconciliation/HeartTrialTwin_step2_cohort_reconciliation.csv,5a254575d8d5276d1176b53b38dad6600b46d6732441698e8e14668699d8ac43
NCT03476590,COMPLETED,0,2018-03-17,2018,validation,HTT-P1-AACT-20260905,2026-09-05,20260905_export_ctgov.zip,ctgov.studies.overall_status,COMPLETED=0;TERMINATED|WITHDRAWN=1,ctgov.studies.study_first_submitted_date,step2_reconciliation/HeartTrialTwin_step2_cohort_reconciliation.csv,5a254575d8d5276d1176b53b38dad6600b46d6732441698e8e14668699d8ac43
NCT03476785,COMPLETED,0,2018-03-01,2018,validation,HTT-P1-AACT-20260905,2026-09-05,20260905_export_ctgov.zip,ctgov.studies.overall_status,COMPLETED=0;TERMINATED|WITHDRAWN=1,ctgov.studies.study_first_submitted_date,step2_reconciliation/HeartTrialTwin_step2_cohort_reconciliation.csv,5a254575d8d5276d1176b53b38dad6600b46d6732441698e8e14668699d8ac43
NCT03484286,COMPLETED,0,2018-03-22,2018,validation,HTT-P1-AACT-20260905,2026-09-05,20260905_export_ctgov.zip,ctgov.studies.overall_status,COMPLETED=0;TERMINATED|WITHDRAWN=1,ctgov.studies.study_first_submitted_date,step2_reconciliation/HeartTrialTwin_step2_cohort_reconciliation.csv,5a254575d8d5276d1176b53b38dad6600b46d6732441698e8e14668699d8ac43
NCT03484780,COMPLETED,0,2018-03-16,2018,validation,HTT-P1-AACT-20260905,2026-09-05,20260905_export_ctgov.zip,ctgov.studies.overall_status,COMPLETED=0;TERMINATED|WITHDRAWN=1,ctgov.studies.study_first_submitted_date,step2_reconciliation/HeartTrialTwin_step2_cohort_reconciliation.csv,5a254575d8d5276d1176b53b38dad6600b46d6732441698e8e14668699d8ac43
NCT03485092,COMPLETED,0,2018-03-19,2018,validation,HTT-P1-AACT-20260905,2026-09-05,20260905_export_ctgov.zip,ctgov.studies.overall_status,COMPLETED=0;TERMINATED|WITHDRAWN=1,ctgov.studies.study_first_submitted_date,step2_reconciliation/HeartTrialTwin_step2_cohort_reconciliation.csv,5a254575d8d5276d1176b53b38dad6600b46d6732441698e8e14668699d8ac43
NCT03485222,COMPLETED,0,2018-03-26,2018,validation,HTT-P1-AACT-20260905,2026-09-05,20260905_export_ctgov.zip,ctgov.studies.overall_status,COMPLETED=0;TERMINATED|WITHDRAWN=1,ctgov.studies.study_first_submitted_date,step2_reconciliation/HeartTrialTwin_step2_cohort_reconciliation.csv,5a254575d8d5276d1176b53b38dad6600b46d6732441698e8e14668699d8ac43
NCT03489005,COMPLETED,0,2018-03-29,2018,validation,HTT-P1-AACT-20260905,2026-09-05,20260905_export_ctgov.zip,ctgov.studies.overall_status,COMPLETED=0;TERMINATED|WITHDRAWN=1,ctgov.studies.study_first_submitted_date,step2_reconciliation/HeartTrialTwin_step2_cohort_reconciliation.csv,5a254575d8d5276d1176b53b38dad6600b46d6732441698e8e14668699d8ac43
NCT03491423,COMPLETED,0,2018-03-30,2018,validation,HTT-P1-AACT-20260905,2026-09-05,20260905_export_ctgov.zip,ctgov.studies.overall_status,COMPLETED=0;TERMINATED|WITHDRAWN=1,ctgov.studies.study_first_submitted_date,step2_reconciliation/HeartTrialTwin_step2_cohort_reconciliation.csv,5a254575d8d5276d1176b53b38dad6600b46d6732441698e8e14668699d8ac43
NCT03491800,COMPLETED,0,2018-03-28,2018,validation,HTT-P1-AACT-20260905,2026-09-05,20260905_export_ctgov.zip,ctgov.studies.overall_status,COMPLETED=0;TERMINATED|WITHDRAWN=1,ctgov.studies.study_first_submitted_date,step2_reconciliation/HeartTrialTwin_step2_cohort_reconciliation.csv,5a254575d8d5276d1176b53b38dad6600b46d6732441698e8e14668699d8ac43
NCT03491969,COMPLETED,0,2018-04-02,2018,validation,HTT-P1-AACT-20260905,2026-09-05,20260905_export_ctgov.zip,ctgov.studies.overall_status,COMPLETED=0;TERMINATED|WITHDRAWN=1,ctgov.studies.study_first_submitted_date,step2_reconciliation/HeartTrialTwin_step2_cohort_reconciliation.csv,5a254575d8d5276d1176b53b38dad6600b46d6732441698e8e14668699d8ac43
NCT03492788,TERMINATED,1,2018-01-17,2018,validation,HTT-P1-AACT-20260905,2026-09-05,20260905_export_ctgov.zip,ctgov.studies.overall_status,COMPLETED=0;TERMINATED|WITHDRAWN=1,ctgov.studies.study_first_submitted_date,step2_reconciliation/HeartTrialTwin_step2_cohort_reconciliation.csv,5a254575d8d5276d1176b53b38dad6600b46d6732441698e8e14668699d8ac43
NCT03494933,TERMINATED,1,2018-03-15,2018,validation,HTT-P1-AACT-20260905,2026-09-05,20260905_export_ctgov.zip,ctgov.studies.overall_status,COMPLETED=0;TERMINATED|WITHDRAWN=1,ctgov.studies.study_first_submitted_date,step2_reconciliation/HeartTrialTwin_step2_cohort_reconciliation.csv,5a254575d8d5276d1176b53b38dad6600b46d6732441698e8e14668699d8ac43
NCT03495505,COMPLETED,0,2018-03-26,2018,validation,HTT-P1-AACT-20260905,2026-09-05,20260905_export_ctgov.zip,ctgov.studies.overall_status,COMPLETED=0;TERMINATED|WITHDRAWN=1,ctgov.studies.study_first_submitted_date,step2_reconciliation/HeartTrialTwin_step2_cohort_reconciliation.csv,5a254575d8d5276d1176b53b38dad6600b46d6732441698e8e14668699d8ac43
NCT03497871,COMPLETED,0,2018-03-13,2018,validation,HTT-P1-AACT-20260905,2026-09-05,20260905_export_ctgov.zip,ctgov.studies.overall_status,COMPLETED=0;TERMINATED|WITHDRAWN=1,ctgov.studies.study_first_submitted_date,step2_reconciliation/HeartTrialTwin_step2_cohort_reconciliation.csv,5a254575d8d5276d1176b53b38dad6600b46d6732441698e8e14668699d8ac43
NCT03504020,COMPLETED,0,2018-04-12,2018,validation,HTT-P1-AACT-20260905,2026-09-05,20260905_export_ctgov.zip,ctgov.studies.overall_status,COMPLETED=0;TERMINATED|WITHDRAWN=1,ctgov.studies.study_first_submitted_date,step2_reconciliation/HeartTrialTwin_step2_cohort_reconciliation.csv,5a254575d8d5276d1176b53b38dad6600b46d6732441698e8e14668699d8ac43
NCT03505788,COMPLETED,0,2018-03-28,2018,validation,HTT-P1-AACT-20260905,2026-09-05,20260905_export_ctgov.zip,ctgov.studies.overall_status,COMPLETED=0;TERMINATED|WITHDRAWN=1,ctgov.studies.study_first_submitted_date,step2_reconciliation/HeartTrialTwin_step2_cohort_reconciliation.csv,5a254575d8d5276d1176b53b38dad6600b46d6732441698e8e14668699d8ac43
NCT03506412,COMPLETED,0,2018-04-11,2018,validation,HTT-P1-AACT-20260905,2026-09-05,20260905_export_ctgov.zip,ctgov.studies.overall_status,COMPLETED=0;TERMINATED|WITHDRAWN=1,ctgov.studies.study_first_submitted_date,step2_reconciliation/HeartTrialTwin_step2_cohort_reconciliation.csv,5a254575d8d5276d1176b53b38dad6600b46d6732441698e8e14668699d8ac43
NCT03507439,COMPLETED,0,2018-04-20,2018,validation,HTT-P1-AACT-20260905,2026-09-05,20260905_export_ctgov.zip,ctgov.studies.overall_status,COMPLETED=0;TERMINATED|WITHDRAWN=1,ctgov.studies.study_first_submitted_date,step2_reconciliation/HeartTrialTwin_step2_cohort_reconciliation.csv,5a254575d8d5276d1176b53b38dad6600b46d6732441698e8e14668699d8ac43
NCT03508232,COMPLETED,0,2018-04-16,2018,validation,HTT-P1-AACT-20260905,2026-09-05,20260905_export_ctgov.zip,ctgov.studies.overall_status,COMPLETED=0;TERMINATED|WITHDRAWN=1,ctgov.studies.study_first_submitted_date,step2_reconciliation/HeartTrialTwin_step2_cohort_reconciliation.csv,5a254575d8d5276d1176b53b38dad6600b46d6732441698e8e14668699d8ac43
NCT03509506,COMPLETED,0,2018-04-09,2018,validation,HTT-P1-AACT-20260905,2026-09-05,20260905_export_ctgov.zip,ctgov.studies.overall_status,COMPLETED=0;TERMINATED|WITHDRAWN=1,ctgov.studies.study_first_submitted_date,step2_reconciliation/HeartTrialTwin_step2_cohort_reconciliation.csv,5a254575d8d5276d1176b53b38dad6600b46d6732441698e8e14668699d8ac43
NCT03510663,COMPLETED,0,2018-04-18,2018,validation,HTT-P1-AACT-20260905,2026-09-05,20260905_export_ctgov.zip,ctgov.studies.overall_status,COMPLETED=0;TERMINATED|WITHDRAWN=1,ctgov.studies.study_first_submitted_date,step2_reconciliation/HeartTrialTwin_step2_cohort_reconciliation.csv,5a254575d8d5276d1176b53b38dad6600b46d6732441698e8e14668699d8ac43
NCT03511248,TERMINATED,1,2018-03-29,2018,validation,HTT-P1-AACT-20260905,2026-09-05,20260905_export_ctgov.zip,ctgov.studies.overall_status,COMPLETED=0;TERMINATED|WITHDRAWN=1,ctgov.studies.study_first_submitted_date,step2_reconciliation/HeartTrialTwin_step2_cohort_reconciliation.csv,5a254575d8d5276d1176b53b38dad6600b46d6732441698e8e14668699d8ac43
NCT03514108,COMPLETED,0,2018-02-20,2018,validation,HTT-P1-AACT-20260905,2026-09-05,20260905_export_ctgov.zip,ctgov.studies.overall_status,COMPLETED=0;TERMINATED|WITHDRAWN=1,ctgov.studies.study_first_submitted_date,step2_reconciliation/HeartTrialTwin_step2_cohort_reconciliation.csv,5a254575d8d5276d1176b53b38dad6600b46d6732441698e8e14668699d8ac43
NCT03515980,COMPLETED,0,2018-04-24,2018,validation,HTT-P1-AACT-20260905,2026-09-05,20260905_export_ctgov.zip,ctgov.studies.overall_status,COMPLETED=0;TERMINATED|WITHDRAWN=1,ctgov.studies.study_first_submitted_date,step2_reconciliation/HeartTrialTwin_step2_cohort_reconciliation.csv,5a254575d8d5276d1176b53b38dad6600b46d6732441698e8e14668699d8ac43
NCT03516994,COMPLETED,0,2018-04-30,2018,validation,HTT-P1-AACT-20260905,2026-09-05,20260905_export_ctgov.zip,ctgov.studies.overall_status,COMPLETED=0;TERMINATED|WITHDRAWN=1,ctgov.studies.study_first_submitted_date,step2_reconciliation/HeartTrialTwin_step2_cohort_reconciliation.csv,5a254575d8d5276d1176b53b38dad6600b46d6732441698e8e14668699d8ac43
NCT03519477,WITHDRAWN,1,2018-04-26,2018,validation,HTT-P1-AACT-20260905,2026-09-05,20260905_export_ctgov.zip,ctgov.studies.overall_status,COMPLETED=0;TERMINATED|WITHDRAWN=1,ctgov.studies.study_first_submitted_date,step2_reconciliation/HeartTrialTwin_step2_cohort_reconciliation.csv,5a254575d8d5276d1176b53b38dad6600b46d6732441698e8e14668699d8ac43
NCT03521934,TERMINATED,1,2018-04-30,2018,validation,HTT-P1-AACT-20260905,2026-09-05,20260905_export_ctgov.zip,ctgov.studies.overall_status,COMPLETED=0;TERMINATED|WITHDRAWN=1,ctgov.studies.study_first_submitted_date,step2_reconciliation/HeartTrialTwin_step2_cohort_reconciliation.csv,5a254575d8d5276d1176b53b38dad6600b46d6732441698e8e14668699d8ac43
NCT03524001,TERMINATED,1,2018-04-18,2018,validation,HTT-P1-AACT-20260905,2026-09-05,20260905_export_ctgov.zip,ctgov.studies.overall_status,COMPLETED=0;TERMINATED|WITHDRAWN=1,ctgov.studies.study_first_submitted_date,step2_reconciliation/HeartTrialTwin_step2_cohort_reconciliation.csv,5a254575d8d5276d1176b53b38dad6600b46d6732441698e8e14668699d8ac43
NCT03524534,COMPLETED,0,2018-05-02,2018,validation,HTT-P1-AACT-20260905,2026-09-05,20260905_export_ctgov.zip,ctgov.studies.overall_status,COMPLETED=0;TERMINATED|WITHDRAWN=1,ctgov.studies.study_first_submitted_date,step2_reconciliation/HeartTrialTwin_step2_cohort_reconciliation.csv,5a254575d8d5276d1176b53b38dad6600b46d6732441698e8e14668699d8ac43
NCT03525379,COMPLETED,0,2018-02-01,2018,validation,HTT-P1-AACT-20260905,2026-09-05,20260905_export_ctgov.zip,ctgov.studies.overall_status,COMPLETED=0;TERMINATED|WITHDRAWN=1,ctgov.studies.study_first_submitted_date,step2_reconciliation/HeartTrialTwin_step2_cohort_reconciliation.csv,5a254575d8d5276d1176b53b38dad6600b46d6732441698e8e14668699d8ac43
NCT03532009,TERMINATED,1,2018-03-29,2018,validation,HTT-P1-AACT-20260905,2026-09-05,20260905_export_ctgov.zip,ctgov.studies.overall_status,COMPLETED=0;TERMINATED|WITHDRAWN=1,ctgov.studies.study_first_submitted_date,step2_reconciliation/HeartTrialTwin_step2_cohort_reconciliation.csv,5a254575d8d5276d1176b53b38dad6600b46d6732441698e8e14668699d8ac43
NCT03534297,COMPLETED,0,2017-12-21,2017,development,HTT-P1-AACT-20260905,2026-09-05,20260905_export_ctgov.zip,ctgov.studies.overall_status,COMPLETED=0;TERMINATED|WITHDRAWN=1,ctgov.studies.study_first_submitted_date,step2_reconciliation/HeartTrialTwin_step2_cohort_reconciliation.csv,5a254575d8d5276d1176b53b38dad6600b46d6732441698e8e14668699d8ac43
NCT03537079,TERMINATED,1,2018-04-26,2018,validation,HTT-P1-AACT-20260905,2026-09-05,20260905_export_ctgov.zip,ctgov.studies.overall_status,COMPLETED=0;TERMINATED|WITHDRAWN=1,ctgov.studies.study_first_submitted_date,step2_reconciliation/HeartTrialTwin_step2_cohort_reconciliation.csv,5a254575d8d5276d1176b53b38dad6600b46d6732441698e8e14668699d8ac43
NCT03538249,COMPLETED,0,2018-04-20,2018,validation,HTT-P1-AACT-20260905,2026-09-05,20260905_export_ctgov.zip,ctgov.studies.overall_status,COMPLETED=0;TERMINATED|WITHDRAWN=1,ctgov.studies.study_first_submitted_date,step2_reconciliation/HeartTrialTwin_step2_cohort_reconciliation.csv,5a254575d8d5276d1176b53b38dad6600b46d6732441698e8e14668699d8ac43
NCT03541603,COMPLETED,0,2018-05-03,2018,validation,HTT-P1-AACT-20260905,2026-09-05,20260905_export_ctgov.zip,ctgov.studies.overall_status,COMPLETED=0;TERMINATED|WITHDRAWN=1,ctgov.studies.study_first_submitted_date,step2_reconciliation/HeartTrialTwin_step2_cohort_reconciliation.csv,5a254575d8d5276d1176b53b38dad6600b46d6732441698e8e14668699d8ac43
NCT03547076,COMPLETED,0,2018-05-24,2018,validation,HTT-P1-AACT-20260905,2026-09-05,20260905_export_ctgov.zip,ctgov.studies.overall_status,COMPLETED=0;TERMINATED|WITHDRAWN=1,ctgov.studies.study_first_submitted_date,step2_reconciliation/HeartTrialTwin_step2_cohort_reconciliation.csv,5a254575d8d5276d1176b53b38dad6600b46d6732441698e8e14668699d8ac43
NCT03547583,COMPLETED,0,2018-05-24,2018,validation,HTT-P1-AACT-20260905,2026-09-05,20260905_export_ctgov.zip,ctgov.studies.overall_status,COMPLETED=0;TERMINATED|WITHDRAWN=1,ctgov.studies.study_first_submitted_date,step2_reconciliation/HeartTrialTwin_step2_cohort_reconciliation.csv,5a254575d8d5276d1176b53b38dad6600b46d6732441698e8e14668699d8ac43
NCT03549169,COMPLETED,0,2018-03-24,2018,validation,HTT-P1-AACT-20260905,2026-09-05,20260905_export_ctgov.zip,ctgov.studies.overall_status,COMPLETED=0;TERMINATED|WITHDRAWN=1,ctgov.studies.study_first_submitted_date,step2_reconciliation/HeartTrialTwin_step2_cohort_reconciliation.csv,5a254575d8d5276d1176b53b38dad6600b46d6732441698e8e14668699d8ac43
NCT03550872,COMPLETED,0,2018-05-23,2018,validation,HTT-P1-AACT-20260905,2026-09-05,20260905_export_ctgov.zip,ctgov.studies.overall_status,COMPLETED=0;TERMINATED|WITHDRAWN=1,ctgov.studies.study_first_submitted_date,step2_reconciliation/HeartTrialTwin_step2_cohort_reconciliation.csv,5a254575d8d5276d1176b53b38dad6600b46d6732441698e8e14668699d8ac43
NCT03552575,COMPLETED,0,2018-05-29,2018,validation,HTT-P1-AACT-20260905,2026-09-05,20260905_export_ctgov.zip,ctgov.studies.overall_status,COMPLETED=0;TERMINATED|WITHDRAWN=1,ctgov.studies.study_first_submitted_date,step2_reconciliation/HeartTrialTwin_step2_cohort_reconciliation.csv,5a254575d8d5276d1176b53b38dad6600b46d6732441698e8e14668699d8ac43
NCT03554200,TERMINATED,1,2018-05-17,2018,validation,HTT-P1-AACT-20260905,2026-09-05,20260905_export_ctgov.zip,ctgov.studies.overall_status,COMPLETED=0;TERMINATED|WITHDRAWN=1,ctgov.studies.study_first_submitted_date,step2_reconciliation/HeartTrialTwin_step2_cohort_reconciliation.csv,5a254575d8d5276d1176b53b38dad6600b46d6732441698e8e14668699d8ac43
NCT03554291,COMPLETED,0,2018-05-31,2018,validation,HTT-P1-AACT-20260905,2026-09-05,20260905_export_ctgov.zip,ctgov.studies.overall_status,COMPLETED=0;TERMINATED|WITHDRAWN=1,ctgov.studies.study_first_submitted_date,step2_reconciliation/HeartTrialTwin_step2_cohort_reconciliation.csv,5a254575d8d5276d1176b53b38dad6600b46d6732441698e8e14668699d8ac43
NCT03555318,COMPLETED,0,2018-05-07,2018,validation,HTT-P1-AACT-20260905,2026-09-05,20260905_export_ctgov.zip,ctgov.studies.overall_status,COMPLETED=0;TERMINATED|WITHDRAWN=1,ctgov.studies.study_first_submitted_date,step2_reconciliation/HeartTrialTwin_step2_cohort_reconciliation.csv,5a254575d8d5276d1176b53b38dad6600b46d6732441698e8e14668699d8ac43
NCT03557255,COMPLETED,0,2018-05-10,2018,validation,HTT-P1-AACT-20260905,2026-09-05,20260905_export_ctgov.zip,ctgov.studies.overall_status,COMPLETED=0;TERMINATED|WITHDRAWN=1,ctgov.studies.study_first_submitted_date,step2_reconciliation/HeartTrialTwin_step2_cohort_reconciliation.csv,5a254575d8d5276d1176b53b38dad6600b46d6732441698e8e14668699d8ac43
NCT03560167,COMPLETED,0,2018-06-06,2018,validation,HTT-P1-AACT-20260905,2026-09-05,20260905_export_ctgov.zip,ctgov.studies.overall_status,COMPLETED=0;TERMINATED|WITHDRAWN=1,ctgov.studies.study_first_submitted_date,step2_reconciliation/HeartTrialTwin_step2_cohort_reconciliation.csv,5a254575d8d5276d1176b53b38dad6600b46d6732441698e8e14668699d8ac43
NCT03560206,COMPLETED,0,2015-01-06,2015,development,HTT-P1-AACT-20260905,2026-09-05,20260905_export_ctgov.zip,ctgov.studies.overall_status,COMPLETED=0;TERMINATED|WITHDRAWN=1,ctgov.studies.study_first_submitted_date,step2_reconciliation/HeartTrialTwin_step2_cohort_reconciliation.csv,5a254575d8d5276d1176b53b38dad6600b46d6732441698e8e14668699d8ac43
NCT03560323,COMPLETED,0,2018-06-04,2018,validation,HTT-P1-AACT-20260905,2026-09-05,20260905_export_ctgov.zip,ctgov.studies.overall_status,COMPLETED=0;TERMINATED|WITHDRAWN=1,ctgov.studies.study_first_submitted_date,step2_reconciliation/HeartTrialTwin_step2_cohort_reconciliation.csv,5a254575d8d5276d1176b53b38dad6600b46d6732441698e8e14668699d8ac43
NCT03565328,TERMINATED,1,2018-06-20,2018,validation,HTT-P1-AACT-20260905,2026-09-05,20260905_export_ctgov.zip,ctgov.studies.overall_status,COMPLETED=0;TERMINATED|WITHDRAWN=1,ctgov.studies.study_first_submitted_date,step2_reconciliation/HeartTrialTwin_step2_cohort_reconciliation.csv,5a254575d8d5276d1176b53b38dad6600b46d6732441698e8e14668699d8ac43
NCT03567096,COMPLETED,0,2018-05-25,2018,validation,HTT-P1-AACT-20260905,2026-09-05,20260905_export_ctgov.zip,ctgov.studies.overall_status,COMPLETED=0;TERMINATED|WITHDRAWN=1,ctgov.studies.study_first_submitted_date,step2_reconciliation/HeartTrialTwin_step2_cohort_reconciliation.csv,5a254575d8d5276d1176b53b38dad6600b46d6732441698e8e14668699d8ac43
NCT03571581,COMPLETED,0,2018-06-05,2018,validation,HTT-P1-AACT-20260905,2026-09-05,20260905_export_ctgov.zip,ctgov.studies.overall_status,COMPLETED=0;TERMINATED|WITHDRAWN=1,ctgov.studies.study_first_submitted_date,step2_reconciliation/HeartTrialTwin_step2_cohort_reconciliation.csv,5a254575d8d5276d1176b53b38dad6600b46d6732441698e8e14668699d8ac43
NCT03574662,COMPLETED,0,2018-06-21,2018,validation,HTT-P1-AACT-20260905,2026-09-05,20260905_export_ctgov.zip,ctgov.studies.overall_status,COMPLETED=0;TERMINATED|WITHDRAWN=1,ctgov.studies.study_first_submitted_date,step2_reconciliation/HeartTrialTwin_step2_cohort_reconciliation.csv,5a254575d8d5276d1176b53b38dad6600b46d6732441698e8e14668699d8ac43
NCT03574857,TERMINATED,1,2018-04-16,2018,validation,HTT-P1-AACT-20260905,2026-09-05,20260905_export_ctgov.zip,ctgov.studies.overall_status,COMPLETED=0;TERMINATED|WITHDRAWN=1,ctgov.studies.study_first_submitted_date,step2_reconciliation/HeartTrialTwin_step2_cohort_reconciliation.csv,5a254575d8d5276d1176b53b38dad6600b46d6732441698e8e14668699d8ac43
NCT03576261,COMPLETED,0,2018-06-04,2018,validation,HTT-P1-AACT-20260905,2026-09-05,20260905_export_ctgov.zip,ctgov.studies.overall_status,COMPLETED=0;TERMINATED|WITHDRAWN=1,ctgov.studies.study_first_submitted_date,step2_reconciliation/HeartTrialTwin_step2_cohort_reconciliation.csv,5a254575d8d5276d1176b53b38dad6600b46d6732441698e8e14668699d8ac43
NCT03579914,COMPLETED,0,2018-05-17,2018,validation,HTT-P1-AACT-20260905,2026-09-05,20260905_export_ctgov.zip,ctgov.studies.overall_status,COMPLETED=0;TERMINATED|WITHDRAWN=1,ctgov.studies.study_first_submitted_date,step2_reconciliation/HeartTrialTwin_step2_cohort_reconciliation.csv,5a254575d8d5276d1176b53b38dad6600b46d6732441698e8e14668699d8ac43
NCT03580759,COMPLETED,0,2018-06-13,2018,validation,HTT-P1-AACT-20260905,2026-09-05,20260905_export_ctgov.zip,ctgov.studies.overall_status,COMPLETED=0;TERMINATED|WITHDRAWN=1,ctgov.studies.study_first_submitted_date,step2_reconciliation/HeartTrialTwin_step2_cohort_reconciliation.csv,5a254575d8d5276d1176b53b38dad6600b46d6732441698e8e14668699d8ac43
NCT03587064,COMPLETED,0,2018-06-14,2018,validation,HTT-P1-AACT-20260905,2026-09-05,20260905_export_ctgov.zip,ctgov.studies.overall_status,COMPLETED=0;TERMINATED|WITHDRAWN=1,ctgov.studies.study_first_submitted_date,step2_reconciliation/HeartTrialTwin_step2_cohort_reconciliation.csv,5a254575d8d5276d1176b53b38dad6600b46d6732441698e8e14668699d8ac43
NCT03592108,COMPLETED,0,2018-07-09,2018,validation,HTT-P1-AACT-20260905,2026-09-05,20260905_export_ctgov.zip,ctgov.studies.overall_status,COMPLETED=0;TERMINATED|WITHDRAWN=1,ctgov.studies.study_first_submitted_date,step2_reconciliation/HeartTrialTwin_step2_cohort_reconciliation.csv,5a254575d8d5276d1176b53b38dad6600b46d6732441698e8e14668699d8ac43
NCT03592355,TERMINATED,1,2018-05-14,2018,validation,HTT-P1-AACT-20260905,2026-09-05,20260905_export_ctgov.zip,ctgov.studies.overall_status,COMPLETED=0;TERMINATED|WITHDRAWN=1,ctgov.studies.study_first_submitted_date,step2_reconciliation/HeartTrialTwin_step2_cohort_reconciliation.csv,5a254575d8d5276d1176b53b38dad6600b46d6732441698e8e14668699d8ac43
NCT03592836,COMPLETED,0,2018-06-18,2018,validation,HTT-P1-AACT-20260905,2026-09-05,20260905_export_ctgov.zip,ctgov.studies.overall_status,COMPLETED=0;TERMINATED|WITHDRAWN=1,ctgov.studies.study_first_submitted_date,step2_reconciliation/HeartTrialTwin_step2_cohort_reconciliation.csv,5a254575d8d5276d1176b53b38dad6600b46d6732441698e8e14668699d8ac43
NCT03596359,COMPLETED,0,2018-06-25,2018,validation,HTT-P1-AACT-20260905,2026-09-05,20260905_export_ctgov.zip,ctgov.studies.overall_status,COMPLETED=0;TERMINATED|WITHDRAWN=1,ctgov.studies.study_first_submitted_date,step2_reconciliation/HeartTrialTwin_step2_cohort_reconciliation.csv,5a254575d8d5276d1176b53b38dad6600b46d6732441698e8e14668699d8ac43
NCT03597646,COMPLETED,0,2018-07-01,2018,validation,HTT-P1-AACT-20260905,2026-09-05,20260905_export_ctgov.zip,ctgov.studies.overall_status,COMPLETED=0;TERMINATED|WITHDRAWN=1,ctgov.studies.study_first_submitted_date,step2_reconciliation/HeartTrialTwin_step2_cohort_reconciliation.csv,5a254575d8d5276d1176b53b38dad6600b46d6732441698e8e14668699d8ac43
NCT03603743,COMPLETED,0,2018-07-13,2018,validation,HTT-P1-AACT-20260905,2026-09-05,20260905_export_ctgov.zip,ctgov.studies.overall_status,COMPLETED=0;TERMINATED|WITHDRAWN=1,ctgov.studies.study_first_submitted_date,step2_reconciliation/HeartTrialTwin_step2_cohort_reconciliation.csv,5a254575d8d5276d1176b53b38dad6600b46d6732441698e8e14668699d8ac43
NCT03606304,WITHDRAWN,1,2018-07-17,2018,validation,HTT-P1-AACT-20260905,2026-09-05,20260905_export_ctgov.zip,ctgov.studies.overall_status,COMPLETED=0;TERMINATED|WITHDRAWN=1,ctgov.studies.study_first_submitted_date,step2_reconciliation/HeartTrialTwin_step2_cohort_reconciliation.csv,5a254575d8d5276d1176b53b38dad6600b46d6732441698e8e14668699d8ac43
NCT03607357,COMPLETED,0,2018-07-02,2018,validation,HTT-P1-AACT-20260905,2026-09-05,20260905_export_ctgov.zip,ctgov.studies.overall_status,COMPLETED=0;TERMINATED|WITHDRAWN=1,ctgov.studies.study_first_submitted_date,step2_reconciliation/HeartTrialTwin_step2_cohort_reconciliation.csv,5a254575d8d5276d1176b53b38dad6600b46d6732441698e8e14668699d8ac43
NCT03608826,COMPLETED,0,2018-06-14,2018,validation,HTT-P1-AACT-20260905,2026-09-05,20260905_export_ctgov.zip,ctgov.studies.overall_status,COMPLETED=0;TERMINATED|WITHDRAWN=1,ctgov.studies.study_first_submitted_date,step2_reconciliation/HeartTrialTwin_step2_cohort_reconciliation.csv,5a254575d8d5276d1176b53b38dad6600b46d6732441698e8e14668699d8ac43
NCT03611153,COMPLETED,0,2018-07-26,2018,validation,HTT-P1-AACT-20260905,2026-09-05,20260905_export_ctgov.zip,ctgov.studies.overall_status,COMPLETED=0;TERMINATED|WITHDRAWN=1,ctgov.studies.study_first_submitted_date,step2_reconciliation/HeartTrialTwin_step2_cohort_reconciliation.csv,5a254575d8d5276d1176b53b38dad6600b46d6732441698e8e14668699d8ac43
NCT03612765,COMPLETED,0,2018-07-19,2018,validation,HTT-P1-AACT-20260905,2026-09-05,20260905_export_ctgov.zip,ctgov.studies.overall_status,COMPLETED=0;TERMINATED|WITHDRAWN=1,ctgov.studies.study_first_submitted_date,step2_reconciliation/HeartTrialTwin_step2_cohort_reconciliation.csv,5a254575d8d5276d1176b53b38dad6600b46d6732441698e8e14668699d8ac43
NCT03613064,WITHDRAWN,1,2018-05-31,2018,validation,HTT-P1-AACT-20260905,2026-09-05,20260905_export_ctgov.zip,ctgov.studies.overall_status,COMPLETED=0;TERMINATED|WITHDRAWN=1,ctgov.studies.study_first_submitted_date,step2_reconciliation/HeartTrialTwin_step2_cohort_reconciliation.csv,5a254575d8d5276d1176b53b38dad6600b46d6732441698e8e14668699d8ac43
NCT03613779,COMPLETED,0,2018-07-29,2018,validation,HTT-P1-AACT-20260905,2026-09-05,20260905_export_ctgov.zip,ctgov.studies.overall_status,COMPLETED=0;TERMINATED|WITHDRAWN=1,ctgov.studies.study_first_submitted_date,step2_reconciliation/HeartTrialTwin_step2_cohort_reconciliation.csv,5a254575d8d5276d1176b53b38dad6600b46d6732441698e8e14668699d8ac43
NCT03614169,COMPLETED,0,2018-07-29,2018,validation,HTT-P1-AACT-20260905,2026-09-05,20260905_export_ctgov.zip,ctgov.studies.overall_status,COMPLETED=0;TERMINATED|WITHDRAWN=1,ctgov.studies.study_first_submitted_date,step2_reconciliation/HeartTrialTwin_step2_cohort_reconciliation.csv,5a254575d8d5276d1176b53b38dad6600b46d6732441698e8e14668699d8ac43
NCT03615469,TERMINATED,1,2018-07-20,2018,validation,HTT-P1-AACT-20260905,2026-09-05,20260905_export_ctgov.zip,ctgov.studies.overall_status,COMPLETED=0;TERMINATED|WITHDRAWN=1,ctgov.studies.study_first_submitted_date,step2_reconciliation/HeartTrialTwin_step2_cohort_reconciliation.csv,5a254575d8d5276d1176b53b38dad6600b46d6732441698e8e14668699d8ac43
NCT03616496,COMPLETED,0,2018-07-27,2018,validation,HTT-P1-AACT-20260905,2026-09-05,20260905_export_ctgov.zip,ctgov.studies.overall_status,COMPLETED=0;TERMINATED|WITHDRAWN=1,ctgov.studies.study_first_submitted_date,step2_reconciliation/HeartTrialTwin_step2_cohort_reconciliation.csv,5a254575d8d5276d1176b53b38dad6600b46d6732441698e8e14668699d8ac43
NCT03619213,COMPLETED,0,2018-08-02,2018,validation,HTT-P1-AACT-20260905,2026-09-05,20260905_export_ctgov.zip,ctgov.studies.overall_status,COMPLETED=0;TERMINATED|WITHDRAWN=1,ctgov.studies.study_first_submitted_date,step2_reconciliation/HeartTrialTwin_step2_cohort_reconciliation.csv,5a254575d8d5276d1176b53b38dad6600b46d6732441698e8e14668699d8ac43
NCT03621436,TERMINATED,1,2018-06-14,2018,validation,HTT-P1-AACT-20260905,2026-09-05,20260905_export_ctgov.zip,ctgov.studies.overall_status,COMPLETED=0;TERMINATED|WITHDRAWN=1,ctgov.studies.study_first_submitted_date,step2_reconciliation/HeartTrialTwin_step2_cohort_reconciliation.csv,5a254575d8d5276d1176b53b38dad6600b46d6732441698e8e14668699d8ac43
NCT03624010,COMPLETED,0,2018-07-24,2018,validation,HTT-P1-AACT-20260905,2026-09-05,20260905_export_ctgov.zip,ctgov.studies.overall_status,COMPLETED=0;TERMINATED|WITHDRAWN=1,ctgov.studies.study_first_submitted_date,step2_reconciliation/HeartTrialTwin_step2_cohort_reconciliation.csv,5a254575d8d5276d1176b53b38dad6600b46d6732441698e8e14668699d8ac43
NCT03627585,COMPLETED,0,2018-08-06,2018,validation,HTT-P1-AACT-20260905,2026-09-05,20260905_export_ctgov.zip,ctgov.studies.overall_status,COMPLETED=0;TERMINATED|WITHDRAWN=1,ctgov.studies.study_first_submitted_date,step2_reconciliation/HeartTrialTwin_step2_cohort_reconciliation.csv,5a254575d8d5276d1176b53b38dad6600b46d6732441698e8e14668699d8ac43
NCT03629340,COMPLETED,0,2018-08-10,2018,validation,HTT-P1-AACT-20260905,2026-09-05,20260905_export_ctgov.zip,ctgov.studies.overall_status,COMPLETED=0;TERMINATED|WITHDRAWN=1,ctgov.studies.study_first_submitted_date,step2_reconciliation/HeartTrialTwin_step2_cohort_reconciliation.csv,5a254575d8d5276d1176b53b38dad6600b46d6732441698e8e14668699d8ac43
NCT03631654,WITHDRAWN,1,2018-08-03,2018,validation,HTT-P1-AACT-20260905,2026-09-05,20260905_export_ctgov.zip,ctgov.studies.overall_status,COMPLETED=0;TERMINATED|WITHDRAWN=1,ctgov.studies.study_first_submitted_date,step2_reconciliation/HeartTrialTwin_step2_cohort_reconciliation.csv,5a254575d8d5276d1176b53b38dad6600b46d6732441698e8e14668699d8ac43
NCT03634969,COMPLETED,0,2018-08-15,2018,validation,HTT-P1-AACT-20260905,2026-09-05,20260905_export_ctgov.zip,ctgov.studies.overall_status,COMPLETED=0;TERMINATED|WITHDRAWN=1,ctgov.studies.study_first_submitted_date,step2_reconciliation/HeartTrialTwin_step2_cohort_reconciliation.csv,5a254575d8d5276d1176b53b38dad6600b46d6732441698e8e14668699d8ac43
NCT03636880,COMPLETED,0,2018-08-08,2018,validation,HTT-P1-AACT-20260905,2026-09-05,20260905_export_ctgov.zip,ctgov.studies.overall_status,COMPLETED=0;TERMINATED|WITHDRAWN=1,ctgov.studies.study_first_submitted_date,step2_reconciliation/HeartTrialTwin_step2_cohort_reconciliation.csv,5a254575d8d5276d1176b53b38dad6600b46d6732441698e8e14668699d8ac43
NCT03642275,COMPLETED,0,2018-06-15,2018,validation,HTT-P1-AACT-20260905,2026-09-05,20260905_export_ctgov.zip,ctgov.studies.overall_status,COMPLETED=0;TERMINATED|WITHDRAWN=1,ctgov.studies.study_first_submitted_date,step2_reconciliation/HeartTrialTwin_step2_cohort_reconciliation.csv,5a254575d8d5276d1176b53b38dad6600b46d6732441698e8e14668699d8ac43
NCT03642730,COMPLETED,0,2018-05-09,2018,validation,HTT-P1-AACT-20260905,2026-09-05,20260905_export_ctgov.zip,ctgov.studies.overall_status,COMPLETED=0;TERMINATED|WITHDRAWN=1,ctgov.studies.study_first_submitted_date,step2_reconciliation/HeartTrialTwin_step2_cohort_reconciliation.csv,5a254575d8d5276d1176b53b38dad6600b46d6732441698e8e14668699d8ac43
NCT03646760,COMPLETED,0,2018-08-14,2018,validation,HTT-P1-AACT-20260905,2026-09-05,20260905_export_ctgov.zip,ctgov.studies.overall_status,COMPLETED=0;TERMINATED|WITHDRAWN=1,ctgov.studies.study_first_submitted_date,step2_reconciliation/HeartTrialTwin_step2_cohort_reconciliation.csv,5a254575d8d5276d1176b53b38dad6600b46d6732441698e8e14668699d8ac43
NCT03647891,WITHDRAWN,1,2017-01-06,2017,development,HTT-P1-AACT-20260905,2026-09-05,20260905_export_ctgov.zip,ctgov.studies.overall_status,COMPLETED=0;TERMINATED|WITHDRAWN=1,ctgov.studies.study_first_submitted_date,step2_reconciliation/HeartTrialTwin_step2_cohort_reconciliation.csv,5a254575d8d5276d1176b53b38dad6600b46d6732441698e8e14668699d8ac43
NCT03648762,COMPLETED,0,2018-08-23,2018,validation,HTT-P1-AACT-20260905,2026-09-05,20260905_export_ctgov.zip,ctgov.studies.overall_status,COMPLETED=0;TERMINATED|WITHDRAWN=1,ctgov.studies.study_first_submitted_date,step2_reconciliation/HeartTrialTwin_step2_cohort_reconciliation.csv,5a254575d8d5276d1176b53b38dad6600b46d6732441698e8e14668699d8ac43
NCT03655496,COMPLETED,0,2018-08-30,2018,validation,HTT-P1-AACT-20260905,2026-09-05,20260905_export_ctgov.zip,ctgov.studies.overall_status,COMPLETED=0;TERMINATED|WITHDRAWN=1,ctgov.studies.study_first_submitted_date,step2_reconciliation/HeartTrialTwin_step2_cohort_reconciliation.csv,5a254575d8d5276d1176b53b38dad6600b46d6732441698e8e14668699d8ac43
NCT03657459,COMPLETED,0,2018-08-30,2018,validation,HTT-P1-AACT-20260905,2026-09-05,20260905_export_ctgov.zip,ctgov.studies.overall_status,COMPLETED=0;TERMINATED|WITHDRAWN=1,ctgov.studies.study_first_submitted_date,step2_reconciliation/HeartTrialTwin_step2_cohort_reconciliation.csv,5a254575d8d5276d1176b53b38dad6600b46d6732441698e8e14668699d8ac43
NCT03658174,COMPLETED,0,2018-08-30,2018,validation,HTT-P1-AACT-20260905,2026-09-05,20260905_export_ctgov.zip,ctgov.studies.overall_status,COMPLETED=0;TERMINATED|WITHDRAWN=1,ctgov.studies.study_first_submitted_date,step2_reconciliation/HeartTrialTwin_step2_cohort_reconciliation.csv,5a254575d8d5276d1176b53b38dad6600b46d6732441698e8e14668699d8ac43
NCT03659877,COMPLETED,0,2017-10-25,2017,development,HTT-P1-AACT-20260905,2026-09-05,20260905_export_ctgov.zip,ctgov.studies.overall_status,COMPLETED=0;TERMINATED|WITHDRAWN=1,ctgov.studies.study_first_submitted_date,step2_reconciliation/HeartTrialTwin_step2_cohort_reconciliation.csv,5a254575d8d5276d1176b53b38dad6600b46d6732441698e8e14668699d8ac43
NCT03660618,TERMINATED,1,2018-07-12,2018,validation,HTT-P1-AACT-20260905,2026-09-05,20260905_export_ctgov.zip,ctgov.studies.overall_status,COMPLETED=0;TERMINATED|WITHDRAWN=1,ctgov.studies.study_first_submitted_date,step2_reconciliation/HeartTrialTwin_step2_cohort_reconciliation.csv,5a254575d8d5276d1176b53b38dad6600b46d6732441698e8e14668699d8ac43
NCT03661827,COMPLETED,0,2018-08-28,2018,validation,HTT-P1-AACT-20260905,2026-09-05,20260905_export_ctgov.zip,ctgov.studies.overall_status,COMPLETED=0;TERMINATED|WITHDRAWN=1,ctgov.studies.study_first_submitted_date,step2_reconciliation/HeartTrialTwin_step2_cohort_reconciliation.csv,5a254575d8d5276d1176b53b38dad6600b46d6732441698e8e14668699d8ac43
NCT03663907,COMPLETED,0,2018-08-28,2018,validation,HTT-P1-AACT-20260905,2026-09-05,20260905_export_ctgov.zip,ctgov.studies.overall_status,COMPLETED=0;TERMINATED|WITHDRAWN=1,ctgov.studies.study_first_submitted_date,step2_reconciliation/HeartTrialTwin_step2_cohort_reconciliation.csv,5a254575d8d5276d1176b53b38dad6600b46d6732441698e8e14668699d8ac43
NCT03665350,TERMINATED,1,2018-07-26,2018,validation,HTT-P1-AACT-20260905,2026-09-05,20260905_export_ctgov.zip,ctgov.studies.overall_status,COMPLETED=0;TERMINATED|WITHDRAWN=1,ctgov.studies.study_first_submitted_date,step2_reconciliation/HeartTrialTwin_step2_cohort_reconciliation.csv,5a254575d8d5276d1176b53b38dad6600b46d6732441698e8e14668699d8ac43
NCT03667989,COMPLETED,0,2018-09-11,2018,validation,HTT-P1-AACT-20260905,2026-09-05,20260905_export_ctgov.zip,ctgov.studies.overall_status,COMPLETED=0;TERMINATED|WITHDRAWN=1,ctgov.studies.study_first_submitted_date,step2_reconciliation/HeartTrialTwin_step2_cohort_reconciliation.csv,5a254575d8d5276d1176b53b38dad6600b46d6732441698e8e14668699d8ac43
NCT03669198,COMPLETED,0,2018-09-11,2018,validation,HTT-P1-AACT-20260905,2026-09-05,20260905_export_ctgov.zip,ctgov.studies.overall_status,COMPLETED=0;TERMINATED|WITHDRAWN=1,ctgov.studies.study_first_submitted_date,step2_reconciliation/HeartTrialTwin_step2_cohort_reconciliation.csv,5a254575d8d5276d1176b53b38dad6600b46d6732441698e8e14668699d8ac43
NCT03675113,WITHDRAWN,1,2018-09-12,2018,validation,HTT-P1-AACT-20260905,2026-09-05,20260905_export_ctgov.zip,ctgov.studies.overall_status,COMPLETED=0;TERMINATED|WITHDRAWN=1,ctgov.studies.study_first_submitted_date,step2_reconciliation/HeartTrialTwin_step2_cohort_reconciliation.csv,5a254575d8d5276d1176b53b38dad6600b46d6732441698e8e14668699d8ac43
NCT03675828,COMPLETED,0,2018-08-27,2018,validation,HTT-P1-AACT-20260905,2026-09-05,20260905_export_ctgov.zip,ctgov.studies.overall_status,COMPLETED=0;TERMINATED|WITHDRAWN=1,ctgov.studies.study_first_submitted_date,step2_reconciliation/HeartTrialTwin_step2_cohort_reconciliation.csv,5a254575d8d5276d1176b53b38dad6600b46d6732441698e8e14668699d8ac43
NCT03677271,COMPLETED,0,2018-09-05,2018,validation,HTT-P1-AACT-20260905,2026-09-05,20260905_export_ctgov.zip,ctgov.studies.overall_status,COMPLETED=0;TERMINATED|WITHDRAWN=1,ctgov.studies.study_first_submitted_date,step2_reconciliation/HeartTrialTwin_step2_cohort_reconciliation.csv,5a254575d8d5276d1176b53b38dad6600b46d6732441698e8e14668699d8ac43
NCT03682497,TERMINATED,1,2018-09-21,2018,validation,HTT-P1-AACT-20260905,2026-09-05,20260905_export_ctgov.zip,ctgov.studies.overall_status,COMPLETED=0;TERMINATED|WITHDRAWN=1,ctgov.studies.study_first_submitted_date,step2_reconciliation/HeartTrialTwin_step2_cohort_reconciliation.csv,5a254575d8d5276d1176b53b38dad6600b46d6732441698e8e14668699d8ac43
NCT03683212,COMPLETED,0,2018-07-09,2018,validation,HTT-P1-AACT-20260905,2026-09-05,20260905_export_ctgov.zip,ctgov.studies.overall_status,COMPLETED=0;TERMINATED|WITHDRAWN=1,ctgov.studies.study_first_submitted_date,step2_reconciliation/HeartTrialTwin_step2_cohort_reconciliation.csv,5a254575d8d5276d1176b53b38dad6600b46d6732441698e8e14668699d8ac43
NCT03688100,COMPLETED,0,2018-09-26,2018,validation,HTT-P1-AACT-20260905,2026-09-05,20260905_export_ctgov.zip,ctgov.studies.overall_status,COMPLETED=0;TERMINATED|WITHDRAWN=1,ctgov.studies.study_first_submitted_date,step2_reconciliation/HeartTrialTwin_step2_cohort_reconciliation.csv,5a254575d8d5276d1176b53b38dad6600b46d6732441698e8e14668699d8ac43
NCT03694431,TERMINATED,1,2018-09-27,2018,validation,HTT-P1-AACT-20260905,2026-09-05,20260905_export_ctgov.zip,ctgov.studies.overall_status,COMPLETED=0;TERMINATED|WITHDRAWN=1,ctgov.studies.study_first_submitted_date,step2_reconciliation/HeartTrialTwin_step2_cohort_reconciliation.csv,5a254575d8d5276d1176b53b38dad6600b46d6732441698e8e14668699d8ac43
NCT03695120,COMPLETED,0,2018-09-19,2018,validation,HTT-P1-AACT-20260905,2026-09-05,20260905_export_ctgov.zip,ctgov.studies.overall_status,COMPLETED=0;TERMINATED|WITHDRAWN=1,ctgov.studies.study_first_submitted_date,step2_reconciliation/HeartTrialTwin_step2_cohort_reconciliation.csv,5a254575d8d5276d1176b53b38dad6600b46d6732441698e8e14668699d8ac43
NCT03696524,WITHDRAWN,1,2018-09-11,2018,validation,HTT-P1-AACT-20260905,2026-09-05,20260905_export_ctgov.zip,ctgov.studies.overall_status,COMPLETED=0;TERMINATED|WITHDRAWN=1,ctgov.studies.study_first_submitted_date,step2_reconciliation/HeartTrialTwin_step2_cohort_reconciliation.csv,5a254575d8d5276d1176b53b38dad6600b46d6732441698e8e14668699d8ac43
NCT03702062,WITHDRAWN,1,2018-10-08,2018,validation,HTT-P1-AACT-20260905,2026-09-05,20260905_export_ctgov.zip,ctgov.studies.overall_status,COMPLETED=0;TERMINATED|WITHDRAWN=1,ctgov.studies.study_first_submitted_date,step2_reconciliation/HeartTrialTwin_step2_cohort_reconciliation.csv,5a254575d8d5276d1176b53b38dad6600b46d6732441698e8e14668699d8ac43
NCT03707275,COMPLETED,0,2018-10-02,2018,validation,HTT-P1-AACT-20260905,2026-09-05,20260905_export_ctgov.zip,ctgov.studies.overall_status,COMPLETED=0;TERMINATED|WITHDRAWN=1,ctgov.studies.study_first_submitted_date,step2_reconciliation/HeartTrialTwin_step2_cohort_reconciliation.csv,5a254575d8d5276d1176b53b38dad6600b46d6732441698e8e14668699d8ac43
NCT03713333,COMPLETED,0,2018-10-15,2018,validation,HTT-P1-AACT-20260905,2026-09-05,20260905_export_ctgov.zip,ctgov.studies.overall_status,COMPLETED=0;TERMINATED|WITHDRAWN=1,ctgov.studies.study_first_submitted_date,step2_reconciliation/HeartTrialTwin_step2_cohort_reconciliation.csv,5a254575d8d5276d1176b53b38dad6600b46d6732441698e8e14668699d8ac43
NCT03714815,TERMINATED,1,2018-10-19,2018,validation,HTT-P1-AACT-20260905,2026-09-05,20260905_export_ctgov.zip,ctgov.studies.overall_status,COMPLETED=0;TERMINATED|WITHDRAWN=1,ctgov.studies.study_first_submitted_date,step2_reconciliation/HeartTrialTwin_step2_cohort_reconciliation.csv,5a254575d8d5276d1176b53b38dad6600b46d6732441698e8e14668699d8ac43
NCT03715543,COMPLETED,0,2018-08-16,2018,validation,HTT-P1-AACT-20260905,2026-09-05,20260905_export_ctgov.zip,ctgov.studies.overall_status,COMPLETED=0;TERMINATED|WITHDRAWN=1,ctgov.studies.study_first_submitted_date,step2_reconciliation/HeartTrialTwin_step2_cohort_reconciliation.csv,5a254575d8d5276d1176b53b38dad6600b46d6732441698e8e14668699d8ac43
NCT03716778,TERMINATED,1,2018-10-08,2018,validation,HTT-P1-AACT-20260905,2026-09-05,20260905_export_ctgov.zip,ctgov.studies.overall_status,COMPLETED=0;TERMINATED|WITHDRAWN=1,ctgov.studies.study_first_submitted_date,step2_reconciliation/HeartTrialTwin_step2_cohort_reconciliation.csv,5a254575d8d5276d1176b53b38dad6600b46d6732441698e8e14668699d8ac43
NCT03717194,COMPLETED,0,2018-10-22,2018,validation,HTT-P1-AACT-20260905,2026-09-05,20260905_export_ctgov.zip,ctgov.studies.overall_status,COMPLETED=0;TERMINATED|WITHDRAWN=1,ctgov.studies.study_first_submitted_date,step2_reconciliation/HeartTrialTwin_step2_cohort_reconciliation.csv,5a254575d8d5276d1176b53b38dad6600b46d6732441698e8e14668699d8ac43
NCT03717688,COMPLETED,0,2018-09-20,2018,validation,HTT-P1-AACT-20260905,2026-09-05,20260905_export_ctgov.zip,ctgov.studies.overall_status,COMPLETED=0;TERMINATED|WITHDRAWN=1,ctgov.studies.study_first_submitted_date,step2_reconciliation/HeartTrialTwin_step2_cohort_reconciliation.csv,5a254575d8d5276d1176b53b38dad6600b46d6732441698e8e14668699d8ac43
NCT03718780,COMPLETED,0,2018-10-04,2018,validation,HTT-P1-AACT-20260905,2026-09-05,20260905_export_ctgov.zip,ctgov.studies.overall_status,COMPLETED=0;TERMINATED|WITHDRAWN=1,ctgov.studies.study_first_submitted_date,step2_reconciliation/HeartTrialTwin_step2_cohort_reconciliation.csv,5a254575d8d5276d1176b53b38dad6600b46d6732441698e8e14668699d8ac43
NCT03721952,COMPLETED,0,2018-10-16,2018,validation,HTT-P1-AACT-20260905,2026-09-05,20260905_export_ctgov.zip,ctgov.studies.overall_status,COMPLETED=0;TERMINATED|WITHDRAWN=1,ctgov.studies.study_first_submitted_date,step2_reconciliation/HeartTrialTwin_step2_cohort_reconciliation.csv,5a254575d8d5276d1176b53b38dad6600b46d6732441698e8e14668699d8ac43
NCT03722069,COMPLETED,0,2018-10-24,2018,validation,HTT-P1-AACT-20260905,2026-09-05,20260905_export_ctgov.zip,ctgov.studies.overall_status,COMPLETED=0;TERMINATED|WITHDRAWN=1,ctgov.studies.study_first_submitted_date,step2_reconciliation/HeartTrialTwin_step2_cohort_reconciliation.csv,5a254575d8d5276d1176b53b38dad6600b46d6732441698e8e14668699d8ac43
NCT03724695,COMPLETED,0,2018-10-28,2018,validation,HTT-P1-AACT-20260905,2026-09-05,20260905_export_ctgov.zip,ctgov.studies.overall_status,COMPLETED=0;TERMINATED|WITHDRAWN=1,ctgov.studies.study_first_submitted_date,step2_reconciliation/HeartTrialTwin_step2_cohort_reconciliation.csv,5a254575d8d5276d1176b53b38dad6600b46d6732441698e8e14668699d8ac43
NCT03726905,COMPLETED,0,2018-10-30,2018,validation,HTT-P1-AACT-20260905,2026-09-05,20260905_export_ctgov.zip,ctgov.studies.overall_status,COMPLETED=0;TERMINATED|WITHDRAWN=1,ctgov.studies.study_first_submitted_date,step2_reconciliation/HeartTrialTwin_step2_cohort_reconciliation.csv,5a254575d8d5276d1176b53b38dad6600b46d6732441698e8e14668699d8ac43
NCT03727646,COMPLETED,0,2018-10-16,2018,validation,HTT-P1-AACT-20260905,2026-09-05,20260905_export_ctgov.zip,ctgov.studies.overall_status,COMPLETED=0;TERMINATED|WITHDRAWN=1,ctgov.studies.study_first_submitted_date,step2_reconciliation/HeartTrialTwin_step2_cohort_reconciliation.csv,5a254575d8d5276d1176b53b38dad6600b46d6732441698e8e14668699d8ac43
NCT03728075,COMPLETED,0,2018-10-24,2018,validation,HTT-P1-AACT-20260905,2026-09-05,20260905_export_ctgov.zip,ctgov.studies.overall_status,COMPLETED=0;TERMINATED|WITHDRAWN=1,ctgov.studies.study_first_submitted_date,step2_reconciliation/HeartTrialTwin_step2_cohort_reconciliation.csv,5a254575d8d5276d1176b53b38dad6600b46d6732441698e8e14668699d8ac43
NCT03730961,COMPLETED,0,2018-11-01,2018,validation,HTT-P1-AACT-20260905,2026-09-05,20260905_export_ctgov.zip,ctgov.studies.overall_status,COMPLETED=0;TERMINATED|WITHDRAWN=1,ctgov.studies.study_first_submitted_date,step2_reconciliation/HeartTrialTwin_step2_cohort_reconciliation.csv,5a254575d8d5276d1176b53b38dad6600b46d6732441698e8e14668699d8ac43
NCT03734887,TERMINATED,1,2018-10-26,2018,validation,HTT-P1-AACT-20260905,2026-09-05,20260905_export_ctgov.zip,ctgov.studies.overall_status,COMPLETED=0;TERMINATED|WITHDRAWN=1,ctgov.studies.study_first_submitted_date,step2_reconciliation/HeartTrialTwin_step2_cohort_reconciliation.csv,5a254575d8d5276d1176b53b38dad6600b46d6732441698e8e14668699d8ac43
NCT03743012,COMPLETED,0,2018-11-14,2018,validation,HTT-P1-AACT-20260905,2026-09-05,20260905_export_ctgov.zip,ctgov.studies.overall_status,COMPLETED=0;TERMINATED|WITHDRAWN=1,ctgov.studies.study_first_submitted_date,step2_reconciliation/HeartTrialTwin_step2_cohort_reconciliation.csv,5a254575d8d5276d1176b53b38dad6600b46d6732441698e8e14668699d8ac43
NCT03745898,TERMINATED,1,2018-11-09,2018,validation,HTT-P1-AACT-20260905,2026-09-05,20260905_export_ctgov.zip,ctgov.studies.overall_status,COMPLETED=0;TERMINATED|WITHDRAWN=1,ctgov.studies.study_first_submitted_date,step2_reconciliation/HeartTrialTwin_step2_cohort_reconciliation.csv,5a254575d8d5276d1176b53b38dad6600b46d6732441698e8e14668699d8ac43
NCT03746002,TERMINATED,1,2018-11-15,2018,validation,HTT-P1-AACT-20260905,2026-09-05,20260905_export_ctgov.zip,ctgov.studies.overall_status,COMPLETED=0;TERMINATED|WITHDRAWN=1,ctgov.studies.study_first_submitted_date,step2_reconciliation/HeartTrialTwin_step2_cohort_reconciliation.csv,5a254575d8d5276d1176b53b38dad6600b46d6732441698e8e14668699d8ac43
NCT03746392,COMPLETED,0,2018-11-09,2018,validation,HTT-P1-AACT-20260905,2026-09-05,20260905_export_ctgov.zip,ctgov.studies.overall_status,COMPLETED=0;TERMINATED|WITHDRAWN=1,ctgov.studies.study_first_submitted_date,step2_reconciliation/HeartTrialTwin_step2_cohort_reconciliation.csv,5a254575d8d5276d1176b53b38dad6600b46d6732441698e8e14668699d8ac43
NCT03751904,WITHDRAWN,1,2018-11-15,2018,validation,HTT-P1-AACT-20260905,2026-09-05,20260905_export_ctgov.zip,ctgov.studies.overall_status,COMPLETED=0;TERMINATED|WITHDRAWN=1,ctgov.studies.study_first_submitted_date,step2_reconciliation/HeartTrialTwin_step2_cohort_reconciliation.csv,5a254575d8d5276d1176b53b38dad6600b46d6732441698e8e14668699d8ac43
NCT03753087,COMPLETED,0,2018-11-21,2018,validation,HTT-P1-AACT-20260905,2026-09-05,20260905_export_ctgov.zip,ctgov.studies.overall_status,COMPLETED=0;TERMINATED|WITHDRAWN=1,ctgov.studies.study_first_submitted_date,step2_reconciliation/HeartTrialTwin_step2_cohort_reconciliation.csv,5a254575d8d5276d1176b53b38dad6600b46d6732441698e8e14668699d8ac43
NCT03756285,TERMINATED,1,2018-11-19,2018,validation,HTT-P1-AACT-20260905,2026-09-05,20260905_export_ctgov.zip,ctgov.studies.overall_status,COMPLETED=0;TERMINATED|WITHDRAWN=1,ctgov.studies.study_first_submitted_date,step2_reconciliation/HeartTrialTwin_step2_cohort_reconciliation.csv,5a254575d8d5276d1176b53b38dad6600b46d6732441698e8e14668699d8ac43
NCT03759392,COMPLETED,0,2018-11-15,2018,validation,HTT-P1-AACT-20260905,2026-09-05,20260905_export_ctgov.zip,ctgov.studies.overall_status,COMPLETED=0;TERMINATED|WITHDRAWN=1,ctgov.studies.study_first_submitted_date,step2_reconciliation/HeartTrialTwin_step2_cohort_reconciliation.csv,5a254575d8d5276d1176b53b38dad6600b46d6732441698e8e14668699d8ac43
NCT03759925,COMPLETED,0,2018-11-29,2018,validation,HTT-P1-AACT-20260905,2026-09-05,20260905_export_ctgov.zip,ctgov.studies.overall_status,COMPLETED=0;TERMINATED|WITHDRAWN=1,ctgov.studies.study_first_submitted_date,step2_reconciliation/HeartTrialTwin_step2_cohort_reconciliation.csv,5a254575d8d5276d1176b53b38dad6600b46d6732441698e8e14668699d8ac43
NCT03760588,COMPLETED,0,2018-11-12,2018,validation,HTT-P1-AACT-20260905,2026-09-05,20260905_export_ctgov.zip,ctgov.studies.overall_status,COMPLETED=0;TERMINATED|WITHDRAWN=1,ctgov.studies.study_first_submitted_date,step2_reconciliation/HeartTrialTwin_step2_cohort_reconciliation.csv,5a254575d8d5276d1176b53b38dad6600b46d6732441698e8e14668699d8ac43
NCT03763136,COMPLETED,0,2018-11-09,2018,validation,HTT-P1-AACT-20260905,2026-09-05,20260905_export_ctgov.zip,ctgov.studies.overall_status,COMPLETED=0;TERMINATED|WITHDRAWN=1,ctgov.studies.study_first_submitted_date,step2_reconciliation/HeartTrialTwin_step2_cohort_reconciliation.csv,5a254575d8d5276d1176b53b38dad6600b46d6732441698e8e14668699d8ac43
NCT03772041,COMPLETED,0,2018-12-05,2018,validation,HTT-P1-AACT-20260905,2026-09-05,20260905_export_ctgov.zip,ctgov.studies.overall_status,COMPLETED=0;TERMINATED|WITHDRAWN=1,ctgov.studies.study_first_submitted_date,step2_reconciliation/HeartTrialTwin_step2_cohort_reconciliation.csv,5a254575d8d5276d1176b53b38dad6600b46d6732441698e8e14668699d8ac43
NCT03774615,TERMINATED,1,2018-12-12,2018,validation,HTT-P1-AACT-20260905,2026-09-05,20260905_export_ctgov.zip,ctgov.studies.overall_status,COMPLETED=0;TERMINATED|WITHDRAWN=1,ctgov.studies.study_first_submitted_date,step2_reconciliation/HeartTrialTwin_step2_cohort_reconciliation.csv,5a254575d8d5276d1176b53b38dad6600b46d6732441698e8e14668699d8ac43
NCT03775759,COMPLETED,0,2018-12-12,2018,validation,HTT-P1-AACT-20260905,2026-09-05,20260905_export_ctgov.zip,ctgov.studies.overall_status,COMPLETED=0;TERMINATED|WITHDRAWN=1,ctgov.studies.study_first_submitted_date,step2_reconciliation/HeartTrialTwin_step2_cohort_reconciliation.csv,5a254575d8d5276d1176b53b38dad6600b46d6732441698e8e14668699d8ac43
NCT03779802,TERMINATED,1,2018-12-17,2018,validation,HTT-P1-AACT-20260905,2026-09-05,20260905_export_ctgov.zip,ctgov.studies.overall_status,COMPLETED=0;TERMINATED|WITHDRAWN=1,ctgov.studies.study_first_submitted_date,step2_reconciliation/HeartTrialTwin_step2_cohort_reconciliation.csv,5a254575d8d5276d1176b53b38dad6600b46d6732441698e8e14668699d8ac43
NCT03780803,COMPLETED,0,2018-09-13,2018,validation,HTT-P1-AACT-20260905,2026-09-05,20260905_export_ctgov.zip,ctgov.studies.overall_status,COMPLETED=0;TERMINATED|WITHDRAWN=1,ctgov.studies.study_first_submitted_date,step2_reconciliation/HeartTrialTwin_step2_cohort_reconciliation.csv,5a254575d8d5276d1176b53b38dad6600b46d6732441698e8e14668699d8ac43
NCT03783429,COMPLETED,0,2018-12-13,2018,validation,HTT-P1-AACT-20260905,2026-09-05,20260905_export_ctgov.zip,ctgov.studies.overall_status,COMPLETED=0;TERMINATED|WITHDRAWN=1,ctgov.studies.study_first_submitted_date,step2_reconciliation/HeartTrialTwin_step2_cohort_reconciliation.csv,5a254575d8d5276d1176b53b38dad6600b46d6732441698e8e14668699d8ac43
NCT03784963,TERMINATED,1,2018-12-03,2018,validation,HTT-P1-AACT-20260905,2026-09-05,20260905_export_ctgov.zip,ctgov.studies.overall_status,COMPLETED=0;TERMINATED|WITHDRAWN=1,ctgov.studies.study_first_submitted_date,step2_reconciliation/HeartTrialTwin_step2_cohort_reconciliation.csv,5a254575d8d5276d1176b53b38dad6600b46d6732441698e8e14668699d8ac43
NCT03785405,COMPLETED,0,2018-12-20,2018,validation,HTT-P1-AACT-20260905,2026-09-05,20260905_export_ctgov.zip,ctgov.studies.overall_status,COMPLETED=0;TERMINATED|WITHDRAWN=1,ctgov.studies.study_first_submitted_date,step2_reconciliation/HeartTrialTwin_step2_cohort_reconciliation.csv,5a254575d8d5276d1176b53b38dad6600b46d6732441698e8e14668699d8ac43
NCT03787082,WITHDRAWN,1,2018-12-24,2018,validation,HTT-P1-AACT-20260905,2026-09-05,20260905_export_ctgov.zip,ctgov.studies.overall_status,COMPLETED=0;TERMINATED|WITHDRAWN=1,ctgov.studies.study_first_submitted_date,step2_reconciliation/HeartTrialTwin_step2_cohort_reconciliation.csv,5a254575d8d5276d1176b53b38dad6600b46d6732441698e8e14668699d8ac43
NCT03789487,TERMINATED,1,2018-12-17,2018,validation,HTT-P1-AACT-20260905,2026-09-05,20260905_export_ctgov.zip,ctgov.studies.overall_status,COMPLETED=0;TERMINATED|WITHDRAWN=1,ctgov.studies.study_first_submitted_date,step2_reconciliation/HeartTrialTwin_step2_cohort_reconciliation.csv,5a254575d8d5276d1176b53b38dad6600b46d6732441698e8e14668699d8ac43
NCT03791580,WITHDRAWN,1,2018-12-29,2018,validation,HTT-P1-AACT-20260905,2026-09-05,20260905_export_ctgov.zip,ctgov.studies.overall_status,COMPLETED=0;TERMINATED|WITHDRAWN=1,ctgov.studies.study_first_submitted_date,step2_reconciliation/HeartTrialTwin_step2_cohort_reconciliation.csv,5a254575d8d5276d1176b53b38dad6600b46d6732441698e8e14668699d8ac43
NCT03791593,COMPLETED,0,2018-12-30,2018,validation,HTT-P1-AACT-20260905,2026-09-05,20260905_export_ctgov.zip,ctgov.studies.overall_status,COMPLETED=0;TERMINATED|WITHDRAWN=1,ctgov.studies.study_first_submitted_date,step2_reconciliation/HeartTrialTwin_step2_cohort_reconciliation.csv,5a254575d8d5276d1176b53b38dad6600b46d6732441698e8e14668699d8ac43
NCT03797001,COMPLETED,0,2019-01-02,2019,validation,HTT-P1-AACT-20260905,2026-09-05,20260905_export_ctgov.zip,ctgov.studies.overall_status,COMPLETED=0;TERMINATED|WITHDRAWN=1,ctgov.studies.study_first_submitted_date,step2_reconciliation/HeartTrialTwin_step2_cohort_reconciliation.csv,5a254575d8d5276d1176b53b38dad6600b46d6732441698e8e14668699d8ac43
NCT03799133,COMPLETED,0,2018-12-20,2018,validation,HTT-P1-AACT-20260905,2026-09-05,20260905_export_ctgov.zip,ctgov.studies.overall_status,COMPLETED=0;TERMINATED|WITHDRAWN=1,ctgov.studies.study_first_submitted_date,step2_reconciliation/HeartTrialTwin_step2_cohort_reconciliation.csv,5a254575d8d5276d1176b53b38dad6600b46d6732441698e8e14668699d8ac43
NCT03800901,COMPLETED,0,2019-01-04,2019,validation,HTT-P1-AACT-20260905,2026-09-05,20260905_export_ctgov.zip,ctgov.studies.overall_status,COMPLETED=0;TERMINATED|WITHDRAWN=1,ctgov.studies.study_first_submitted_date,step2_reconciliation/HeartTrialTwin_step2_cohort_reconciliation.csv,5a254575d8d5276d1176b53b38dad6600b46d6732441698e8e14668699d8ac43
NCT03801226,COMPLETED,0,2018-12-12,2018,validation,HTT-P1-AACT-20260905,2026-09-05,20260905_export_ctgov.zip,ctgov.studies.overall_status,COMPLETED=0;TERMINATED|WITHDRAWN=1,ctgov.studies.study_first_submitted_date,step2_reconciliation/HeartTrialTwin_step2_cohort_reconciliation.csv,5a254575d8d5276d1176b53b38dad6600b46d6732441698e8e14668699d8ac43
NCT03801967,COMPLETED,0,2018-12-12,2018,validation,HTT-P1-AACT-20260905,2026-09-05,20260905_export_ctgov.zip,ctgov.studies.overall_status,COMPLETED=0;TERMINATED|WITHDRAWN=1,ctgov.studies.study_first_submitted_date,step2_reconciliation/HeartTrialTwin_step2_cohort_reconciliation.csv,5a254575d8d5276d1176b53b38dad6600b46d6732441698e8e14668699d8ac43
NCT03803111,WITHDRAWN,1,2019-01-08,2019,validation,HTT-P1-AACT-20260905,2026-09-05,20260905_export_ctgov.zip,ctgov.studies.overall_status,COMPLETED=0;TERMINATED|WITHDRAWN=1,ctgov.studies.study_first_submitted_date,step2_reconciliation/HeartTrialTwin_step2_cohort_reconciliation.csv,5a254575d8d5276d1176b53b38dad6600b46d6732441698e8e14668699d8ac43
NCT03803826,COMPLETED,0,2018-12-20,2018,validation,HTT-P1-AACT-20260905,2026-09-05,20260905_export_ctgov.zip,ctgov.studies.overall_status,COMPLETED=0;TERMINATED|WITHDRAWN=1,ctgov.studies.study_first_submitted_date,step2_reconciliation/HeartTrialTwin_step2_cohort_reconciliation.csv,5a254575d8d5276d1176b53b38dad6600b46d6732441698e8e14668699d8ac43
NCT03803995,COMPLETED,0,2019-01-04,2019,validation,HTT-P1-AACT-20260905,2026-09-05,20260905_export_ctgov.zip,ctgov.studies.overall_status,COMPLETED=0;TERMINATED|WITHDRAWN=1,ctgov.studies.study_first_submitted_date,step2_reconciliation/HeartTrialTwin_step2_cohort_reconciliation.csv,5a254575d8d5276d1176b53b38dad6600b46d6732441698e8e14668699d8ac43
NCT03804606,TERMINATED,1,2019-01-11,2019,validation,HTT-P1-AACT-20260905,2026-09-05,20260905_export_ctgov.zip,ctgov.studies.overall_status,COMPLETED=0;TERMINATED|WITHDRAWN=1,ctgov.studies.study_first_submitted_date,step2_reconciliation/HeartTrialTwin_step2_cohort_reconciliation.csv,5a254575d8d5276d1176b53b38dad6600b46d6732441698e8e14668699d8ac43
NCT03804645,COMPLETED,0,2019-01-14,2019,validation,HTT-P1-AACT-20260905,2026-09-05,20260905_export_ctgov.zip,ctgov.studies.overall_status,COMPLETED=0;TERMINATED|WITHDRAWN=1,ctgov.studies.study_first_submitted_date,step2_reconciliation/HeartTrialTwin_step2_cohort_reconciliation.csv,5a254575d8d5276d1176b53b38dad6600b46d6732441698e8e14668699d8ac43
NCT03808948,COMPLETED,0,2019-01-08,2019,validation,HTT-P1-AACT-20260905,2026-09-05,20260905_export_ctgov.zip,ctgov.studies.overall_status,COMPLETED=0;TERMINATED|WITHDRAWN=1,ctgov.studies.study_first_submitted_date,step2_reconciliation/HeartTrialTwin_step2_cohort_reconciliation.csv,5a254575d8d5276d1176b53b38dad6600b46d6732441698e8e14668699d8ac43
NCT03820674,COMPLETED,0,2019-01-24,2019,validation,HTT-P1-AACT-20260905,2026-09-05,20260905_export_ctgov.zip,ctgov.studies.overall_status,COMPLETED=0;TERMINATED|WITHDRAWN=1,ctgov.studies.study_first_submitted_date,step2_reconciliation/HeartTrialTwin_step2_cohort_reconciliation.csv,5a254575d8d5276d1176b53b38dad6600b46d6732441698e8e14668699d8ac43
NCT03827954,COMPLETED,0,2019-01-23,2019,validation,HTT-P1-AACT-20260905,2026-09-05,20260905_export_ctgov.zip,ctgov.studies.overall_status,COMPLETED=0;TERMINATED|WITHDRAWN=1,ctgov.studies.study_first_submitted_date,step2_reconciliation/HeartTrialTwin_step2_cohort_reconciliation.csv,5a254575d8d5276d1176b53b38dad6600b46d6732441698e8e14668699d8ac43
NCT03833336,COMPLETED,0,2019-02-05,2019,validation,HTT-P1-AACT-20260905,2026-09-05,20260905_export_ctgov.zip,ctgov.studies.overall_status,COMPLETED=0;TERMINATED|WITHDRAWN=1,ctgov.studies.study_first_submitted_date,step2_reconciliation/HeartTrialTwin_step2_cohort_reconciliation.csv,5a254575d8d5276d1176b53b38dad6600b46d6732441698e8e14668699d8ac43
NCT03834155,COMPLETED,0,2018-12-20,2018,validation,HTT-P1-AACT-20260905,2026-09-05,20260905_export_ctgov.zip,ctgov.studies.overall_status,COMPLETED=0;TERMINATED|WITHDRAWN=1,ctgov.studies.study_first_submitted_date,step2_reconciliation/HeartTrialTwin_step2_cohort_reconciliation.csv,5a254575d8d5276d1176b53b38dad6600b46d6732441698e8e14668699d8ac43
NCT03836079,COMPLETED,0,2019-02-07,2019,validation,HTT-P1-AACT-20260905,2026-09-05,20260905_export_ctgov.zip,ctgov.studies.overall_status,COMPLETED=0;TERMINATED|WITHDRAWN=1,ctgov.studies.study_first_submitted_date,step2_reconciliation/HeartTrialTwin_step2_cohort_reconciliation.csv,5a254575d8d5276d1176b53b38dad6600b46d6732441698e8e14668699d8ac43
NCT03837470,COMPLETED,0,2019-02-08,2019,validation,HTT-P1-AACT-20260905,2026-09-05,20260905_export_ctgov.zip,ctgov.studies.overall_status,COMPLETED=0;TERMINATED|WITHDRAWN=1,ctgov.studies.study_first_submitted_date,step2_reconciliation/HeartTrialTwin_step2_cohort_reconciliation.csv,5a254575d8d5276d1176b53b38dad6600b46d6732441698e8e14668699d8ac43
NCT03838003,COMPLETED,0,2018-11-15,2018,validation,HTT-P1-AACT-20260905,2026-09-05,20260905_export_ctgov.zip,ctgov.studies.overall_status,COMPLETED=0;TERMINATED|WITHDRAWN=1,ctgov.studies.study_first_submitted_date,step2_reconciliation/HeartTrialTwin_step2_cohort_reconciliation.csv,5a254575d8d5276d1176b53b38dad6600b46d6732441698e8e14668699d8ac43
NCT03841084,COMPLETED,0,2019-02-04,2019,validation,HTT-P1-AACT-20260905,2026-09-05,20260905_export_ctgov.zip,ctgov.studies.overall_status,COMPLETED=0;TERMINATED|WITHDRAWN=1,ctgov.studies.study_first_submitted_date,step2_reconciliation/HeartTrialTwin_step2_cohort_reconciliation.csv,5a254575d8d5276d1176b53b38dad6600b46d6732441698e8e14668699d8ac43
NCT03843060,COMPLETED,0,2019-02-14,2019,validation,HTT-P1-AACT-20260905,2026-09-05,20260905_export_ctgov.zip,ctgov.studies.overall_status,COMPLETED=0;TERMINATED|WITHDRAWN=1,ctgov.studies.study_first_submitted_date,step2_reconciliation/HeartTrialTwin_step2_cohort_reconciliation.csv,5a254575d8d5276d1176b53b38dad6600b46d6732441698e8e14668699d8ac43
NCT03843242,COMPLETED,0,2019-02-11,2019,validation,HTT-P1-AACT-20260905,2026-09-05,20260905_export_ctgov.zip,ctgov.studies.overall_status,COMPLETED=0;TERMINATED|WITHDRAWN=1,ctgov.studies.study_first_submitted_date,step2_reconciliation/HeartTrialTwin_step2_cohort_reconciliation.csv,5a254575d8d5276d1176b53b38dad6600b46d6732441698e8e14668699d8ac43
NCT03845127,WITHDRAWN,1,2019-02-15,2019,validation,HTT-P1-AACT-20260905,2026-09-05,20260905_export_ctgov.zip,ctgov.studies.overall_status,COMPLETED=0;TERMINATED|WITHDRAWN=1,ctgov.studies.study_first_submitted_date,step2_reconciliation/HeartTrialTwin_step2_cohort_reconciliation.csv,5a254575d8d5276d1176b53b38dad6600b46d6732441698e8e14668699d8ac43
NCT03845309,COMPLETED,0,2019-01-08,2019,validation,HTT-P1-AACT-20260905,2026-09-05,20260905_export_ctgov.zip,ctgov.studies.overall_status,COMPLETED=0;TERMINATED|WITHDRAWN=1,ctgov.studies.study_first_submitted_date,step2_reconciliation/HeartTrialTwin_step2_cohort_reconciliation.csv,5a254575d8d5276d1176b53b38dad6600b46d6732441698e8e14668699d8ac43
NCT03845660,COMPLETED,0,2019-02-11,2019,validation,HTT-P1-AACT-20260905,2026-09-05,20260905_export_ctgov.zip,ctgov.studies.overall_status,COMPLETED=0;TERMINATED|WITHDRAWN=1,ctgov.studies.study_first_submitted_date,step2_reconciliation/HeartTrialTwin_step2_cohort_reconciliation.csv,5a254575d8d5276d1176b53b38dad6600b46d6732441698e8e14668699d8ac43
NCT03850171,TERMINATED,1,2019-02-18,2019,validation,HTT-P1-AACT-20260905,2026-09-05,20260905_export_ctgov.zip,ctgov.studies.overall_status,COMPLETED=0;TERMINATED|WITHDRAWN=1,ctgov.studies.study_first_submitted_date,step2_reconciliation/HeartTrialTwin_step2_cohort_reconciliation.csv,5a254575d8d5276d1176b53b38dad6600b46d6732441698e8e14668699d8ac43
NCT03859466,COMPLETED,0,2018-11-08,2018,validation,HTT-P1-AACT-20260905,2026-09-05,20260905_export_ctgov.zip,ctgov.studies.overall_status,COMPLETED=0;TERMINATED|WITHDRAWN=1,ctgov.studies.study_first_submitted_date,step2_reconciliation/HeartTrialTwin_step2_cohort_reconciliation.csv,5a254575d8d5276d1176b53b38dad6600b46d6732441698e8e14668699d8ac43
NCT03871803,COMPLETED,0,2019-03-03,2019,validation,HTT-P1-AACT-20260905,2026-09-05,20260905_export_ctgov.zip,ctgov.studies.overall_status,COMPLETED=0;TERMINATED|WITHDRAWN=1,ctgov.studies.study_first_submitted_date,step2_reconciliation/HeartTrialTwin_step2_cohort_reconciliation.csv,5a254575d8d5276d1176b53b38dad6600b46d6732441698e8e14668699d8ac43
NCT03877224,COMPLETED,0,2019-02-21,2019,validation,HTT-P1-AACT-20260905,2026-09-05,20260905_export_ctgov.zip,ctgov.studies.overall_status,COMPLETED=0;TERMINATED|WITHDRAWN=1,ctgov.studies.study_first_submitted_date,step2_reconciliation/HeartTrialTwin_step2_cohort_reconciliation.csv,5a254575d8d5276d1176b53b38dad6600b46d6732441698e8e14668699d8ac43
NCT03877237,COMPLETED,0,2019-02-21,2019,validation,HTT-P1-AACT-20260905,2026-09-05,20260905_export_ctgov.zip,ctgov.studies.overall_status,COMPLETED=0;TERMINATED|WITHDRAWN=1,ctgov.studies.study_first_submitted_date,step2_reconciliation/HeartTrialTwin_step2_cohort_reconciliation.csv,5a254575d8d5276d1176b53b38dad6600b46d6732441698e8e14668699d8ac43
NCT03877328,COMPLETED,0,2019-02-19,2019,validation,HTT-P1-AACT-20260905,2026-09-05,20260905_export_ctgov.zip,ctgov.studies.overall_status,COMPLETED=0;TERMINATED|WITHDRAWN=1,ctgov.studies.study_first_submitted_date,step2_reconciliation/HeartTrialTwin_step2_cohort_reconciliation.csv,5a254575d8d5276d1176b53b38dad6600b46d6732441698e8e14668699d8ac43
NCT03882710,COMPLETED,0,2019-03-18,2019,validation,HTT-P1-AACT-20260905,2026-09-05,20260905_export_ctgov.zip,ctgov.studies.overall_status,COMPLETED=0;TERMINATED|WITHDRAWN=1,ctgov.studies.study_first_submitted_date,step2_reconciliation/HeartTrialTwin_step2_cohort_reconciliation.csv,5a254575d8d5276d1176b53b38dad6600b46d6732441698e8e14668699d8ac43
NCT03884504,COMPLETED,0,2019-03-15,2019,validation,HTT-P1-AACT-20260905,2026-09-05,20260905_export_ctgov.zip,ctgov.studies.overall_status,COMPLETED=0;TERMINATED|WITHDRAWN=1,ctgov.studies.study_first_submitted_date,step2_reconciliation/HeartTrialTwin_step2_cohort_reconciliation.csv,5a254575d8d5276d1176b53b38dad6600b46d6732441698e8e14668699d8ac43
NCT03884855,COMPLETED,0,2019-03-20,2019,validation,HTT-P1-AACT-20260905,2026-09-05,20260905_export_ctgov.zip,ctgov.studies.overall_status,COMPLETED=0;TERMINATED|WITHDRAWN=1,ctgov.studies.study_first_submitted_date,step2_reconciliation/HeartTrialTwin_step2_cohort_reconciliation.csv,5a254575d8d5276d1176b53b38dad6600b46d6732441698e8e14668699d8ac43
NCT03888066,COMPLETED,0,2019-03-12,2019,validation,HTT-P1-AACT-20260905,2026-09-05,20260905_export_ctgov.zip,ctgov.studies.overall_status,COMPLETED=0;TERMINATED|WITHDRAWN=1,ctgov.studies.study_first_submitted_date,step2_reconciliation/HeartTrialTwin_step2_cohort_reconciliation.csv,5a254575d8d5276d1176b53b38dad6600b46d6732441698e8e14668699d8ac43
NCT03891108,COMPLETED,0,2019-03-25,2019,validation,HTT-P1-AACT-20260905,2026-09-05,20260905_export_ctgov.zip,ctgov.studies.overall_status,COMPLETED=0;TERMINATED|WITHDRAWN=1,ctgov.studies.study_first_submitted_date,step2_reconciliation/HeartTrialTwin_step2_cohort_reconciliation.csv,5a254575d8d5276d1176b53b38dad6600b46d6732441698e8e14668699d8ac43
NCT03891329,COMPLETED,0,2019-02-11,2019,validation,HTT-P1-AACT-20260905,2026-09-05,20260905_export_ctgov.zip,ctgov.studies.overall_status,COMPLETED=0;TERMINATED|WITHDRAWN=1,ctgov.studies.study_first_submitted_date,step2_reconciliation/HeartTrialTwin_step2_cohort_reconciliation.csv,5a254575d8d5276d1176b53b38dad6600b46d6732441698e8e14668699d8ac43
NCT03892148,COMPLETED,0,2019-02-22,2019,validation,HTT-P1-AACT-20260905,2026-09-05,20260905_export_ctgov.zip,ctgov.studies.overall_status,COMPLETED=0;TERMINATED|WITHDRAWN=1,ctgov.studies.study_first_submitted_date,step2_reconciliation/HeartTrialTwin_step2_cohort_reconciliation.csv,5a254575d8d5276d1176b53b38dad6600b46d6732441698e8e14668699d8ac43
NCT03897647,WITHDRAWN,1,2018-05-24,2018,validation,HTT-P1-AACT-20260905,2026-09-05,20260905_export_ctgov.zip,ctgov.studies.overall_status,COMPLETED=0;TERMINATED|WITHDRAWN=1,ctgov.studies.study_first_submitted_date,step2_reconciliation/HeartTrialTwin_step2_cohort_reconciliation.csv,5a254575d8d5276d1176b53b38dad6600b46d6732441698e8e14668699d8ac43
NCT03901729,COMPLETED,0,2019-04-02,2019,validation,HTT-P1-AACT-20260905,2026-09-05,20260905_export_ctgov.zip,ctgov.studies.overall_status,COMPLETED=0;TERMINATED|WITHDRAWN=1,ctgov.studies.study_first_submitted_date,step2_reconciliation/HeartTrialTwin_step2_cohort_reconciliation.csv,5a254575d8d5276d1176b53b38dad6600b46d6732441698e8e14668699d8ac43
NCT03902028,COMPLETED,0,2019-03-27,2019,validation,HTT-P1-AACT-20260905,2026-09-05,20260905_export_ctgov.zip,ctgov.studies.overall_status,COMPLETED=0;TERMINATED|WITHDRAWN=1,ctgov.studies.study_first_submitted_date,step2_reconciliation/HeartTrialTwin_step2_cohort_reconciliation.csv,5a254575d8d5276d1176b53b38dad6600b46d6732441698e8e14668699d8ac43
NCT03903107,COMPLETED,0,2018-10-31,2018,validation,HTT-P1-AACT-20260905,2026-09-05,20260905_export_ctgov.zip,ctgov.studies.overall_status,COMPLETED=0;TERMINATED|WITHDRAWN=1,ctgov.studies.study_first_submitted_date,step2_reconciliation/HeartTrialTwin_step2_cohort_reconciliation.csv,5a254575d8d5276d1176b53b38dad6600b46d6732441698e8e14668699d8ac43
NCT03909295,TERMINATED,1,2019-04-08,2019,validation,HTT-P1-AACT-20260905,2026-09-05,20260905_export_ctgov.zip,ctgov.studies.overall_status,COMPLETED=0;TERMINATED|WITHDRAWN=1,ctgov.studies.study_first_submitted_date,step2_reconciliation/HeartTrialTwin_step2_cohort_reconciliation.csv,5a254575d8d5276d1176b53b38dad6600b46d6732441698e8e14668699d8ac43
NCT03909919,COMPLETED,0,2019-04-04,2019,validation,HTT-P1-AACT-20260905,2026-09-05,20260905_export_ctgov.zip,ctgov.studies.overall_status,COMPLETED=0;TERMINATED|WITHDRAWN=1,ctgov.studies.study_first_submitted_date,step2_reconciliation/HeartTrialTwin_step2_cohort_reconciliation.csv,5a254575d8d5276d1176b53b38dad6600b46d6732441698e8e14668699d8ac43
NCT03913780,COMPLETED,0,2019-04-08,2019,validation,HTT-P1-AACT-20260905,2026-09-05,20260905_export_ctgov.zip,ctgov.studies.overall_status,COMPLETED=0;TERMINATED|WITHDRAWN=1,ctgov.studies.study_first_submitted_date,step2_reconciliation/HeartTrialTwin_step2_cohort_reconciliation.csv,5a254575d8d5276d1176b53b38dad6600b46d6732441698e8e14668699d8ac43
NCT03917459,COMPLETED,0,2019-04-09,2019,validation,HTT-P1-AACT-20260905,2026-09-05,20260905_export_ctgov.zip,ctgov.studies.overall_status,COMPLETED=0;TERMINATED|WITHDRAWN=1,ctgov.studies.study_first_submitted_date,step2_reconciliation/HeartTrialTwin_step2_cohort_reconciliation.csv,5a254575d8d5276d1176b53b38dad6600b46d6732441698e8e14668699d8ac43
NCT03923530,COMPLETED,0,2019-04-18,2019,validation,HTT-P1-AACT-20260905,2026-09-05,20260905_export_ctgov.zip,ctgov.studies.overall_status,COMPLETED=0;TERMINATED|WITHDRAWN=1,ctgov.studies.study_first_submitted_date,step2_reconciliation/HeartTrialTwin_step2_cohort_reconciliation.csv,5a254575d8d5276d1176b53b38dad6600b46d6732441698e8e14668699d8ac43
NCT03923673,COMPLETED,0,2019-04-16,2019,validation,HTT-P1-AACT-20260905,2026-09-05,20260905_export_ctgov.zip,ctgov.studies.overall_status,COMPLETED=0;TERMINATED|WITHDRAWN=1,ctgov.studies.study_first_submitted_date,step2_reconciliation/HeartTrialTwin_step2_cohort_reconciliation.csv,5a254575d8d5276d1176b53b38dad6600b46d6732441698e8e14668699d8ac43
NCT03924102,WITHDRAWN,1,2019-04-18,2019,validation,HTT-P1-AACT-20260905,2026-09-05,20260905_export_ctgov.zip,ctgov.studies.overall_status,COMPLETED=0;TERMINATED|WITHDRAWN=1,ctgov.studies.study_first_submitted_date,step2_reconciliation/HeartTrialTwin_step2_cohort_reconciliation.csv,5a254575d8d5276d1176b53b38dad6600b46d6732441698e8e14668699d8ac43
NCT03924479,COMPLETED,0,2019-02-04,2019,validation,HTT-P1-AACT-20260905,2026-09-05,20260905_export_ctgov.zip,ctgov.studies.overall_status,COMPLETED=0;TERMINATED|WITHDRAWN=1,ctgov.studies.study_first_submitted_date,step2_reconciliation/HeartTrialTwin_step2_cohort_reconciliation.csv,5a254575d8d5276d1176b53b38dad6600b46d6732441698e8e14668699d8ac43
NCT03926754,COMPLETED,0,2017-07-04,2017,development,HTT-P1-AACT-20260905,2026-09-05,20260905_export_ctgov.zip,ctgov.studies.overall_status,COMPLETED=0;TERMINATED|WITHDRAWN=1,ctgov.studies.study_first_submitted_date,step2_reconciliation/HeartTrialTwin_step2_cohort_reconciliation.csv,5a254575d8d5276d1176b53b38dad6600b46d6732441698e8e14668699d8ac43
NCT03928158,COMPLETED,0,2019-04-23,2019,validation,HTT-P1-AACT-20260905,2026-09-05,20260905_export_ctgov.zip,ctgov.studies.overall_status,COMPLETED=0;TERMINATED|WITHDRAWN=1,ctgov.studies.study_first_submitted_date,step2_reconciliation/HeartTrialTwin_step2_cohort_reconciliation.csv,5a254575d8d5276d1176b53b38dad6600b46d6732441698e8e14668699d8ac43
NCT03929913,COMPLETED,0,2019-04-26,2019,validation,HTT-P1-AACT-20260905,2026-09-05,20260905_export_ctgov.zip,ctgov.studies.overall_status,COMPLETED=0;TERMINATED|WITHDRAWN=1,ctgov.studies.study_first_submitted_date,step2_reconciliation/HeartTrialTwin_step2_cohort_reconciliation.csv,5a254575d8d5276d1176b53b38dad6600b46d6732441698e8e14668699d8ac43
NCT03936608,TERMINATED,1,2019-04-30,2019,validation,HTT-P1-AACT-20260905,2026-09-05,20260905_export_ctgov.zip,ctgov.studies.overall_status,COMPLETED=0;TERMINATED|WITHDRAWN=1,ctgov.studies.study_first_submitted_date,step2_reconciliation/HeartTrialTwin_step2_cohort_reconciliation.csv,5a254575d8d5276d1176b53b38dad6600b46d6732441698e8e14668699d8ac43
NCT03937570,COMPLETED,0,2019-05-01,2019,validation,HTT-P1-AACT-20260905,2026-09-05,20260905_export_ctgov.zip,ctgov.studies.overall_status,COMPLETED=0;TERMINATED|WITHDRAWN=1,ctgov.studies.study_first_submitted_date,step2_reconciliation/HeartTrialTwin_step2_cohort_reconciliation.csv,5a254575d8d5276d1176b53b38dad6600b46d6732441698e8e14668699d8ac43
NCT03938090,WITHDRAWN,1,2019-05-02,2019,validation,HTT-P1-AACT-20260905,2026-09-05,20260905_export_ctgov.zip,ctgov.studies.overall_status,COMPLETED=0;TERMINATED|WITHDRAWN=1,ctgov.studies.study_first_submitted_date,step2_reconciliation/HeartTrialTwin_step2_cohort_reconciliation.csv,5a254575d8d5276d1176b53b38dad6600b46d6732441698e8e14668699d8ac43
NCT03942978,COMPLETED,0,2019-04-24,2019,validation,HTT-P1-AACT-20260905,2026-09-05,20260905_export_ctgov.zip,ctgov.studies.overall_status,COMPLETED=0;TERMINATED|WITHDRAWN=1,ctgov.studies.study_first_submitted_date,step2_reconciliation/HeartTrialTwin_step2_cohort_reconciliation.csv,5a254575d8d5276d1176b53b38dad6600b46d6732441698e8e14668699d8ac43
NCT03945058,TERMINATED,1,2019-03-15,2019,validation,HTT-P1-AACT-20260905,2026-09-05,20260905_export_ctgov.zip,ctgov.studies.overall_status,COMPLETED=0;TERMINATED|WITHDRAWN=1,ctgov.studies.study_first_submitted_date,step2_reconciliation/HeartTrialTwin_step2_cohort_reconciliation.csv,5a254575d8d5276d1176b53b38dad6600b46d6732441698e8e14668699d8ac43
NCT03947983,COMPLETED,0,2019-05-08,2019,validation,HTT-P1-AACT-20260905,2026-09-05,20260905_export_ctgov.zip,ctgov.studies.overall_status,COMPLETED=0;TERMINATED|WITHDRAWN=1,ctgov.studies.study_first_submitted_date,step2_reconciliation/HeartTrialTwin_step2_cohort_reconciliation.csv,5a254575d8d5276d1176b53b38dad6600b46d6732441698e8e14668699d8ac43
NCT03951740,COMPLETED,0,2019-05-06,2019,validation,HTT-P1-AACT-20260905,2026-09-05,20260905_export_ctgov.zip,ctgov.studies.overall_status,COMPLETED=0;TERMINATED|WITHDRAWN=1,ctgov.studies.study_first_submitted_date,step2_reconciliation/HeartTrialTwin_step2_cohort_reconciliation.csv,5a254575d8d5276d1176b53b38dad6600b46d6732441698e8e14668699d8ac43
NCT03959930,COMPLETED,0,2019-04-17,2019,validation,HTT-P1-AACT-20260905,2026-09-05,20260905_export_ctgov.zip,ctgov.studies.overall_status,COMPLETED=0;TERMINATED|WITHDRAWN=1,ctgov.studies.study_first_submitted_date,step2_reconciliation/HeartTrialTwin_step2_cohort_reconciliation.csv,5a254575d8d5276d1176b53b38dad6600b46d6732441698e8e14668699d8ac43
NCT03960073,COMPLETED,0,2019-05-20,2019,validation,HTT-P1-AACT-20260905,2026-09-05,20260905_export_ctgov.zip,ctgov.studies.overall_status,COMPLETED=0;TERMINATED|WITHDRAWN=1,ctgov.studies.study_first_submitted_date,step2_reconciliation/HeartTrialTwin_step2_cohort_reconciliation.csv,5a254575d8d5276d1176b53b38dad6600b46d6732441698e8e14668699d8ac43
NCT03961399,COMPLETED,0,2019-03-29,2019,validation,HTT-P1-AACT-20260905,2026-09-05,20260905_export_ctgov.zip,ctgov.studies.overall_status,COMPLETED=0;TERMINATED|WITHDRAWN=1,ctgov.studies.study_first_submitted_date,step2_reconciliation/HeartTrialTwin_step2_cohort_reconciliation.csv,5a254575d8d5276d1176b53b38dad6600b46d6732441698e8e14668699d8ac43
NCT03962101,COMPLETED,0,2019-04-18,2019,validation,HTT-P1-AACT-20260905,2026-09-05,20260905_export_ctgov.zip,ctgov.studies.overall_status,COMPLETED=0;TERMINATED|WITHDRAWN=1,ctgov.studies.study_first_submitted_date,step2_reconciliation/HeartTrialTwin_step2_cohort_reconciliation.csv,5a254575d8d5276d1176b53b38dad6600b46d6732441698e8e14668699d8ac43
NCT03963583,COMPLETED,0,2019-05-23,2019,validation,HTT-P1-AACT-20260905,2026-09-05,20260905_export_ctgov.zip,ctgov.studies.overall_status,COMPLETED=0;TERMINATED|WITHDRAWN=1,ctgov.studies.study_first_submitted_date,step2_reconciliation/HeartTrialTwin_step2_cohort_reconciliation.csv,5a254575d8d5276d1176b53b38dad6600b46d6732441698e8e14668699d8ac43
NCT03966755,COMPLETED,0,2019-05-24,2019,validation,HTT-P1-AACT-20260905,2026-09-05,20260905_export_ctgov.zip,ctgov.studies.overall_status,COMPLETED=0;TERMINATED|WITHDRAWN=1,ctgov.studies.study_first_submitted_date,step2_reconciliation/HeartTrialTwin_step2_cohort_reconciliation.csv,5a254575d8d5276d1176b53b38dad6600b46d6732441698e8e14668699d8ac43
NCT03971149,WITHDRAWN,1,2019-05-29,2019,validation,HTT-P1-AACT-20260905,2026-09-05,20260905_export_ctgov.zip,ctgov.studies.overall_status,COMPLETED=0;TERMINATED|WITHDRAWN=1,ctgov.studies.study_first_submitted_date,step2_reconciliation/HeartTrialTwin_step2_cohort_reconciliation.csv,5a254575d8d5276d1176b53b38dad6600b46d6732441698e8e14668699d8ac43
NCT03977116,COMPLETED,0,2019-06-05,2019,validation,HTT-P1-AACT-20260905,2026-09-05,20260905_export_ctgov.zip,ctgov.studies.overall_status,COMPLETED=0;TERMINATED|WITHDRAWN=1,ctgov.studies.study_first_submitted_date,step2_reconciliation/HeartTrialTwin_step2_cohort_reconciliation.csv,5a254575d8d5276d1176b53b38dad6600b46d6732441698e8e14668699d8ac43
NCT03980574,COMPLETED,0,2018-08-14,2018,validation,HTT-P1-AACT-20260905,2026-09-05,20260905_export_ctgov.zip,ctgov.studies.overall_status,COMPLETED=0;TERMINATED|WITHDRAWN=1,ctgov.studies.study_first_submitted_date,step2_reconciliation/HeartTrialTwin_step2_cohort_reconciliation.csv,5a254575d8d5276d1176b53b38dad6600b46d6732441698e8e14668699d8ac43
NCT03982017,TERMINATED,1,2019-06-07,2019,validation,HTT-P1-AACT-20260905,2026-09-05,20260905_export_ctgov.zip,ctgov.studies.overall_status,COMPLETED=0;TERMINATED|WITHDRAWN=1,ctgov.studies.study_first_submitted_date,step2_reconciliation/HeartTrialTwin_step2_cohort_reconciliation.csv,5a254575d8d5276d1176b53b38dad6600b46d6732441698e8e14668699d8ac43
NCT03988621,COMPLETED,0,2019-05-22,2019,validation,HTT-P1-AACT-20260905,2026-09-05,20260905_export_ctgov.zip,ctgov.studies.overall_status,COMPLETED=0;TERMINATED|WITHDRAWN=1,ctgov.studies.study_first_submitted_date,step2_reconciliation/HeartTrialTwin_step2_cohort_reconciliation.csv,5a254575d8d5276d1176b53b38dad6600b46d6732441698e8e14668699d8ac43
NCT03988634,COMPLETED,0,2019-06-13,2019,validation,HTT-P1-AACT-20260905,2026-09-05,20260905_export_ctgov.zip,ctgov.studies.overall_status,COMPLETED=0;TERMINATED|WITHDRAWN=1,ctgov.studies.study_first_submitted_date,step2_reconciliation/HeartTrialTwin_step2_cohort_reconciliation.csv,5a254575d8d5276d1176b53b38dad6600b46d6732441698e8e14668699d8ac43
NCT03988842,TERMINATED,1,2019-05-24,2019,validation,HTT-P1-AACT-20260905,2026-09-05,20260905_export_ctgov.zip,ctgov.studies.overall_status,COMPLETED=0;TERMINATED|WITHDRAWN=1,ctgov.studies.study_first_submitted_date,step2_reconciliation/HeartTrialTwin_step2_cohort_reconciliation.csv,5a254575d8d5276d1176b53b38dad6600b46d6732441698e8e14668699d8ac43
NCT03991000,TERMINATED,1,2019-06-17,2019,validation,HTT-P1-AACT-20260905,2026-09-05,20260905_export_ctgov.zip,ctgov.studies.overall_status,COMPLETED=0;TERMINATED|WITHDRAWN=1,ctgov.studies.study_first_submitted_date,step2_reconciliation/HeartTrialTwin_step2_cohort_reconciliation.csv,5a254575d8d5276d1176b53b38dad6600b46d6732441698e8e14668699d8ac43
NCT03993886,COMPLETED,0,2019-04-24,2019,validation,HTT-P1-AACT-20260905,2026-09-05,20260905_export_ctgov.zip,ctgov.studies.overall_status,COMPLETED=0;TERMINATED|WITHDRAWN=1,ctgov.studies.study_first_submitted_date,step2_reconciliation/HeartTrialTwin_step2_cohort_reconciliation.csv,5a254575d8d5276d1176b53b38dad6600b46d6732441698e8e14668699d8ac43
NCT03999216,WITHDRAWN,1,2019-06-24,2019,validation,HTT-P1-AACT-20260905,2026-09-05,20260905_export_ctgov.zip,ctgov.studies.overall_status,COMPLETED=0;TERMINATED|WITHDRAWN=1,ctgov.studies.study_first_submitted_date,step2_reconciliation/HeartTrialTwin_step2_cohort_reconciliation.csv,5a254575d8d5276d1176b53b38dad6600b46d6732441698e8e14668699d8ac43
NCT04000087,COMPLETED,0,2019-06-24,2019,validation,HTT-P1-AACT-20260905,2026-09-05,20260905_export_ctgov.zip,ctgov.studies.overall_status,COMPLETED=0;TERMINATED|WITHDRAWN=1,ctgov.studies.study_first_submitted_date,step2_reconciliation/HeartTrialTwin_step2_cohort_reconciliation.csv,5a254575d8d5276d1176b53b38dad6600b46d6732441698e8e14668699d8ac43
NCT04018508,TERMINATED,1,2019-06-13,2019,validation,HTT-P1-AACT-20260905,2026-09-05,20260905_export_ctgov.zip,ctgov.studies.overall_status,COMPLETED=0;TERMINATED|WITHDRAWN=1,ctgov.studies.study_first_submitted_date,step2_reconciliation/HeartTrialTwin_step2_cohort_reconciliation.csv,5a254575d8d5276d1176b53b38dad6600b46d6732441698e8e14668699d8ac43
NCT04019314,COMPLETED,0,2019-06-25,2019,validation,HTT-P1-AACT-20260905,2026-09-05,20260905_export_ctgov.zip,ctgov.studies.overall_status,COMPLETED=0;TERMINATED|WITHDRAWN=1,ctgov.studies.study_first_submitted_date,step2_reconciliation/HeartTrialTwin_step2_cohort_reconciliation.csv,5a254575d8d5276d1176b53b38dad6600b46d6732441698e8e14668699d8ac43
NCT04019613,TERMINATED,1,2019-06-28,2019,validation,HTT-P1-AACT-20260905,2026-09-05,20260905_export_ctgov.zip,ctgov.studies.overall_status,COMPLETED=0;TERMINATED|WITHDRAWN=1,ctgov.studies.study_first_submitted_date,step2_reconciliation/HeartTrialTwin_step2_cohort_reconciliation.csv,5a254575d8d5276d1176b53b38dad6600b46d6732441698e8e14668699d8ac43
NCT04022369,COMPLETED,0,2019-07-08,2019,validation,HTT-P1-AACT-20260905,2026-09-05,20260905_export_ctgov.zip,ctgov.studies.overall_status,COMPLETED=0;TERMINATED|WITHDRAWN=1,ctgov.studies.study_first_submitted_date,step2_reconciliation/HeartTrialTwin_step2_cohort_reconciliation.csv,5a254575d8d5276d1176b53b38dad6600b46d6732441698e8e14668699d8ac43
NCT04023110,COMPLETED,0,2019-03-22,2019,validation,HTT-P1-AACT-20260905,2026-09-05,20260905_export_ctgov.zip,ctgov.studies.overall_status,COMPLETED=0;TERMINATED|WITHDRAWN=1,ctgov.studies.study_first_submitted_date,step2_reconciliation/HeartTrialTwin_step2_cohort_reconciliation.csv,5a254575d8d5276d1176b53b38dad6600b46d6732441698e8e14668699d8ac43
NCT04023227,COMPLETED,0,2019-07-10,2019,validation,HTT-P1-AACT-20260905,2026-09-05,20260905_export_ctgov.zip,ctgov.studies.overall_status,COMPLETED=0;TERMINATED|WITHDRAWN=1,ctgov.studies.study_first_submitted_date,step2_reconciliation/HeartTrialTwin_step2_cohort_reconciliation.csv,5a254575d8d5276d1176b53b38dad6600b46d6732441698e8e14668699d8ac43
NCT04026126,COMPLETED,0,2019-06-26,2019,validation,HTT-P1-AACT-20260905,2026-09-05,20260905_export_ctgov.zip,ctgov.studies.overall_status,COMPLETED=0;TERMINATED|WITHDRAWN=1,ctgov.studies.study_first_submitted_date,step2_reconciliation/HeartTrialTwin_step2_cohort_reconciliation.csv,5a254575d8d5276d1176b53b38dad6600b46d6732441698e8e14668699d8ac43
NCT04028557,COMPLETED,0,2019-07-08,2019,validation,HTT-P1-AACT-20260905,2026-09-05,20260905_export_ctgov.zip,ctgov.studies.overall_status,COMPLETED=0;TERMINATED|WITHDRAWN=1,ctgov.studies.study_first_submitted_date,step2_reconciliation/HeartTrialTwin_step2_cohort_reconciliation.csv,5a254575d8d5276d1176b53b38dad6600b46d6732441698e8e14668699d8ac43
NCT04033523,COMPLETED,0,2019-07-24,2019,validation,HTT-P1-AACT-20260905,2026-09-05,20260905_export_ctgov.zip,ctgov.studies.overall_status,COMPLETED=0;TERMINATED|WITHDRAWN=1,ctgov.studies.study_first_submitted_date,step2_reconciliation/HeartTrialTwin_step2_cohort_reconciliation.csv,5a254575d8d5276d1176b53b38dad6600b46d6732441698e8e14668699d8ac43
NCT04036110,COMPLETED,0,2019-07-25,2019,validation,HTT-P1-AACT-20260905,2026-09-05,20260905_export_ctgov.zip,ctgov.studies.overall_status,COMPLETED=0;TERMINATED|WITHDRAWN=1,ctgov.studies.study_first_submitted_date,step2_reconciliation/HeartTrialTwin_step2_cohort_reconciliation.csv,5a254575d8d5276d1176b53b38dad6600b46d6732441698e8e14668699d8ac43
NCT04037436,COMPLETED,0,2019-06-28,2019,validation,HTT-P1-AACT-20260905,2026-09-05,20260905_export_ctgov.zip,ctgov.studies.overall_status,COMPLETED=0;TERMINATED|WITHDRAWN=1,ctgov.studies.study_first_submitted_date,step2_reconciliation/HeartTrialTwin_step2_cohort_reconciliation.csv,5a254575d8d5276d1176b53b38dad6600b46d6732441698e8e14668699d8ac43
NCT04045405,COMPLETED,0,2019-07-23,2019,validation,HTT-P1-AACT-20260905,2026-09-05,20260905_export_ctgov.zip,ctgov.studies.overall_status,COMPLETED=0;TERMINATED|WITHDRAWN=1,ctgov.studies.study_first_submitted_date,step2_reconciliation/HeartTrialTwin_step2_cohort_reconciliation.csv,5a254575d8d5276d1176b53b38dad6600b46d6732441698e8e14668699d8ac43
NCT04049045,COMPLETED,0,2019-07-10,2019,validation,HTT-P1-AACT-20260905,2026-09-05,20260905_export_ctgov.zip,ctgov.studies.overall_status,COMPLETED=0;TERMINATED|WITHDRAWN=1,ctgov.studies.study_first_submitted_date,step2_reconciliation/HeartTrialTwin_step2_cohort_reconciliation.csv,5a254575d8d5276d1176b53b38dad6600b46d6732441698e8e14668699d8ac43
NCT04063033,COMPLETED,0,2019-08-18,2019,validation,HTT-P1-AACT-20260905,2026-09-05,20260905_export_ctgov.zip,ctgov.studies.overall_status,COMPLETED=0;TERMINATED|WITHDRAWN=1,ctgov.studies.study_first_submitted_date,step2_reconciliation/HeartTrialTwin_step2_cohort_reconciliation.csv,5a254575d8d5276d1176b53b38dad6600b46d6732441698e8e14668699d8ac43
NCT04063579,COMPLETED,0,2019-08-16,2019,validation,HTT-P1-AACT-20260905,2026-09-05,20260905_export_ctgov.zip,ctgov.studies.overall_status,COMPLETED=0;TERMINATED|WITHDRAWN=1,ctgov.studies.study_first_submitted_date,step2_reconciliation/HeartTrialTwin_step2_cohort_reconciliation.csv,5a254575d8d5276d1176b53b38dad6600b46d6732441698e8e14668699d8ac43
NCT04064541,COMPLETED,0,2019-08-02,2019,validation,HTT-P1-AACT-20260905,2026-09-05,20260905_export_ctgov.zip,ctgov.studies.overall_status,COMPLETED=0;TERMINATED|WITHDRAWN=1,ctgov.studies.study_first_submitted_date,step2_reconciliation/HeartTrialTwin_step2_cohort_reconciliation.csv,5a254575d8d5276d1176b53b38dad6600b46d6732441698e8e14668699d8ac43
NCT04066738,TERMINATED,1,2019-04-17,2019,validation,HTT-P1-AACT-20260905,2026-09-05,20260905_export_ctgov.zip,ctgov.studies.overall_status,COMPLETED=0;TERMINATED|WITHDRAWN=1,ctgov.studies.study_first_submitted_date,step2_reconciliation/HeartTrialTwin_step2_cohort_reconciliation.csv,5a254575d8d5276d1176b53b38dad6600b46d6732441698e8e14668699d8ac43
NCT04068844,COMPLETED,0,2019-08-22,2019,validation,HTT-P1-AACT-20260905,2026-09-05,20260905_export_ctgov.zip,ctgov.studies.overall_status,COMPLETED=0;TERMINATED|WITHDRAWN=1,ctgov.studies.study_first_submitted_date,step2_reconciliation/HeartTrialTwin_step2_cohort_reconciliation.csv,5a254575d8d5276d1176b53b38dad6600b46d6732441698e8e14668699d8ac43
NCT04069156,COMPLETED,0,2019-08-21,2019,validation,HTT-P1-AACT-20260905,2026-09-05,20260905_export_ctgov.zip,ctgov.studies.overall_status,COMPLETED=0;TERMINATED|WITHDRAWN=1,ctgov.studies.study_first_submitted_date,step2_reconciliation/HeartTrialTwin_step2_cohort_reconciliation.csv,5a254575d8d5276d1176b53b38dad6600b46d6732441698e8e14668699d8ac43
NCT04071093,COMPLETED,0,2019-08-22,2019,validation,HTT-P1-AACT-20260905,2026-09-05,20260905_export_ctgov.zip,ctgov.studies.overall_status,COMPLETED=0;TERMINATED|WITHDRAWN=1,ctgov.studies.study_first_submitted_date,step2_reconciliation/HeartTrialTwin_step2_cohort_reconciliation.csv,5a254575d8d5276d1176b53b38dad6600b46d6732441698e8e14668699d8ac43
NCT04071626,TERMINATED,1,2019-08-26,2019,validation,HTT-P1-AACT-20260905,2026-09-05,20260905_export_ctgov.zip,ctgov.studies.overall_status,COMPLETED=0;TERMINATED|WITHDRAWN=1,ctgov.studies.study_first_submitted_date,step2_reconciliation/HeartTrialTwin_step2_cohort_reconciliation.csv,5a254575d8d5276d1176b53b38dad6600b46d6732441698e8e14668699d8ac43
NCT04080518,COMPLETED,0,2019-08-26,2019,validation,HTT-P1-AACT-20260905,2026-09-05,20260905_export_ctgov.zip,ctgov.studies.overall_status,COMPLETED=0;TERMINATED|WITHDRAWN=1,ctgov.studies.study_first_submitted_date,step2_reconciliation/HeartTrialTwin_step2_cohort_reconciliation.csv,5a254575d8d5276d1176b53b38dad6600b46d6732441698e8e14668699d8ac43
NCT04080570,COMPLETED,0,2019-09-04,2019,validation,HTT-P1-AACT-20260905,2026-09-05,20260905_export_ctgov.zip,ctgov.studies.overall_status,COMPLETED=0;TERMINATED|WITHDRAWN=1,ctgov.studies.study_first_submitted_date,step2_reconciliation/HeartTrialTwin_step2_cohort_reconciliation.csv,5a254575d8d5276d1176b53b38dad6600b46d6732441698e8e14668699d8ac43
NCT04084964,COMPLETED,0,2019-09-05,2019,validation,HTT-P1-AACT-20260905,2026-09-05,20260905_export_ctgov.zip,ctgov.studies.overall_status,COMPLETED=0;TERMINATED|WITHDRAWN=1,ctgov.studies.study_first_submitted_date,step2_reconciliation/HeartTrialTwin_step2_cohort_reconciliation.csv,5a254575d8d5276d1176b53b38dad6600b46d6732441698e8e14668699d8ac43
NCT04095416,TERMINATED,1,2019-08-13,2019,validation,HTT-P1-AACT-20260905,2026-09-05,20260905_export_ctgov.zip,ctgov.studies.overall_status,COMPLETED=0;TERMINATED|WITHDRAWN=1,ctgov.studies.study_first_submitted_date,step2_reconciliation/HeartTrialTwin_step2_cohort_reconciliation.csv,5a254575d8d5276d1176b53b38dad6600b46d6732441698e8e14668699d8ac43
NCT04096040,COMPLETED,0,2019-09-12,2019,validation,HTT-P1-AACT-20260905,2026-09-05,20260905_export_ctgov.zip,ctgov.studies.overall_status,COMPLETED=0;TERMINATED|WITHDRAWN=1,ctgov.studies.study_first_submitted_date,step2_reconciliation/HeartTrialTwin_step2_cohort_reconciliation.csv,5a254575d8d5276d1176b53b38dad6600b46d6732441698e8e14668699d8ac43
NCT04096781,COMPLETED,0,2019-09-09,2019,validation,HTT-P1-AACT-20260905,2026-09-05,20260905_export_ctgov.zip,ctgov.studies.overall_status,COMPLETED=0;TERMINATED|WITHDRAWN=1,ctgov.studies.study_first_submitted_date,step2_reconciliation/HeartTrialTwin_step2_cohort_reconciliation.csv,5a254575d8d5276d1176b53b38dad6600b46d6732441698e8e14668699d8ac43
NCT04110431,COMPLETED,0,2019-09-23,2019,validation,HTT-P1-AACT-20260905,2026-09-05,20260905_export_ctgov.zip,ctgov.studies.overall_status,COMPLETED=0;TERMINATED|WITHDRAWN=1,ctgov.studies.study_first_submitted_date,step2_reconciliation/HeartTrialTwin_step2_cohort_reconciliation.csv,5a254575d8d5276d1176b53b38dad6600b46d6732441698e8e14668699d8ac43
NCT04111185,COMPLETED,0,2019-09-23,2019,validation,HTT-P1-AACT-20260905,2026-09-05,20260905_export_ctgov.zip,ctgov.studies.overall_status,COMPLETED=0;TERMINATED|WITHDRAWN=1,ctgov.studies.study_first_submitted_date,step2_reconciliation/HeartTrialTwin_step2_cohort_reconciliation.csv,5a254575d8d5276d1176b53b38dad6600b46d6732441698e8e14668699d8ac43
NCT04111536,COMPLETED,0,2019-09-30,2019,validation,HTT-P1-AACT-20260905,2026-09-05,20260905_export_ctgov.zip,ctgov.studies.overall_status,COMPLETED=0;TERMINATED|WITHDRAWN=1,ctgov.studies.study_first_submitted_date,step2_reconciliation/HeartTrialTwin_step2_cohort_reconciliation.csv,5a254575d8d5276d1176b53b38dad6600b46d6732441698e8e14668699d8ac43
NCT04112316,COMPLETED,0,2019-09-30,2019,validation,HTT-P1-AACT-20260905,2026-09-05,20260905_export_ctgov.zip,ctgov.studies.overall_status,COMPLETED=0;TERMINATED|WITHDRAWN=1,ctgov.studies.study_first_submitted_date,step2_reconciliation/HeartTrialTwin_step2_cohort_reconciliation.csv,5a254575d8d5276d1176b53b38dad6600b46d6732441698e8e14668699d8ac43
NCT04113109,COMPLETED,0,2019-09-26,2019,validation,HTT-P1-AACT-20260905,2026-09-05,20260905_export_ctgov.zip,ctgov.studies.overall_status,COMPLETED=0;TERMINATED|WITHDRAWN=1,ctgov.studies.study_first_submitted_date,step2_reconciliation/HeartTrialTwin_step2_cohort_reconciliation.csv,5a254575d8d5276d1176b53b38dad6600b46d6732441698e8e14668699d8ac43
NCT04113291,WITHDRAWN,1,2019-10-01,2019,validation,HTT-P1-AACT-20260905,2026-09-05,20260905_export_ctgov.zip,ctgov.studies.overall_status,COMPLETED=0;TERMINATED|WITHDRAWN=1,ctgov.studies.study_first_submitted_date,step2_reconciliation/HeartTrialTwin_step2_cohort_reconciliation.csv,5a254575d8d5276d1176b53b38dad6600b46d6732441698e8e14668699d8ac43
NCT04116034,COMPLETED,0,2019-10-01,2019,validation,HTT-P1-AACT-20260905,2026-09-05,20260905_export_ctgov.zip,ctgov.studies.overall_status,COMPLETED=0;TERMINATED|WITHDRAWN=1,ctgov.studies.study_first_submitted_date,step2_reconciliation/HeartTrialTwin_step2_cohort_reconciliation.csv,5a254575d8d5276d1176b53b38dad6600b46d6732441698e8e14668699d8ac43
NCT04117659,COMPLETED,0,2019-08-22,2019,validation,HTT-P1-AACT-20260905,2026-09-05,20260905_export_ctgov.zip,ctgov.studies.overall_status,COMPLETED=0;TERMINATED|WITHDRAWN=1,ctgov.studies.study_first_submitted_date,step2_reconciliation/HeartTrialTwin_step2_cohort_reconciliation.csv,5a254575d8d5276d1176b53b38dad6600b46d6732441698e8e14668699d8ac43
NCT04118569,COMPLETED,0,2019-10-03,2019,validation,HTT-P1-AACT-20260905,2026-09-05,20260905_export_ctgov.zip,ctgov.studies.overall_status,COMPLETED=0;TERMINATED|WITHDRAWN=1,ctgov.studies.study_first_submitted_date,step2_reconciliation/HeartTrialTwin_step2_cohort_reconciliation.csv,5a254575d8d5276d1176b53b38dad6600b46d6732441698e8e14668699d8ac43
NCT04120857,COMPLETED,0,2019-09-24,2019,validation,HTT-P1-AACT-20260905,2026-09-05,20260905_export_ctgov.zip,ctgov.studies.overall_status,COMPLETED=0;TERMINATED|WITHDRAWN=1,ctgov.studies.study_first_submitted_date,step2_reconciliation/HeartTrialTwin_step2_cohort_reconciliation.csv,5a254575d8d5276d1176b53b38dad6600b46d6732441698e8e14668699d8ac43
NCT04127383,COMPLETED,0,2019-10-10,2019,validation,HTT-P1-AACT-20260905,2026-09-05,20260905_export_ctgov.zip,ctgov.studies.overall_status,COMPLETED=0;TERMINATED|WITHDRAWN=1,ctgov.studies.study_first_submitted_date,step2_reconciliation/HeartTrialTwin_step2_cohort_reconciliation.csv,5a254575d8d5276d1176b53b38dad6600b46d6732441698e8e14668699d8ac43
NCT04128891,WITHDRAWN,1,2019-08-21,2019,validation,HTT-P1-AACT-20260905,2026-09-05,20260905_export_ctgov.zip,ctgov.studies.overall_status,COMPLETED=0;TERMINATED|WITHDRAWN=1,ctgov.studies.study_first_submitted_date,step2_reconciliation/HeartTrialTwin_step2_cohort_reconciliation.csv,5a254575d8d5276d1176b53b38dad6600b46d6732441698e8e14668699d8ac43
NCT04133350,TERMINATED,1,2019-10-17,2019,validation,HTT-P1-AACT-20260905,2026-09-05,20260905_export_ctgov.zip,ctgov.studies.overall_status,COMPLETED=0;TERMINATED|WITHDRAWN=1,ctgov.studies.study_first_submitted_date,step2_reconciliation/HeartTrialTwin_step2_cohort_reconciliation.csv,5a254575d8d5276d1176b53b38dad6600b46d6732441698e8e14668699d8ac43
NCT04136951,COMPLETED,0,2019-10-18,2019,validation,HTT-P1-AACT-20260905,2026-09-05,20260905_export_ctgov.zip,ctgov.studies.overall_status,COMPLETED=0;TERMINATED|WITHDRAWN=1,ctgov.studies.study_first_submitted_date,step2_reconciliation/HeartTrialTwin_step2_cohort_reconciliation.csv,5a254575d8d5276d1176b53b38dad6600b46d6732441698e8e14668699d8ac43
NCT04141891,COMPLETED,0,2019-10-22,2019,validation,HTT-P1-AACT-20260905,2026-09-05,20260905_export_ctgov.zip,ctgov.studies.overall_status,COMPLETED=0;TERMINATED|WITHDRAWN=1,ctgov.studies.study_first_submitted_date,step2_reconciliation/HeartTrialTwin_step2_cohort_reconciliation.csv,5a254575d8d5276d1176b53b38dad6600b46d6732441698e8e14668699d8ac43
NCT04142788,TERMINATED,1,2019-10-08,2019,validation,HTT-P1-AACT-20260905,2026-09-05,20260905_export_ctgov.zip,ctgov.studies.overall_status,COMPLETED=0;TERMINATED|WITHDRAWN=1,ctgov.studies.study_first_submitted_date,step2_reconciliation/HeartTrialTwin_step2_cohort_reconciliation.csv,5a254575d8d5276d1176b53b38dad6600b46d6732441698e8e14668699d8ac43
NCT04143230,COMPLETED,0,2019-10-15,2019,validation,HTT-P1-AACT-20260905,2026-09-05,20260905_export_ctgov.zip,ctgov.studies.overall_status,COMPLETED=0;TERMINATED|WITHDRAWN=1,ctgov.studies.study_first_submitted_date,step2_reconciliation/HeartTrialTwin_step2_cohort_reconciliation.csv,5a254575d8d5276d1176b53b38dad6600b46d6732441698e8e14668699d8ac43
NCT04143919,COMPLETED,0,2019-10-28,2019,validation,HTT-P1-AACT-20260905,2026-09-05,20260905_export_ctgov.zip,ctgov.studies.overall_status,COMPLETED=0;TERMINATED|WITHDRAWN=1,ctgov.studies.study_first_submitted_date,step2_reconciliation/HeartTrialTwin_step2_cohort_reconciliation.csv,5a254575d8d5276d1176b53b38dad6600b46d6732441698e8e14668699d8ac43
NCT04145635,COMPLETED,0,2019-10-25,2019,validation,HTT-P1-AACT-20260905,2026-09-05,20260905_export_ctgov.zip,ctgov.studies.overall_status,COMPLETED=0;TERMINATED|WITHDRAWN=1,ctgov.studies.study_first_submitted_date,step2_reconciliation/HeartTrialTwin_step2_cohort_reconciliation.csv,5a254575d8d5276d1176b53b38dad6600b46d6732441698e8e14668699d8ac43
NCT04152031,COMPLETED,0,2019-10-22,2019,validation,HTT-P1-AACT-20260905,2026-09-05,20260905_export_ctgov.zip,ctgov.studies.overall_status,COMPLETED=0;TERMINATED|WITHDRAWN=1,ctgov.studies.study_first_submitted_date,step2_reconciliation/HeartTrialTwin_step2_cohort_reconciliation.csv,5a254575d8d5276d1176b53b38dad6600b46d6732441698e8e14668699d8ac43
NCT04153136,COMPLETED,0,2019-10-30,2019,validation,HTT-P1-AACT-20260905,2026-09-05,20260905_export_ctgov.zip,ctgov.studies.overall_status,COMPLETED=0;TERMINATED|WITHDRAWN=1,ctgov.studies.study_first_submitted_date,step2_reconciliation/HeartTrialTwin_step2_cohort_reconciliation.csv,5a254575d8d5276d1176b53b38dad6600b46d6732441698e8e14668699d8ac43
NCT04153890,COMPLETED,0,2019-11-04,2019,validation,HTT-P1-AACT-20260905,2026-09-05,20260905_export_ctgov.zip,ctgov.studies.overall_status,COMPLETED=0;TERMINATED|WITHDRAWN=1,ctgov.studies.study_first_submitted_date,step2_reconciliation/HeartTrialTwin_step2_cohort_reconciliation.csv,5a254575d8d5276d1176b53b38dad6600b46d6732441698e8e14668699d8ac43
NCT04156854,COMPLETED,0,2019-11-06,2019,validation,HTT-P1-AACT-20260905,2026-09-05,20260905_export_ctgov.zip,ctgov.studies.overall_status,COMPLETED=0;TERMINATED|WITHDRAWN=1,ctgov.studies.study_first_submitted_date,step2_reconciliation/HeartTrialTwin_step2_cohort_reconciliation.csv,5a254575d8d5276d1176b53b38dad6600b46d6732441698e8e14668699d8ac43
NCT04157660,COMPLETED,0,2019-08-30,2019,validation,HTT-P1-AACT-20260905,2026-09-05,20260905_export_ctgov.zip,ctgov.studies.overall_status,COMPLETED=0;TERMINATED|WITHDRAWN=1,ctgov.studies.study_first_submitted_date,step2_reconciliation/HeartTrialTwin_step2_cohort_reconciliation.csv,5a254575d8d5276d1176b53b38dad6600b46d6732441698e8e14668699d8ac43
NCT04157751,COMPLETED,0,2019-11-04,2019,validation,HTT-P1-AACT-20260905,2026-09-05,20260905_export_ctgov.zip,ctgov.studies.overall_status,COMPLETED=0;TERMINATED|WITHDRAWN=1,ctgov.studies.study_first_submitted_date,step2_reconciliation/HeartTrialTwin_step2_cohort_reconciliation.csv,5a254575d8d5276d1176b53b38dad6600b46d6732441698e8e14668699d8ac43
NCT04158674,TERMINATED,1,2019-11-07,2019,validation,HTT-P1-AACT-20260905,2026-09-05,20260905_export_ctgov.zip,ctgov.studies.overall_status,COMPLETED=0;TERMINATED|WITHDRAWN=1,ctgov.studies.study_first_submitted_date,step2_reconciliation/HeartTrialTwin_step2_cohort_reconciliation.csv,5a254575d8d5276d1176b53b38dad6600b46d6732441698e8e14668699d8ac43
NCT04159454,COMPLETED,0,2019-11-07,2019,validation,HTT-P1-AACT-20260905,2026-09-05,20260905_export_ctgov.zip,ctgov.studies.overall_status,COMPLETED=0;TERMINATED|WITHDRAWN=1,ctgov.studies.study_first_submitted_date,step2_reconciliation/HeartTrialTwin_step2_cohort_reconciliation.csv,5a254575d8d5276d1176b53b38dad6600b46d6732441698e8e14668699d8ac43
NCT04164004,COMPLETED,0,2019-11-12,2019,validation,HTT-P1-AACT-20260905,2026-09-05,20260905_export_ctgov.zip,ctgov.studies.overall_status,COMPLETED=0;TERMINATED|WITHDRAWN=1,ctgov.studies.study_first_submitted_date,step2_reconciliation/HeartTrialTwin_step2_cohort_reconciliation.csv,5a254575d8d5276d1176b53b38dad6600b46d6732441698e8e14668699d8ac43
NCT04179643,COMPLETED,0,2019-09-06,2019,validation,HTT-P1-AACT-20260905,2026-09-05,20260905_export_ctgov.zip,ctgov.studies.overall_status,COMPLETED=0;TERMINATED|WITHDRAWN=1,ctgov.studies.study_first_submitted_date,step2_reconciliation/HeartTrialTwin_step2_cohort_reconciliation.csv,5a254575d8d5276d1176b53b38dad6600b46d6732441698e8e14668699d8ac43
NCT04180696,COMPLETED,0,2019-11-18,2019,validation,HTT-P1-AACT-20260905,2026-09-05,20260905_export_ctgov.zip,ctgov.studies.overall_status,COMPLETED=0;TERMINATED|WITHDRAWN=1,ctgov.studies.study_first_submitted_date,step2_reconciliation/HeartTrialTwin_step2_cohort_reconciliation.csv,5a254575d8d5276d1176b53b38dad6600b46d6732441698e8e14668699d8ac43
NCT04192214,COMPLETED,0,2019-12-03,2019,validation,HTT-P1-AACT-20260905,2026-09-05,20260905_export_ctgov.zip,ctgov.studies.overall_status,COMPLETED=0;TERMINATED|WITHDRAWN=1,ctgov.studies.study_first_submitted_date,step2_reconciliation/HeartTrialTwin_step2_cohort_reconciliation.csv,5a254575d8d5276d1176b53b38dad6600b46d6732441698e8e14668699d8ac43
NCT04197635,COMPLETED,0,2019-11-01,2019,validation,HTT-P1-AACT-20260905,2026-09-05,20260905_export_ctgov.zip,ctgov.studies.overall_status,COMPLETED=0;TERMINATED|WITHDRAWN=1,ctgov.studies.study_first_submitted_date,step2_reconciliation/HeartTrialTwin_step2_cohort_reconciliation.csv,5a254575d8d5276d1176b53b38dad6600b46d6732441698e8e14668699d8ac43
NCT04198779,TERMINATED,1,2019-12-06,2019,validation,HTT-P1-AACT-20260905,2026-09-05,20260905_export_ctgov.zip,ctgov.studies.overall_status,COMPLETED=0;TERMINATED|WITHDRAWN=1,ctgov.studies.study_first_submitted_date,step2_reconciliation/HeartTrialTwin_step2_cohort_reconciliation.csv,5a254575d8d5276d1176b53b38dad6600b46d6732441698e8e14668699d8ac43
NCT04210167,COMPLETED,0,2019-12-19,2019,validation,HTT-P1-AACT-20260905,2026-09-05,20260905_export_ctgov.zip,ctgov.studies.overall_status,COMPLETED=0;TERMINATED|WITHDRAWN=1,ctgov.studies.study_first_submitted_date,step2_reconciliation/HeartTrialTwin_step2_cohort_reconciliation.csv,5a254575d8d5276d1176b53b38dad6600b46d6732441698e8e14668699d8ac43
NCT04210375,COMPLETED,0,2019-12-17,2019,validation,HTT-P1-AACT-20260905,2026-09-05,20260905_export_ctgov.zip,ctgov.studies.overall_status,COMPLETED=0;TERMINATED|WITHDRAWN=1,ctgov.studies.study_first_submitted_date,step2_reconciliation/HeartTrialTwin_step2_cohort_reconciliation.csv,5a254575d8d5276d1176b53b38dad6600b46d6732441698e8e14668699d8ac43
NCT04219618,TERMINATED,1,2019-12-11,2019,validation,HTT-P1-AACT-20260905,2026-09-05,20260905_export_ctgov.zip,ctgov.studies.overall_status,COMPLETED=0;TERMINATED|WITHDRAWN=1,ctgov.studies.study_first_submitted_date,step2_reconciliation/HeartTrialTwin_step2_cohort_reconciliation.csv,5a254575d8d5276d1176b53b38dad6600b46d6732441698e8e14668699d8ac43
NCT04221763,COMPLETED,0,2019-11-04,2019,validation,HTT-P1-AACT-20260905,2026-09-05,20260905_export_ctgov.zip,ctgov.studies.overall_status,COMPLETED=0;TERMINATED|WITHDRAWN=1,ctgov.studies.study_first_submitted_date,step2_reconciliation/HeartTrialTwin_step2_cohort_reconciliation.csv,5a254575d8d5276d1176b53b38dad6600b46d6732441698e8e14668699d8ac43
NCT04225728,COMPLETED,0,2019-04-02,2019,validation,HTT-P1-AACT-20260905,2026-09-05,20260905_export_ctgov.zip,ctgov.studies.overall_status,COMPLETED=0;TERMINATED|WITHDRAWN=1,ctgov.studies.study_first_submitted_date,step2_reconciliation/HeartTrialTwin_step2_cohort_reconciliation.csv,5a254575d8d5276d1176b53b38dad6600b46d6732441698e8e14668699d8ac43
NCT04226755,COMPLETED,0,2020-01-09,2020,validation,HTT-P1-AACT-20260905,2026-09-05,20260905_export_ctgov.zip,ctgov.studies.overall_status,COMPLETED=0;TERMINATED|WITHDRAWN=1,ctgov.studies.study_first_submitted_date,step2_reconciliation/HeartTrialTwin_step2_cohort_reconciliation.csv,5a254575d8d5276d1176b53b38dad6600b46d6732441698e8e14668699d8ac43
NCT04227977,COMPLETED,0,2020-01-10,2020,validation,HTT-P1-AACT-20260905,2026-09-05,20260905_export_ctgov.zip,ctgov.studies.overall_status,COMPLETED=0;TERMINATED|WITHDRAWN=1,ctgov.studies.study_first_submitted_date,step2_reconciliation/HeartTrialTwin_step2_cohort_reconciliation.csv,5a254575d8d5276d1176b53b38dad6600b46d6732441698e8e14668699d8ac43
NCT04228120,COMPLETED,0,2020-01-09,2020,validation,HTT-P1-AACT-20260905,2026-09-05,20260905_export_ctgov.zip,ctgov.studies.overall_status,COMPLETED=0;TERMINATED|WITHDRAWN=1,ctgov.studies.study_first_submitted_date,step2_reconciliation/HeartTrialTwin_step2_cohort_reconciliation.csv,5a254575d8d5276d1176b53b38dad6600b46d6732441698e8e14668699d8ac43
NCT04232345,COMPLETED,0,2020-01-03,2020,validation,HTT-P1-AACT-20260905,2026-09-05,20260905_export_ctgov.zip,ctgov.studies.overall_status,COMPLETED=0;TERMINATED|WITHDRAWN=1,ctgov.studies.study_first_submitted_date,step2_reconciliation/HeartTrialTwin_step2_cohort_reconciliation.csv,5a254575d8d5276d1176b53b38dad6600b46d6732441698e8e14668699d8ac43
NCT04235062,COMPLETED,0,2020-01-15,2020,validation,HTT-P1-AACT-20260905,2026-09-05,20260905_export_ctgov.zip,ctgov.studies.overall_status,COMPLETED=0;TERMINATED|WITHDRAWN=1,ctgov.studies.study_first_submitted_date,step2_reconciliation/HeartTrialTwin_step2_cohort_reconciliation.csv,5a254575d8d5276d1176b53b38dad6600b46d6732441698e8e14668699d8ac43
NCT04235699,TERMINATED,1,2020-01-15,2020,validation,HTT-P1-AACT-20260905,2026-09-05,20260905_export_ctgov.zip,ctgov.studies.overall_status,COMPLETED=0;TERMINATED|WITHDRAWN=1,ctgov.studies.study_first_submitted_date,step2_reconciliation/HeartTrialTwin_step2_cohort_reconciliation.csv,5a254575d8d5276d1176b53b38dad6600b46d6732441698e8e14668699d8ac43
NCT04239911,COMPLETED,0,2020-01-21,2020,validation,HTT-P1-AACT-20260905,2026-09-05,20260905_export_ctgov.zip,ctgov.studies.overall_status,COMPLETED=0;TERMINATED|WITHDRAWN=1,ctgov.studies.study_first_submitted_date,step2_reconciliation/HeartTrialTwin_step2_cohort_reconciliation.csv,5a254575d8d5276d1176b53b38dad6600b46d6732441698e8e14668699d8ac43
NCT04241159,WITHDRAWN,1,2020-01-13,2020,validation,HTT-P1-AACT-20260905,2026-09-05,20260905_export_ctgov.zip,ctgov.studies.overall_status,COMPLETED=0;TERMINATED|WITHDRAWN=1,ctgov.studies.study_first_submitted_date,step2_reconciliation/HeartTrialTwin_step2_cohort_reconciliation.csv,5a254575d8d5276d1176b53b38dad6600b46d6732441698e8e14668699d8ac43
NCT04241718,TERMINATED,1,2019-11-25,2019,validation,HTT-P1-AACT-20260905,2026-09-05,20260905_export_ctgov.zip,ctgov.studies.overall_status,COMPLETED=0;TERMINATED|WITHDRAWN=1,ctgov.studies.study_first_submitted_date,step2_reconciliation/HeartTrialTwin_step2_cohort_reconciliation.csv,5a254575d8d5276d1176b53b38dad6600b46d6732441698e8e14668699d8ac43
NCT04248894,COMPLETED,0,2020-01-23,2020,validation,HTT-P1-AACT-20260905,2026-09-05,20260905_export_ctgov.zip,ctgov.studies.overall_status,COMPLETED=0;TERMINATED|WITHDRAWN=1,ctgov.studies.study_first_submitted_date,step2_reconciliation/HeartTrialTwin_step2_cohort_reconciliation.csv,5a254575d8d5276d1176b53b38dad6600b46d6732441698e8e14668699d8ac43
NCT04249778,COMPLETED,0,2020-01-14,2020,validation,HTT-P1-AACT-20260905,2026-09-05,20260905_export_ctgov.zip,ctgov.studies.overall_status,COMPLETED=0;TERMINATED|WITHDRAWN=1,ctgov.studies.study_first_submitted_date,step2_reconciliation/HeartTrialTwin_step2_cohort_reconciliation.csv,5a254575d8d5276d1176b53b38dad6600b46d6732441698e8e14668699d8ac43
NCT04252287,COMPLETED,0,2020-01-31,2020,validation,HTT-P1-AACT-20260905,2026-09-05,20260905_export_ctgov.zip,ctgov.studies.overall_status,COMPLETED=0;TERMINATED|WITHDRAWN=1,ctgov.studies.study_first_submitted_date,step2_reconciliation/HeartTrialTwin_step2_cohort_reconciliation.csv,5a254575d8d5276d1176b53b38dad6600b46d6732441698e8e14668699d8ac43
NCT04254328,COMPLETED,0,2019-12-30,2019,validation,HTT-P1-AACT-20260905,2026-09-05,20260905_export_ctgov.zip,ctgov.studies.overall_status,COMPLETED=0;TERMINATED|WITHDRAWN=1,ctgov.studies.study_first_submitted_date,step2_reconciliation/HeartTrialTwin_step2_cohort_reconciliation.csv,5a254575d8d5276d1176b53b38dad6600b46d6732441698e8e14668699d8ac43
NCT04262544,COMPLETED,0,2020-01-06,2020,validation,HTT-P1-AACT-20260905,2026-09-05,20260905_export_ctgov.zip,ctgov.studies.overall_status,COMPLETED=0;TERMINATED|WITHDRAWN=1,ctgov.studies.study_first_submitted_date,step2_reconciliation/HeartTrialTwin_step2_cohort_reconciliation.csv,5a254575d8d5276d1176b53b38dad6600b46d6732441698e8e14668699d8ac43
NCT04264182,TERMINATED,1,2020-01-31,2020,validation,HTT-P1-AACT-20260905,2026-09-05,20260905_export_ctgov.zip,ctgov.studies.overall_status,COMPLETED=0;TERMINATED|WITHDRAWN=1,ctgov.studies.study_first_submitted_date,step2_reconciliation/HeartTrialTwin_step2_cohort_reconciliation.csv,5a254575d8d5276d1176b53b38dad6600b46d6732441698e8e14668699d8ac43
NCT04281784,COMPLETED,0,2020-02-19,2020,validation,HTT-P1-AACT-20260905,2026-09-05,20260905_export_ctgov.zip,ctgov.studies.overall_status,COMPLETED=0;TERMINATED|WITHDRAWN=1,ctgov.studies.study_first_submitted_date,step2_reconciliation/HeartTrialTwin_step2_cohort_reconciliation.csv,5a254575d8d5276d1176b53b38dad6600b46d6732441698e8e14668699d8ac43
NCT04281849,COMPLETED,0,2020-02-17,2020,validation,HTT-P1-AACT-20260905,2026-09-05,20260905_export_ctgov.zip,ctgov.studies.overall_status,COMPLETED=0;TERMINATED|WITHDRAWN=1,ctgov.studies.study_first_submitted_date,step2_reconciliation/HeartTrialTwin_step2_cohort_reconciliation.csv,5a254575d8d5276d1176b53b38dad6600b46d6732441698e8e14668699d8ac43
NCT04282850,TERMINATED,1,2020-02-21,2020,validation,HTT-P1-AACT-20260905,2026-09-05,20260905_export_ctgov.zip,ctgov.studies.overall_status,COMPLETED=0;TERMINATED|WITHDRAWN=1,ctgov.studies.study_first_submitted_date,step2_reconciliation/HeartTrialTwin_step2_cohort_reconciliation.csv,5a254575d8d5276d1176b53b38dad6600b46d6732441698e8e14668699d8ac43
NCT04283994,COMPLETED,0,2020-02-19,2020,validation,HTT-P1-AACT-20260905,2026-09-05,20260905_export_ctgov.zip,ctgov.studies.overall_status,COMPLETED=0;TERMINATED|WITHDRAWN=1,ctgov.studies.study_first_submitted_date,step2_reconciliation/HeartTrialTwin_step2_cohort_reconciliation.csv,5a254575d8d5276d1176b53b38dad6600b46d6732441698e8e14668699d8ac43
NCT04284319,COMPLETED,0,2020-01-24,2020,validation,HTT-P1-AACT-20260905,2026-09-05,20260905_export_ctgov.zip,ctgov.studies.overall_status,COMPLETED=0;TERMINATED|WITHDRAWN=1,ctgov.studies.study_first_submitted_date,step2_reconciliation/HeartTrialTwin_step2_cohort_reconciliation.csv,5a254575d8d5276d1176b53b38dad6600b46d6732441698e8e14668699d8ac43
NCT04289181,COMPLETED,0,2020-02-17,2020,validation,HTT-P1-AACT-20260905,2026-09-05,20260905_export_ctgov.zip,ctgov.studies.overall_status,COMPLETED=0;TERMINATED|WITHDRAWN=1,ctgov.studies.study_first_submitted_date,step2_reconciliation/HeartTrialTwin_step2_cohort_reconciliation.csv,5a254575d8d5276d1176b53b38dad6600b46d6732441698e8e14668699d8ac43
NCT04292275,TERMINATED,1,2020-02-28,2020,validation,HTT-P1-AACT-20260905,2026-09-05,20260905_export_ctgov.zip,ctgov.studies.overall_status,COMPLETED=0;TERMINATED|WITHDRAWN=1,ctgov.studies.study_first_submitted_date,step2_reconciliation/HeartTrialTwin_step2_cohort_reconciliation.csv,5a254575d8d5276d1176b53b38dad6600b46d6732441698e8e14668699d8ac43
NCT04292665,COMPLETED,0,2020-03-01,2020,validation,HTT-P1-AACT-20260905,2026-09-05,20260905_export_ctgov.zip,ctgov.studies.overall_status,COMPLETED=0;TERMINATED|WITHDRAWN=1,ctgov.studies.study_first_submitted_date,step2_reconciliation/HeartTrialTwin_step2_cohort_reconciliation.csv,5a254575d8d5276d1176b53b38dad6600b46d6732441698e8e14668699d8ac43
NCT04294303,COMPLETED,0,2020-03-02,2020,validation,HTT-P1-AACT-20260905,2026-09-05,20260905_export_ctgov.zip,ctgov.studies.overall_status,COMPLETED=0;TERMINATED|WITHDRAWN=1,ctgov.studies.study_first_submitted_date,step2_reconciliation/HeartTrialTwin_step2_cohort_reconciliation.csv,5a254575d8d5276d1176b53b38dad6600b46d6732441698e8e14668699d8ac43
NCT04298229,COMPLETED,0,2020-03-02,2020,validation,HTT-P1-AACT-20260905,2026-09-05,20260905_export_ctgov.zip,ctgov.studies.overall_status,COMPLETED=0;TERMINATED|WITHDRAWN=1,ctgov.studies.study_first_submitted_date,step2_reconciliation/HeartTrialTwin_step2_cohort_reconciliation.csv,5a254575d8d5276d1176b53b38dad6600b46d6732441698e8e14668699d8ac43
NCT04300764,WITHDRAWN,1,2020-02-22,2020,validation,HTT-P1-AACT-20260905,2026-09-05,20260905_export_ctgov.zip,ctgov.studies.overall_status,COMPLETED=0;TERMINATED|WITHDRAWN=1,ctgov.studies.study_first_submitted_date,step2_reconciliation/HeartTrialTwin_step2_cohort_reconciliation.csv,5a254575d8d5276d1176b53b38dad6600b46d6732441698e8e14668699d8ac43
NCT04304833,TERMINATED,1,2020-03-03,2020,validation,HTT-P1-AACT-20260905,2026-09-05,20260905_export_ctgov.zip,ctgov.studies.overall_status,COMPLETED=0;TERMINATED|WITHDRAWN=1,ctgov.studies.study_first_submitted_date,step2_reconciliation/HeartTrialTwin_step2_cohort_reconciliation.csv,5a254575d8d5276d1176b53b38dad6600b46d6732441698e8e14668699d8ac43
NCT04305340,COMPLETED,0,2019-11-29,2019,validation,HTT-P1-AACT-20260905,2026-09-05,20260905_export_ctgov.zip,ctgov.studies.overall_status,COMPLETED=0;TERMINATED|WITHDRAWN=1,ctgov.studies.study_first_submitted_date,step2_reconciliation/HeartTrialTwin_step2_cohort_reconciliation.csv,5a254575d8d5276d1176b53b38dad6600b46d6732441698e8e14668699d8ac43
NCT04306588,WITHDRAWN,1,2020-03-09,2020,validation,HTT-P1-AACT-20260905,2026-09-05,20260905_export_ctgov.zip,ctgov.studies.overall_status,COMPLETED=0;TERMINATED|WITHDRAWN=1,ctgov.studies.study_first_submitted_date,step2_reconciliation/HeartTrialTwin_step2_cohort_reconciliation.csv,5a254575d8d5276d1176b53b38dad6600b46d6732441698e8e14668699d8ac43
NCT04310072,COMPLETED,0,2020-03-09,2020,validation,HTT-P1-AACT-20260905,2026-09-05,20260905_export_ctgov.zip,ctgov.studies.overall_status,COMPLETED=0;TERMINATED|WITHDRAWN=1,ctgov.studies.study_first_submitted_date,step2_reconciliation/HeartTrialTwin_step2_cohort_reconciliation.csv,5a254575d8d5276d1176b53b38dad6600b46d6732441698e8e14668699d8ac43
NCT04318093,COMPLETED,0,2020-03-20,2020,validation,HTT-P1-AACT-20260905,2026-09-05,20260905_export_ctgov.zip,ctgov.studies.overall_status,COMPLETED=0;TERMINATED|WITHDRAWN=1,ctgov.studies.study_first_submitted_date,step2_reconciliation/HeartTrialTwin_step2_cohort_reconciliation.csv,5a254575d8d5276d1176b53b38dad6600b46d6732441698e8e14668699d8ac43
NCT04318145,TERMINATED,1,2020-03-16,2020,validation,HTT-P1-AACT-20260905,2026-09-05,20260905_export_ctgov.zip,ctgov.studies.overall_status,COMPLETED=0;TERMINATED|WITHDRAWN=1,ctgov.studies.study_first_submitted_date,step2_reconciliation/HeartTrialTwin_step2_cohort_reconciliation.csv,5a254575d8d5276d1176b53b38dad6600b46d6732441698e8e14668699d8ac43
NCT04325035,COMPLETED,0,2020-03-24,2020,validation,HTT-P1-AACT-20260905,2026-09-05,20260905_export_ctgov.zip,ctgov.studies.overall_status,COMPLETED=0;TERMINATED|WITHDRAWN=1,ctgov.studies.study_first_submitted_date,step2_reconciliation/HeartTrialTwin_step2_cohort_reconciliation.csv,5a254575d8d5276d1176b53b38dad6600b46d6732441698e8e14668699d8ac43
NCT04325594,COMPLETED,0,2020-03-03,2020,validation,HTT-P1-AACT-20260905,2026-09-05,20260905_export_ctgov.zip,ctgov.studies.overall_status,COMPLETED=0;TERMINATED|WITHDRAWN=1,ctgov.studies.study_first_submitted_date,step2_reconciliation/HeartTrialTwin_step2_cohort_reconciliation.csv,5a254575d8d5276d1176b53b38dad6600b46d6732441698e8e14668699d8ac43
NCT04327024,COMPLETED,0,2020-03-13,2020,validation,HTT-P1-AACT-20260905,2026-09-05,20260905_export_ctgov.zip,ctgov.studies.overall_status,COMPLETED=0;TERMINATED|WITHDRAWN=1,ctgov.studies.study_first_submitted_date,step2_reconciliation/HeartTrialTwin_step2_cohort_reconciliation.csv,5a254575d8d5276d1176b53b38dad6600b46d6732441698e8e14668699d8ac43
NCT04327128,COMPLETED,0,2020-03-15,2020,validation,HTT-P1-AACT-20260905,2026-09-05,20260905_export_ctgov.zip,ctgov.studies.overall_status,COMPLETED=0;TERMINATED|WITHDRAWN=1,ctgov.studies.study_first_submitted_date,step2_reconciliation/HeartTrialTwin_step2_cohort_reconciliation.csv,5a254575d8d5276d1176b53b38dad6600b46d6732441698e8e14668699d8ac43
NCT04327596,TERMINATED,1,2020-03-27,2020,validation,HTT-P1-AACT-20260905,2026-09-05,20260905_export_ctgov.zip,ctgov.studies.overall_status,COMPLETED=0;TERMINATED|WITHDRAWN=1,ctgov.studies.study_first_submitted_date,step2_reconciliation/HeartTrialTwin_step2_cohort_reconciliation.csv,5a254575d8d5276d1176b53b38dad6600b46d6732441698e8e14668699d8ac43
NCT04332536,COMPLETED,0,2020-03-27,2020,validation,HTT-P1-AACT-20260905,2026-09-05,20260905_export_ctgov.zip,ctgov.studies.overall_status,COMPLETED=0;TERMINATED|WITHDRAWN=1,ctgov.studies.study_first_submitted_date,step2_reconciliation/HeartTrialTwin_step2_cohort_reconciliation.csv,5a254575d8d5276d1176b53b38dad6600b46d6732441698e8e14668699d8ac43
NCT04334018,WITHDRAWN,1,2018-01-31,2018,validation,HTT-P1-AACT-20260905,2026-09-05,20260905_export_ctgov.zip,ctgov.studies.overall_status,COMPLETED=0;TERMINATED|WITHDRAWN=1,ctgov.studies.study_first_submitted_date,step2_reconciliation/HeartTrialTwin_step2_cohort_reconciliation.csv,5a254575d8d5276d1176b53b38dad6600b46d6732441698e8e14668699d8ac43
NCT04334603,COMPLETED,0,2020-01-22,2020,validation,HTT-P1-AACT-20260905,2026-09-05,20260905_export_ctgov.zip,ctgov.studies.overall_status,COMPLETED=0;TERMINATED|WITHDRAWN=1,ctgov.studies.study_first_submitted_date,step2_reconciliation/HeartTrialTwin_step2_cohort_reconciliation.csv,5a254575d8d5276d1176b53b38dad6600b46d6732441698e8e14668699d8ac43
NCT04336995,COMPLETED,0,2020-04-03,2020,validation,HTT-P1-AACT-20260905,2026-09-05,20260905_export_ctgov.zip,ctgov.studies.overall_status,COMPLETED=0;TERMINATED|WITHDRAWN=1,ctgov.studies.study_first_submitted_date,step2_reconciliation/HeartTrialTwin_step2_cohort_reconciliation.csv,5a254575d8d5276d1176b53b38dad6600b46d6732441698e8e14668699d8ac43
NCT04342832,TERMINATED,1,2020-03-26,2020,validation,HTT-P1-AACT-20260905,2026-09-05,20260905_export_ctgov.zip,ctgov.studies.overall_status,COMPLETED=0;TERMINATED|WITHDRAWN=1,ctgov.studies.study_first_submitted_date,step2_reconciliation/HeartTrialTwin_step2_cohort_reconciliation.csv,5a254575d8d5276d1176b53b38dad6600b46d6732441698e8e14668699d8ac43
NCT04347759,COMPLETED,0,2020-04-01,2020,validation,HTT-P1-AACT-20260905,2026-09-05,20260905_export_ctgov.zip,ctgov.studies.overall_status,COMPLETED=0;TERMINATED|WITHDRAWN=1,ctgov.studies.study_first_submitted_date,step2_reconciliation/HeartTrialTwin_step2_cohort_reconciliation.csv,5a254575d8d5276d1176b53b38dad6600b46d6732441698e8e14668699d8ac43
NCT04351880,COMPLETED,0,2020-04-14,2020,validation,HTT-P1-AACT-20260905,2026-09-05,20260905_export_ctgov.zip,ctgov.studies.overall_status,COMPLETED=0;TERMINATED|WITHDRAWN=1,ctgov.studies.study_first_submitted_date,step2_reconciliation/HeartTrialTwin_step2_cohort_reconciliation.csv,5a254575d8d5276d1176b53b38dad6600b46d6732441698e8e14668699d8ac43
NCT04359238,COMPLETED,0,2020-04-21,2020,validation,HTT-P1-AACT-20260905,2026-09-05,20260905_export_ctgov.zip,ctgov.studies.overall_status,COMPLETED=0;TERMINATED|WITHDRAWN=1,ctgov.studies.study_first_submitted_date,step2_reconciliation/HeartTrialTwin_step2_cohort_reconciliation.csv,5a254575d8d5276d1176b53b38dad6600b46d6732441698e8e14668699d8ac43
NCT04363697,COMPLETED,0,2020-04-23,2020,validation,HTT-P1-AACT-20260905,2026-09-05,20260905_export_ctgov.zip,ctgov.studies.overall_status,COMPLETED=0;TERMINATED|WITHDRAWN=1,ctgov.studies.study_first_submitted_date,step2_reconciliation/HeartTrialTwin_step2_cohort_reconciliation.csv,5a254575d8d5276d1176b53b38dad6600b46d6732441698e8e14668699d8ac43
NCT04367051,COMPLETED,0,2020-04-27,2020,validation,HTT-P1-AACT-20260905,2026-09-05,20260905_export_ctgov.zip,ctgov.studies.overall_status,COMPLETED=0;TERMINATED|WITHDRAWN=1,ctgov.studies.study_first_submitted_date,step2_reconciliation/HeartTrialTwin_step2_cohort_reconciliation.csv,5a254575d8d5276d1176b53b38dad6600b46d6732441698e8e14668699d8ac43
NCT04371731,COMPLETED,0,2020-04-28,2020,validation,HTT-P1-AACT-20260905,2026-09-05,20260905_export_ctgov.zip,ctgov.studies.overall_status,COMPLETED=0;TERMINATED|WITHDRAWN=1,ctgov.studies.study_first_submitted_date,step2_reconciliation/HeartTrialTwin_step2_cohort_reconciliation.csv,5a254575d8d5276d1176b53b38dad6600b46d6732441698e8e14668699d8ac43
NCT04376424,WITHDRAWN,1,2020-04-14,2020,validation,HTT-P1-AACT-20260905,2026-09-05,20260905_export_ctgov.zip,ctgov.studies.overall_status,COMPLETED=0;TERMINATED|WITHDRAWN=1,ctgov.studies.study_first_submitted_date,step2_reconciliation/HeartTrialTwin_step2_cohort_reconciliation.csv,5a254575d8d5276d1176b53b38dad6600b46d6732441698e8e14668699d8ac43
NCT04379401,COMPLETED,0,2020-01-30,2020,validation,HTT-P1-AACT-20260905,2026-09-05,20260905_export_ctgov.zip,ctgov.studies.overall_status,COMPLETED=0;TERMINATED|WITHDRAWN=1,ctgov.studies.study_first_submitted_date,step2_reconciliation/HeartTrialTwin_step2_cohort_reconciliation.csv,5a254575d8d5276d1176b53b38dad6600b46d6732441698e8e14668699d8ac43
NCT04383080,COMPLETED,0,2020-04-30,2020,validation,HTT-P1-AACT-20260905,2026-09-05,20260905_export_ctgov.zip,ctgov.studies.overall_status,COMPLETED=0;TERMINATED|WITHDRAWN=1,ctgov.studies.study_first_submitted_date,step2_reconciliation/HeartTrialTwin_step2_cohort_reconciliation.csv,5a254575d8d5276d1176b53b38dad6600b46d6732441698e8e14668699d8ac43
NCT04384653,COMPLETED,0,2020-04-30,2020,validation,HTT-P1-AACT-20260905,2026-09-05,20260905_export_ctgov.zip,ctgov.studies.overall_status,COMPLETED=0;TERMINATED|WITHDRAWN=1,ctgov.studies.study_first_submitted_date,step2_reconciliation/HeartTrialTwin_step2_cohort_reconciliation.csv,5a254575d8d5276d1176b53b38dad6600b46d6732441698e8e14668699d8ac43
NCT04385589,COMPLETED,0,2020-05-09,2020,validation,HTT-P1-AACT-20260905,2026-09-05,20260905_export_ctgov.zip,ctgov.studies.overall_status,COMPLETED=0;TERMINATED|WITHDRAWN=1,ctgov.studies.study_first_submitted_date,step2_reconciliation/HeartTrialTwin_step2_cohort_reconciliation.csv,5a254575d8d5276d1176b53b38dad6600b46d6732441698e8e14668699d8ac43
NCT04388228,WITHDRAWN,1,2020-05-11,2020,validation,HTT-P1-AACT-20260905,2026-09-05,20260905_export_ctgov.zip,ctgov.studies.overall_status,COMPLETED=0;TERMINATED|WITHDRAWN=1,ctgov.studies.study_first_submitted_date,step2_reconciliation/HeartTrialTwin_step2_cohort_reconciliation.csv,5a254575d8d5276d1176b53b38dad6600b46d6732441698e8e14668699d8ac43
NCT04391231,WITHDRAWN,1,2020-05-07,2020,validation,HTT-P1-AACT-20260905,2026-09-05,20260905_export_ctgov.zip,ctgov.studies.overall_status,COMPLETED=0;TERMINATED|WITHDRAWN=1,ctgov.studies.study_first_submitted_date,step2_reconciliation/HeartTrialTwin_step2_cohort_reconciliation.csv,5a254575d8d5276d1176b53b38dad6600b46d6732441698e8e14668699d8ac43
NCT04394754,COMPLETED,0,2020-05-14,2020,validation,HTT-P1-AACT-20260905,2026-09-05,20260905_export_ctgov.zip,ctgov.studies.overall_status,COMPLETED=0;TERMINATED|WITHDRAWN=1,ctgov.studies.study_first_submitted_date,step2_reconciliation/HeartTrialTwin_step2_cohort_reconciliation.csv,5a254575d8d5276d1176b53b38dad6600b46d6732441698e8e14668699d8ac43
NCT04409119,COMPLETED,0,2020-05-26,2020,validation,HTT-P1-AACT-20260905,2026-09-05,20260905_export_ctgov.zip,ctgov.studies.overall_status,COMPLETED=0;TERMINATED|WITHDRAWN=1,ctgov.studies.study_first_submitted_date,step2_reconciliation/HeartTrialTwin_step2_cohort_reconciliation.csv,5a254575d8d5276d1176b53b38dad6600b46d6732441698e8e14668699d8ac43
NCT04415658,COMPLETED,0,2020-05-27,2020,validation,HTT-P1-AACT-20260905,2026-09-05,20260905_export_ctgov.zip,ctgov.studies.overall_status,COMPLETED=0;TERMINATED|WITHDRAWN=1,ctgov.studies.study_first_submitted_date,step2_reconciliation/HeartTrialTwin_step2_cohort_reconciliation.csv,5a254575d8d5276d1176b53b38dad6600b46d6732441698e8e14668699d8ac43
NCT04420481,COMPLETED,0,2020-06-04,2020,validation,HTT-P1-AACT-20260905,2026-09-05,20260905_export_ctgov.zip,ctgov.studies.overall_status,COMPLETED=0;TERMINATED|WITHDRAWN=1,ctgov.studies.study_first_submitted_date,step2_reconciliation/HeartTrialTwin_step2_cohort_reconciliation.csv,5a254575d8d5276d1176b53b38dad6600b46d6732441698e8e14668699d8ac43
NCT04424914,TERMINATED,1,2020-05-27,2020,validation,HTT-P1-AACT-20260905,2026-09-05,20260905_export_ctgov.zip,ctgov.studies.overall_status,COMPLETED=0;TERMINATED|WITHDRAWN=1,ctgov.studies.study_first_submitted_date,step2_reconciliation/HeartTrialTwin_step2_cohort_reconciliation.csv,5a254575d8d5276d1176b53b38dad6600b46d6732441698e8e14668699d8ac43
NCT04426630,COMPLETED,0,2020-06-08,2020,validation,HTT-P1-AACT-20260905,2026-09-05,20260905_export_ctgov.zip,ctgov.studies.overall_status,COMPLETED=0;TERMINATED|WITHDRAWN=1,ctgov.studies.study_first_submitted_date,step2_reconciliation/HeartTrialTwin_step2_cohort_reconciliation.csv,5a254575d8d5276d1176b53b38dad6600b46d6732441698e8e14668699d8ac43
NCT04433546,TERMINATED,1,2020-05-28,2020,validation,HTT-P1-AACT-20260905,2026-09-05,20260905_export_ctgov.zip,ctgov.studies.overall_status,COMPLETED=0;TERMINATED|WITHDRAWN=1,ctgov.studies.study_first_submitted_date,step2_reconciliation/HeartTrialTwin_step2_cohort_reconciliation.csv,5a254575d8d5276d1176b53b38dad6600b46d6732441698e8e14668699d8ac43
NCT04434664,COMPLETED,0,2020-06-10,2020,validation,HTT-P1-AACT-20260905,2026-09-05,20260905_export_ctgov.zip,ctgov.studies.overall_status,COMPLETED=0;TERMINATED|WITHDRAWN=1,ctgov.studies.study_first_submitted_date,step2_reconciliation/HeartTrialTwin_step2_cohort_reconciliation.csv,5a254575d8d5276d1176b53b38dad6600b46d6732441698e8e14668699d8ac43
NCT04435626,COMPLETED,0,2020-06-15,2020,validation,HTT-P1-AACT-20260905,2026-09-05,20260905_export_ctgov.zip,ctgov.studies.overall_status,COMPLETED=0;TERMINATED|WITHDRAWN=1,ctgov.studies.study_first_submitted_date,step2_reconciliation/HeartTrialTwin_step2_cohort_reconciliation.csv,5a254575d8d5276d1176b53b38dad6600b46d6732441698e8e14668699d8ac43
NCT04437849,COMPLETED,0,2020-06-12,2020,validation,HTT-P1-AACT-20260905,2026-09-05,20260905_export_ctgov.zip,ctgov.studies.overall_status,COMPLETED=0;TERMINATED|WITHDRAWN=1,ctgov.studies.study_first_submitted_date,step2_reconciliation/HeartTrialTwin_step2_cohort_reconciliation.csv,5a254575d8d5276d1176b53b38dad6600b46d6732441698e8e14668699d8ac43
NCT04445753,COMPLETED,0,2020-05-29,2020,validation,HTT-P1-AACT-20260905,2026-09-05,20260905_export_ctgov.zip,ctgov.studies.overall_status,COMPLETED=0;TERMINATED|WITHDRAWN=1,ctgov.studies.study_first_submitted_date,step2_reconciliation/HeartTrialTwin_step2_cohort_reconciliation.csv,5a254575d8d5276d1176b53b38dad6600b46d6732441698e8e14668699d8ac43
NCT04448899,COMPLETED,0,2020-06-24,2020,validation,HTT-P1-AACT-20260905,2026-09-05,20260905_export_ctgov.zip,ctgov.studies.overall_status,COMPLETED=0;TERMINATED|WITHDRAWN=1,ctgov.studies.study_first_submitted_date,step2_reconciliation/HeartTrialTwin_step2_cohort_reconciliation.csv,5a254575d8d5276d1176b53b38dad6600b46d6732441698e8e14668699d8ac43
NCT04452149,COMPLETED,0,2020-06-24,2020,validation,HTT-P1-AACT-20260905,2026-09-05,20260905_export_ctgov.zip,ctgov.studies.overall_status,COMPLETED=0;TERMINATED|WITHDRAWN=1,ctgov.studies.study_first_submitted_date,step2_reconciliation/HeartTrialTwin_step2_cohort_reconciliation.csv,5a254575d8d5276d1176b53b38dad6600b46d6732441698e8e14668699d8ac43
NCT04452578,COMPLETED,0,2020-06-26,2020,validation,HTT-P1-AACT-20260905,2026-09-05,20260905_export_ctgov.zip,ctgov.studies.overall_status,COMPLETED=0;TERMINATED|WITHDRAWN=1,ctgov.studies.study_first_submitted_date,step2_reconciliation/HeartTrialTwin_step2_cohort_reconciliation.csv,5a254575d8d5276d1176b53b38dad6600b46d6732441698e8e14668699d8ac43
NCT04458103,TERMINATED,1,2020-06-16,2020,validation,HTT-P1-AACT-20260905,2026-09-05,20260905_export_ctgov.zip,ctgov.studies.overall_status,COMPLETED=0;TERMINATED|WITHDRAWN=1,ctgov.studies.study_first_submitted_date,step2_reconciliation/HeartTrialTwin_step2_cohort_reconciliation.csv,5a254575d8d5276d1176b53b38dad6600b46d6732441698e8e14668699d8ac43
NCT04461691,COMPLETED,0,2020-05-08,2020,validation,HTT-P1-AACT-20260905,2026-09-05,20260905_export_ctgov.zip,ctgov.studies.overall_status,COMPLETED=0;TERMINATED|WITHDRAWN=1,ctgov.studies.study_first_submitted_date,step2_reconciliation/HeartTrialTwin_step2_cohort_reconciliation.csv,5a254575d8d5276d1176b53b38dad6600b46d6732441698e8e14668699d8ac43
NCT04464525,WITHDRAWN,1,2020-07-06,2020,validation,HTT-P1-AACT-20260905,2026-09-05,20260905_export_ctgov.zip,ctgov.studies.overall_status,COMPLETED=0;TERMINATED|WITHDRAWN=1,ctgov.studies.study_first_submitted_date,step2_reconciliation/HeartTrialTwin_step2_cohort_reconciliation.csv,5a254575d8d5276d1176b53b38dad6600b46d6732441698e8e14668699d8ac43
NCT04468529,COMPLETED,0,2020-07-06,2020,validation,HTT-P1-AACT-20260905,2026-09-05,20260905_export_ctgov.zip,ctgov.studies.overall_status,COMPLETED=0;TERMINATED|WITHDRAWN=1,ctgov.studies.study_first_submitted_date,step2_reconciliation/HeartTrialTwin_step2_cohort_reconciliation.csv,5a254575d8d5276d1176b53b38dad6600b46d6732441698e8e14668699d8ac43
NCT04471610,COMPLETED,0,2020-07-07,2020,validation,HTT-P1-AACT-20260905,2026-09-05,20260905_export_ctgov.zip,ctgov.studies.overall_status,COMPLETED=0;TERMINATED|WITHDRAWN=1,ctgov.studies.study_first_submitted_date,step2_reconciliation/HeartTrialTwin_step2_cohort_reconciliation.csv,5a254575d8d5276d1176b53b38dad6600b46d6732441698e8e14668699d8ac43
NCT04475315,WITHDRAWN,1,2020-07-10,2020,validation,HTT-P1-AACT-20260905,2026-09-05,20260905_export_ctgov.zip,ctgov.studies.overall_status,COMPLETED=0;TERMINATED|WITHDRAWN=1,ctgov.studies.study_first_submitted_date,step2_reconciliation/HeartTrialTwin_step2_cohort_reconciliation.csv,5a254575d8d5276d1176b53b38dad6600b46d6732441698e8e14668699d8ac43
NCT04484298,COMPLETED,0,2020-07-20,2020,validation,HTT-P1-AACT-20260905,2026-09-05,20260905_export_ctgov.zip,ctgov.studies.overall_status,COMPLETED=0;TERMINATED|WITHDRAWN=1,ctgov.studies.study_first_submitted_date,step2_reconciliation/HeartTrialTwin_step2_cohort_reconciliation.csv,5a254575d8d5276d1176b53b38dad6600b46d6732441698e8e14668699d8ac43
NCT04485507,COMPLETED,0,2020-07-14,2020,validation,HTT-P1-AACT-20260905,2026-09-05,20260905_export_ctgov.zip,ctgov.studies.overall_status,COMPLETED=0;TERMINATED|WITHDRAWN=1,ctgov.studies.study_first_submitted_date,step2_reconciliation/HeartTrialTwin_step2_cohort_reconciliation.csv,5a254575d8d5276d1176b53b38dad6600b46d6732441698e8e14668699d8ac43
NCT04491136,TERMINATED,1,2020-06-22,2020,validation,HTT-P1-AACT-20260905,2026-09-05,20260905_export_ctgov.zip,ctgov.studies.overall_status,COMPLETED=0;TERMINATED|WITHDRAWN=1,ctgov.studies.study_first_submitted_date,step2_reconciliation/HeartTrialTwin_step2_cohort_reconciliation.csv,5a254575d8d5276d1176b53b38dad6600b46d6732441698e8e14668699d8ac43
NCT04502563,COMPLETED,0,2020-08-04,2020,validation,HTT-P1-AACT-20260905,2026-09-05,20260905_export_ctgov.zip,ctgov.studies.overall_status,COMPLETED=0;TERMINATED|WITHDRAWN=1,ctgov.studies.study_first_submitted_date,step2_reconciliation/HeartTrialTwin_step2_cohort_reconciliation.csv,5a254575d8d5276d1176b53b38dad6600b46d6732441698e8e14668699d8ac43
NCT04505007,COMPLETED,0,2020-07-23,2020,validation,HTT-P1-AACT-20260905,2026-09-05,20260905_export_ctgov.zip,ctgov.studies.overall_status,COMPLETED=0;TERMINATED|WITHDRAWN=1,ctgov.studies.study_first_submitted_date,step2_reconciliation/HeartTrialTwin_step2_cohort_reconciliation.csv,5a254575d8d5276d1176b53b38dad6600b46d6732441698e8e14668699d8ac43
NCT04505384,COMPLETED,0,2020-07-31,2020,validation,HTT-P1-AACT-20260905,2026-09-05,20260905_export_ctgov.zip,ctgov.studies.overall_status,COMPLETED=0;TERMINATED|WITHDRAWN=1,ctgov.studies.study_first_submitted_date,step2_reconciliation/HeartTrialTwin_step2_cohort_reconciliation.csv,5a254575d8d5276d1176b53b38dad6600b46d6732441698e8e14668699d8ac43
NCT04507347,WITHDRAWN,1,2020-07-16,2020,validation,HTT-P1-AACT-20260905,2026-09-05,20260905_export_ctgov.zip,ctgov.studies.overall_status,COMPLETED=0;TERMINATED|WITHDRAWN=1,ctgov.studies.study_first_submitted_date,step2_reconciliation/HeartTrialTwin_step2_cohort_reconciliation.csv,5a254575d8d5276d1176b53b38dad6600b46d6732441698e8e14668699d8ac43
NCT04509089,COMPLETED,0,2020-08-08,2020,validation,HTT-P1-AACT-20260905,2026-09-05,20260905_export_ctgov.zip,ctgov.studies.overall_status,COMPLETED=0;TERMINATED|WITHDRAWN=1,ctgov.studies.study_first_submitted_date,step2_reconciliation/HeartTrialTwin_step2_cohort_reconciliation.csv,5a254575d8d5276d1176b53b38dad6600b46d6732441698e8e14668699d8ac43
NCT04510779,COMPLETED,0,2020-08-10,2020,validation,HTT-P1-AACT-20260905,2026-09-05,20260905_export_ctgov.zip,ctgov.studies.overall_status,COMPLETED=0;TERMINATED|WITHDRAWN=1,ctgov.studies.study_first_submitted_date,step2_reconciliation/HeartTrialTwin_step2_cohort_reconciliation.csv,5a254575d8d5276d1176b53b38dad6600b46d6732441698e8e14668699d8ac43
NCT04514458,COMPLETED,0,2020-07-29,2020,validation,HTT-P1-AACT-20260905,2026-09-05,20260905_export_ctgov.zip,ctgov.studies.overall_status,COMPLETED=0;TERMINATED|WITHDRAWN=1,ctgov.studies.study_first_submitted_date,step2_reconciliation/HeartTrialTwin_step2_cohort_reconciliation.csv,5a254575d8d5276d1176b53b38dad6600b46d6732441698e8e14668699d8ac43
NCT04515290,COMPLETED,0,2020-08-13,2020,validation,HTT-P1-AACT-20260905,2026-09-05,20260905_export_ctgov.zip,ctgov.studies.overall_status,COMPLETED=0;TERMINATED|WITHDRAWN=1,ctgov.studies.study_first_submitted_date,step2_reconciliation/HeartTrialTwin_step2_cohort_reconciliation.csv,5a254575d8d5276d1176b53b38dad6600b46d6732441698e8e14668699d8ac43
NCT04531280,COMPLETED,0,2020-08-02,2020,validation,HTT-P1-AACT-20260905,2026-09-05,20260905_export_ctgov.zip,ctgov.studies.overall_status,COMPLETED=0;TERMINATED|WITHDRAWN=1,ctgov.studies.study_first_submitted_date,step2_reconciliation/HeartTrialTwin_step2_cohort_reconciliation.csv,5a254575d8d5276d1176b53b38dad6600b46d6732441698e8e14668699d8ac43
NCT04533997,COMPLETED,0,2020-08-23,2020,validation,HTT-P1-AACT-20260905,2026-09-05,20260905_export_ctgov.zip,ctgov.studies.overall_status,COMPLETED=0;TERMINATED|WITHDRAWN=1,ctgov.studies.study_first_submitted_date,step2_reconciliation/HeartTrialTwin_step2_cohort_reconciliation.csv,5a254575d8d5276d1176b53b38dad6600b46d6732441698e8e14668699d8ac43
NCT04536272,COMPLETED,0,2020-08-24,2020,validation,HTT-P1-AACT-20260905,2026-09-05,20260905_export_ctgov.zip,ctgov.studies.overall_status,COMPLETED=0;TERMINATED|WITHDRAWN=1,ctgov.studies.study_first_submitted_date,step2_reconciliation/HeartTrialTwin_step2_cohort_reconciliation.csv,5a254575d8d5276d1176b53b38dad6600b46d6732441698e8e14668699d8ac43
NCT04540354,WITHDRAWN,1,2020-09-01,2020,validation,HTT-P1-AACT-20260905,2026-09-05,20260905_export_ctgov.zip,ctgov.studies.overall_status,COMPLETED=0;TERMINATED|WITHDRAWN=1,ctgov.studies.study_first_submitted_date,step2_reconciliation/HeartTrialTwin_step2_cohort_reconciliation.csv,5a254575d8d5276d1176b53b38dad6600b46d6732441698e8e14668699d8ac43
NCT04546555,COMPLETED,0,2020-08-31,2020,validation,HTT-P1-AACT-20260905,2026-09-05,20260905_export_ctgov.zip,ctgov.studies.overall_status,COMPLETED=0;TERMINATED|WITHDRAWN=1,ctgov.studies.study_first_submitted_date,step2_reconciliation/HeartTrialTwin_step2_cohort_reconciliation.csv,5a254575d8d5276d1176b53b38dad6600b46d6732441698e8e14668699d8ac43
NCT04549181,COMPLETED,0,2020-09-09,2020,validation,HTT-P1-AACT-20260905,2026-09-05,20260905_export_ctgov.zip,ctgov.studies.overall_status,COMPLETED=0;TERMINATED|WITHDRAWN=1,ctgov.studies.study_first_submitted_date,step2_reconciliation/HeartTrialTwin_step2_cohort_reconciliation.csv,5a254575d8d5276d1176b53b38dad6600b46d6732441698e8e14668699d8ac43
NCT04549415,COMPLETED,0,2020-09-03,2020,validation,HTT-P1-AACT-20260905,2026-09-05,20260905_export_ctgov.zip,ctgov.studies.overall_status,COMPLETED=0;TERMINATED|WITHDRAWN=1,ctgov.studies.study_first_submitted_date,step2_reconciliation/HeartTrialTwin_step2_cohort_reconciliation.csv,5a254575d8d5276d1176b53b38dad6600b46d6732441698e8e14668699d8ac43
NCT04549701,COMPLETED,0,2020-09-09,2020,validation,HTT-P1-AACT-20260905,2026-09-05,20260905_export_ctgov.zip,ctgov.studies.overall_status,COMPLETED=0;TERMINATED|WITHDRAWN=1,ctgov.studies.study_first_submitted_date,step2_reconciliation/HeartTrialTwin_step2_cohort_reconciliation.csv,5a254575d8d5276d1176b53b38dad6600b46d6732441698e8e14668699d8ac43
NCT04551222,COMPLETED,0,2020-09-09,2020,validation,HTT-P1-AACT-20260905,2026-09-05,20260905_export_ctgov.zip,ctgov.studies.overall_status,COMPLETED=0;TERMINATED|WITHDRAWN=1,ctgov.studies.study_first_submitted_date,step2_reconciliation/HeartTrialTwin_step2_cohort_reconciliation.csv,5a254575d8d5276d1176b53b38dad6600b46d6732441698e8e14668699d8ac43
NCT04551560,COMPLETED,0,2020-09-09,2020,validation,HTT-P1-AACT-20260905,2026-09-05,20260905_export_ctgov.zip,ctgov.studies.overall_status,COMPLETED=0;TERMINATED|WITHDRAWN=1,ctgov.studies.study_first_submitted_date,step2_reconciliation/HeartTrialTwin_step2_cohort_reconciliation.csv,5a254575d8d5276d1176b53b38dad6600b46d6732441698e8e14668699d8ac43
NCT04551729,COMPLETED,0,2020-09-10,2020,validation,HTT-P1-AACT-20260905,2026-09-05,20260905_export_ctgov.zip,ctgov.studies.overall_status,COMPLETED=0;TERMINATED|WITHDRAWN=1,ctgov.studies.study_first_submitted_date,step2_reconciliation/HeartTrialTwin_step2_cohort_reconciliation.csv,5a254575d8d5276d1176b53b38dad6600b46d6732441698e8e14668699d8ac43
NCT04561778,COMPLETED,0,2020-09-16,2020,validation,HTT-P1-AACT-20260905,2026-09-05,20260905_export_ctgov.zip,ctgov.studies.overall_status,COMPLETED=0;TERMINATED|WITHDRAWN=1,ctgov.studies.study_first_submitted_date,step2_reconciliation/HeartTrialTwin_step2_cohort_reconciliation.csv,5a254575d8d5276d1176b53b38dad6600b46d6732441698e8e14668699d8ac43
NCT04564742,COMPLETED,0,2020-09-03,2020,validation,HTT-P1-AACT-20260905,2026-09-05,20260905_export_ctgov.zip,ctgov.studies.overall_status,COMPLETED=0;TERMINATED|WITHDRAWN=1,ctgov.studies.study_first_submitted_date,step2_reconciliation/HeartTrialTwin_step2_cohort_reconciliation.csv,5a254575d8d5276d1176b53b38dad6600b46d6732441698e8e14668699d8ac43
NCT04572425,COMPLETED,0,2020-09-03,2020,validation,HTT-P1-AACT-20260905,2026-09-05,20260905_export_ctgov.zip,ctgov.studies.overall_status,COMPLETED=0;TERMINATED|WITHDRAWN=1,ctgov.studies.study_first_submitted_date,step2_reconciliation/HeartTrialTwin_step2_cohort_reconciliation.csv,5a254575d8d5276d1176b53b38dad6600b46d6732441698e8e14668699d8ac43
NCT04572867,WITHDRAWN,1,2020-08-24,2020,validation,HTT-P1-AACT-20260905,2026-09-05,20260905_export_ctgov.zip,ctgov.studies.overall_status,COMPLETED=0;TERMINATED|WITHDRAWN=1,ctgov.studies.study_first_submitted_date,step2_reconciliation/HeartTrialTwin_step2_cohort_reconciliation.csv,5a254575d8d5276d1176b53b38dad6600b46d6732441698e8e14668699d8ac43
NCT04574050,COMPLETED,0,2020-09-28,2020,validation,HTT-P1-AACT-20260905,2026-09-05,20260905_export_ctgov.zip,ctgov.studies.overall_status,COMPLETED=0;TERMINATED|WITHDRAWN=1,ctgov.studies.study_first_submitted_date,step2_reconciliation/HeartTrialTwin_step2_cohort_reconciliation.csv,5a254575d8d5276d1176b53b38dad6600b46d6732441698e8e14668699d8ac43
NCT04575428,COMPLETED,0,2020-08-20,2020,validation,HTT-P1-AACT-20260905,2026-09-05,20260905_export_ctgov.zip,ctgov.studies.overall_status,COMPLETED=0;TERMINATED|WITHDRAWN=1,ctgov.studies.study_first_submitted_date,step2_reconciliation/HeartTrialTwin_step2_cohort_reconciliation.csv,5a254575d8d5276d1176b53b38dad6600b46d6732441698e8e14668699d8ac43
NCT04575675,COMPLETED,0,2020-08-26,2020,validation,HTT-P1-AACT-20260905,2026-09-05,20260905_export_ctgov.zip,ctgov.studies.overall_status,COMPLETED=0;TERMINATED|WITHDRAWN=1,ctgov.studies.study_first_submitted_date,step2_reconciliation/HeartTrialTwin_step2_cohort_reconciliation.csv,5a254575d8d5276d1176b53b38dad6600b46d6732441698e8e14668699d8ac43
NCT04578353,COMPLETED,0,2020-09-25,2020,validation,HTT-P1-AACT-20260905,2026-09-05,20260905_export_ctgov.zip,ctgov.studies.overall_status,COMPLETED=0;TERMINATED|WITHDRAWN=1,ctgov.studies.study_first_submitted_date,step2_reconciliation/HeartTrialTwin_step2_cohort_reconciliation.csv,5a254575d8d5276d1176b53b38dad6600b46d6732441698e8e14668699d8ac43
NCT04580004,TERMINATED,1,2020-10-01,2020,validation,HTT-P1-AACT-20260905,2026-09-05,20260905_export_ctgov.zip,ctgov.studies.overall_status,COMPLETED=0;TERMINATED|WITHDRAWN=1,ctgov.studies.study_first_submitted_date,step2_reconciliation/HeartTrialTwin_step2_cohort_reconciliation.csv,5a254575d8d5276d1176b53b38dad6600b46d6732441698e8e14668699d8ac43
NCT04582578,WITHDRAWN,1,2020-09-24,2020,validation,HTT-P1-AACT-20260905,2026-09-05,20260905_export_ctgov.zip,ctgov.studies.overall_status,COMPLETED=0;TERMINATED|WITHDRAWN=1,ctgov.studies.study_first_submitted_date,step2_reconciliation/HeartTrialTwin_step2_cohort_reconciliation.csv,5a254575d8d5276d1176b53b38dad6600b46d6732441698e8e14668699d8ac43
NCT04583527,COMPLETED,0,2020-09-09,2020,validation,HTT-P1-AACT-20260905,2026-09-05,20260905_export_ctgov.zip,ctgov.studies.overall_status,COMPLETED=0;TERMINATED|WITHDRAWN=1,ctgov.studies.study_first_submitted_date,step2_reconciliation/HeartTrialTwin_step2_cohort_reconciliation.csv,5a254575d8d5276d1176b53b38dad6600b46d6732441698e8e14668699d8ac43
NCT04583709,COMPLETED,0,2020-09-29,2020,validation,HTT-P1-AACT-20260905,2026-09-05,20260905_export_ctgov.zip,ctgov.studies.overall_status,COMPLETED=0;TERMINATED|WITHDRAWN=1,ctgov.studies.study_first_submitted_date,step2_reconciliation/HeartTrialTwin_step2_cohort_reconciliation.csv,5a254575d8d5276d1176b53b38dad6600b46d6732441698e8e14668699d8ac43
NCT04584645,COMPLETED,0,2020-09-15,2020,validation,HTT-P1-AACT-20260905,2026-09-05,20260905_export_ctgov.zip,ctgov.studies.overall_status,COMPLETED=0;TERMINATED|WITHDRAWN=1,ctgov.studies.study_first_submitted_date,step2_reconciliation/HeartTrialTwin_step2_cohort_reconciliation.csv,5a254575d8d5276d1176b53b38dad6600b46d6732441698e8e14668699d8ac43
NCT04587947,COMPLETED,0,2020-06-24,2020,validation,HTT-P1-AACT-20260905,2026-09-05,20260905_export_ctgov.zip,ctgov.studies.overall_status,COMPLETED=0;TERMINATED|WITHDRAWN=1,ctgov.studies.study_first_submitted_date,step2_reconciliation/HeartTrialTwin_step2_cohort_reconciliation.csv,5a254575d8d5276d1176b53b38dad6600b46d6732441698e8e14668699d8ac43
NCT04590144,COMPLETED,0,2020-10-09,2020,validation,HTT-P1-AACT-20260905,2026-09-05,20260905_export_ctgov.zip,ctgov.studies.overall_status,COMPLETED=0;TERMINATED|WITHDRAWN=1,ctgov.studies.study_first_submitted_date,step2_reconciliation/HeartTrialTwin_step2_cohort_reconciliation.csv,5a254575d8d5276d1176b53b38dad6600b46d6732441698e8e14668699d8ac43
NCT04592380,WITHDRAWN,1,2020-10-12,2020,validation,HTT-P1-AACT-20260905,2026-09-05,20260905_export_ctgov.zip,ctgov.studies.overall_status,COMPLETED=0;TERMINATED|WITHDRAWN=1,ctgov.studies.study_first_submitted_date,step2_reconciliation/HeartTrialTwin_step2_cohort_reconciliation.csv,5a254575d8d5276d1176b53b38dad6600b46d6732441698e8e14668699d8ac43
NCT04592432,COMPLETED,0,2020-10-06,2020,validation,HTT-P1-AACT-20260905,2026-09-05,20260905_export_ctgov.zip,ctgov.studies.overall_status,COMPLETED=0;TERMINATED|WITHDRAWN=1,ctgov.studies.study_first_submitted_date,step2_reconciliation/HeartTrialTwin_step2_cohort_reconciliation.csv,5a254575d8d5276d1176b53b38dad6600b46d6732441698e8e14668699d8ac43
NCT04593823,COMPLETED,0,2020-10-02,2020,validation,HTT-P1-AACT-20260905,2026-09-05,20260905_export_ctgov.zip,ctgov.studies.overall_status,COMPLETED=0;TERMINATED|WITHDRAWN=1,ctgov.studies.study_first_submitted_date,step2_reconciliation/HeartTrialTwin_step2_cohort_reconciliation.csv,5a254575d8d5276d1176b53b38dad6600b46d6732441698e8e14668699d8ac43
NCT04595305,COMPLETED,0,2020-08-02,2020,validation,HTT-P1-AACT-20260905,2026-09-05,20260905_export_ctgov.zip,ctgov.studies.overall_status,COMPLETED=0;TERMINATED|WITHDRAWN=1,ctgov.studies.study_first_submitted_date,step2_reconciliation/HeartTrialTwin_step2_cohort_reconciliation.csv,5a254575d8d5276d1176b53b38dad6600b46d6732441698e8e14668699d8ac43
NCT04595370,COMPLETED,0,2020-10-14,2020,validation,HTT-P1-AACT-20260905,2026-09-05,20260905_export_ctgov.zip,ctgov.studies.overall_status,COMPLETED=0;TERMINATED|WITHDRAWN=1,ctgov.studies.study_first_submitted_date,step2_reconciliation/HeartTrialTwin_step2_cohort_reconciliation.csv,5a254575d8d5276d1176b53b38dad6600b46d6732441698e8e14668699d8ac43
NCT04598646,COMPLETED,0,2020-08-27,2020,validation,HTT-P1-AACT-20260905,2026-09-05,20260905_export_ctgov.zip,ctgov.studies.overall_status,COMPLETED=0;TERMINATED|WITHDRAWN=1,ctgov.studies.study_first_submitted_date,step2_reconciliation/HeartTrialTwin_step2_cohort_reconciliation.csv,5a254575d8d5276d1176b53b38dad6600b46d6732441698e8e14668699d8ac43
NCT04599816,COMPLETED,0,2020-10-18,2020,validation,HTT-P1-AACT-20260905,2026-09-05,20260905_export_ctgov.zip,ctgov.studies.overall_status,COMPLETED=0;TERMINATED|WITHDRAWN=1,ctgov.studies.study_first_submitted_date,step2_reconciliation/HeartTrialTwin_step2_cohort_reconciliation.csv,5a254575d8d5276d1176b53b38dad6600b46d6732441698e8e14668699d8ac43
NCT04600791,TERMINATED,1,2020-10-19,2020,validation,HTT-P1-AACT-20260905,2026-09-05,20260905_export_ctgov.zip,ctgov.studies.overall_status,COMPLETED=0;TERMINATED|WITHDRAWN=1,ctgov.studies.study_first_submitted_date,step2_reconciliation/HeartTrialTwin_step2_cohort_reconciliation.csv,5a254575d8d5276d1176b53b38dad6600b46d6732441698e8e14668699d8ac43
NCT04600921,TERMINATED,1,2020-10-19,2020,validation,HTT-P1-AACT-20260905,2026-09-05,20260905_export_ctgov.zip,ctgov.studies.overall_status,COMPLETED=0;TERMINATED|WITHDRAWN=1,ctgov.studies.study_first_submitted_date,step2_reconciliation/HeartTrialTwin_step2_cohort_reconciliation.csv,5a254575d8d5276d1176b53b38dad6600b46d6732441698e8e14668699d8ac43
NCT04606927,COMPLETED,0,2020-10-18,2020,validation,HTT-P1-AACT-20260905,2026-09-05,20260905_export_ctgov.zip,ctgov.studies.overall_status,COMPLETED=0;TERMINATED|WITHDRAWN=1,ctgov.studies.study_first_submitted_date,step2_reconciliation/HeartTrialTwin_step2_cohort_reconciliation.csv,5a254575d8d5276d1176b53b38dad6600b46d6732441698e8e14668699d8ac43
NCT04628325,COMPLETED,0,2020-11-02,2020,validation,HTT-P1-AACT-20260905,2026-09-05,20260905_export_ctgov.zip,ctgov.studies.overall_status,COMPLETED=0;TERMINATED|WITHDRAWN=1,ctgov.studies.study_first_submitted_date,step2_reconciliation/HeartTrialTwin_step2_cohort_reconciliation.csv,5a254575d8d5276d1176b53b38dad6600b46d6732441698e8e14668699d8ac43
NCT04629066,COMPLETED,0,2020-11-02,2020,validation,HTT-P1-AACT-20260905,2026-09-05,20260905_export_ctgov.zip,ctgov.studies.overall_status,COMPLETED=0;TERMINATED|WITHDRAWN=1,ctgov.studies.study_first_submitted_date,step2_reconciliation/HeartTrialTwin_step2_cohort_reconciliation.csv,5a254575d8d5276d1176b53b38dad6600b46d6732441698e8e14668699d8ac43
NCT04630067,COMPLETED,0,2020-10-27,2020,validation,HTT-P1-AACT-20260905,2026-09-05,20260905_export_ctgov.zip,ctgov.studies.overall_status,COMPLETED=0;TERMINATED|WITHDRAWN=1,ctgov.studies.study_first_submitted_date,step2_reconciliation/HeartTrialTwin_step2_cohort_reconciliation.csv,5a254575d8d5276d1176b53b38dad6600b46d6732441698e8e14668699d8ac43
NCT04630743,COMPLETED,0,2020-11-06,2020,validation,HTT-P1-AACT-20260905,2026-09-05,20260905_export_ctgov.zip,ctgov.studies.overall_status,COMPLETED=0;TERMINATED|WITHDRAWN=1,ctgov.studies.study_first_submitted_date,step2_reconciliation/HeartTrialTwin_step2_cohort_reconciliation.csv,5a254575d8d5276d1176b53b38dad6600b46d6732441698e8e14668699d8ac43
NCT04632160,WITHDRAWN,1,2020-11-06,2020,validation,HTT-P1-AACT-20260905,2026-09-05,20260905_export_ctgov.zip,ctgov.studies.overall_status,COMPLETED=0;TERMINATED|WITHDRAWN=1,ctgov.studies.study_first_submitted_date,step2_reconciliation/HeartTrialTwin_step2_cohort_reconciliation.csv,5a254575d8d5276d1176b53b38dad6600b46d6732441698e8e14668699d8ac43
NCT04632472,COMPLETED,0,2020-11-03,2020,validation,HTT-P1-AACT-20260905,2026-09-05,20260905_export_ctgov.zip,ctgov.studies.overall_status,COMPLETED=0;TERMINATED|WITHDRAWN=1,ctgov.studies.study_first_submitted_date,step2_reconciliation/HeartTrialTwin_step2_cohort_reconciliation.csv,5a254575d8d5276d1176b53b38dad6600b46d6732441698e8e14668699d8ac43
NCT04633005,COMPLETED,0,2020-11-02,2020,validation,HTT-P1-AACT-20260905,2026-09-05,20260905_export_ctgov.zip,ctgov.studies.overall_status,COMPLETED=0;TERMINATED|WITHDRAWN=1,ctgov.studies.study_first_submitted_date,step2_reconciliation/HeartTrialTwin_step2_cohort_reconciliation.csv,5a254575d8d5276d1176b53b38dad6600b46d6732441698e8e14668699d8ac43
NCT04633460,COMPLETED,0,2020-10-23,2020,validation,HTT-P1-AACT-20260905,2026-09-05,20260905_export_ctgov.zip,ctgov.studies.overall_status,COMPLETED=0;TERMINATED|WITHDRAWN=1,ctgov.studies.study_first_submitted_date,step2_reconciliation/HeartTrialTwin_step2_cohort_reconciliation.csv,5a254575d8d5276d1176b53b38dad6600b46d6732441698e8e14668699d8ac43
NCT04635293,COMPLETED,0,2020-11-09,2020,validation,HTT-P1-AACT-20260905,2026-09-05,20260905_export_ctgov.zip,ctgov.studies.overall_status,COMPLETED=0;TERMINATED|WITHDRAWN=1,ctgov.studies.study_first_submitted_date,step2_reconciliation/HeartTrialTwin_step2_cohort_reconciliation.csv,5a254575d8d5276d1176b53b38dad6600b46d6732441698e8e14668699d8ac43
NCT04640493,WITHDRAWN,1,2020-11-17,2020,validation,HTT-P1-AACT-20260905,2026-09-05,20260905_export_ctgov.zip,ctgov.studies.overall_status,COMPLETED=0;TERMINATED|WITHDRAWN=1,ctgov.studies.study_first_submitted_date,step2_reconciliation/HeartTrialTwin_step2_cohort_reconciliation.csv,5a254575d8d5276d1176b53b38dad6600b46d6732441698e8e14668699d8ac43
NCT04643184,TERMINATED,1,2020-11-19,2020,validation,HTT-P1-AACT-20260905,2026-09-05,20260905_export_ctgov.zip,ctgov.studies.overall_status,COMPLETED=0;TERMINATED|WITHDRAWN=1,ctgov.studies.study_first_submitted_date,step2_reconciliation/HeartTrialTwin_step2_cohort_reconciliation.csv,5a254575d8d5276d1176b53b38dad6600b46d6732441698e8e14668699d8ac43
NCT04645732,COMPLETED,0,2020-11-02,2020,validation,HTT-P1-AACT-20260905,2026-09-05,20260905_export_ctgov.zip,ctgov.studies.overall_status,COMPLETED=0;TERMINATED|WITHDRAWN=1,ctgov.studies.study_first_submitted_date,step2_reconciliation/HeartTrialTwin_step2_cohort_reconciliation.csv,5a254575d8d5276d1176b53b38dad6600b46d6732441698e8e14668699d8ac43
NCT04649229,COMPLETED,0,2020-11-12,2020,validation,HTT-P1-AACT-20260905,2026-09-05,20260905_export_ctgov.zip,ctgov.studies.overall_status,COMPLETED=0;TERMINATED|WITHDRAWN=1,ctgov.studies.study_first_submitted_date,step2_reconciliation/HeartTrialTwin_step2_cohort_reconciliation.csv,5a254575d8d5276d1176b53b38dad6600b46d6732441698e8e14668699d8ac43
NCT04649801,COMPLETED,0,2020-10-07,2020,validation,HTT-P1-AACT-20260905,2026-09-05,20260905_export_ctgov.zip,ctgov.studies.overall_status,COMPLETED=0;TERMINATED|WITHDRAWN=1,ctgov.studies.study_first_submitted_date,step2_reconciliation/HeartTrialTwin_step2_cohort_reconciliation.csv,5a254575d8d5276d1176b53b38dad6600b46d6732441698e8e14668699d8ac43
NCT04662541,COMPLETED,0,2020-12-04,2020,validation,HTT-P1-AACT-20260905,2026-09-05,20260905_export_ctgov.zip,ctgov.studies.overall_status,COMPLETED=0;TERMINATED|WITHDRAWN=1,ctgov.studies.study_first_submitted_date,step2_reconciliation/HeartTrialTwin_step2_cohort_reconciliation.csv,5a254575d8d5276d1176b53b38dad6600b46d6732441698e8e14668699d8ac43
NCT04663685,COMPLETED,0,2020-10-08,2020,validation,HTT-P1-AACT-20260905,2026-09-05,20260905_export_ctgov.zip,ctgov.studies.overall_status,COMPLETED=0;TERMINATED|WITHDRAWN=1,ctgov.studies.study_first_submitted_date,step2_reconciliation/HeartTrialTwin_step2_cohort_reconciliation.csv,5a254575d8d5276d1176b53b38dad6600b46d6732441698e8e14668699d8ac43
NCT04676646,COMPLETED,0,2020-12-16,2020,validation,HTT-P1-AACT-20260905,2026-09-05,20260905_export_ctgov.zip,ctgov.studies.overall_status,COMPLETED=0;TERMINATED|WITHDRAWN=1,ctgov.studies.study_first_submitted_date,step2_reconciliation/HeartTrialTwin_step2_cohort_reconciliation.csv,5a254575d8d5276d1176b53b38dad6600b46d6732441698e8e14668699d8ac43
NCT04684264,COMPLETED,0,2020-12-11,2020,validation,HTT-P1-AACT-20260905,2026-09-05,20260905_export_ctgov.zip,ctgov.studies.overall_status,COMPLETED=0;TERMINATED|WITHDRAWN=1,ctgov.studies.study_first_submitted_date,step2_reconciliation/HeartTrialTwin_step2_cohort_reconciliation.csv,5a254575d8d5276d1176b53b38dad6600b46d6732441698e8e14668699d8ac43
NCT04686604,COMPLETED,0,2020-12-16,2020,validation,HTT-P1-AACT-20260905,2026-09-05,20260905_export_ctgov.zip,ctgov.studies.overall_status,COMPLETED=0;TERMINATED|WITHDRAWN=1,ctgov.studies.study_first_submitted_date,step2_reconciliation/HeartTrialTwin_step2_cohort_reconciliation.csv,5a254575d8d5276d1176b53b38dad6600b46d6732441698e8e14668699d8ac43
NCT04688294,COMPLETED,0,2020-12-19,2020,validation,HTT-P1-AACT-20260905,2026-09-05,20260905_export_ctgov.zip,ctgov.studies.overall_status,COMPLETED=0;TERMINATED|WITHDRAWN=1,ctgov.studies.study_first_submitted_date,step2_reconciliation/HeartTrialTwin_step2_cohort_reconciliation.csv,5a254575d8d5276d1176b53b38dad6600b46d6732441698e8e14668699d8ac43
NCT04691687,COMPLETED,0,2020-12-23,2020,validation,HTT-P1-AACT-20260905,2026-09-05,20260905_export_ctgov.zip,ctgov.studies.overall_status,COMPLETED=0;TERMINATED|WITHDRAWN=1,ctgov.studies.study_first_submitted_date,step2_reconciliation/HeartTrialTwin_step2_cohort_reconciliation.csv,5a254575d8d5276d1176b53b38dad6600b46d6732441698e8e14668699d8ac43
NCT04697485,WITHDRAWN,1,2020-12-07,2020,validation,HTT-P1-AACT-20260905,2026-09-05,20260905_export_ctgov.zip,ctgov.studies.overall_status,COMPLETED=0;TERMINATED|WITHDRAWN=1,ctgov.studies.study_first_submitted_date,step2_reconciliation/HeartTrialTwin_step2_cohort_reconciliation.csv,5a254575d8d5276d1176b53b38dad6600b46d6732441698e8e14668699d8ac43
NCT04698954,COMPLETED,0,2020-12-14,2020,validation,HTT-P1-AACT-20260905,2026-09-05,20260905_export_ctgov.zip,ctgov.studies.overall_status,COMPLETED=0;TERMINATED|WITHDRAWN=1,ctgov.studies.study_first_submitted_date,step2_reconciliation/HeartTrialTwin_step2_cohort_reconciliation.csv,5a254575d8d5276d1176b53b38dad6600b46d6732441698e8e14668699d8ac43
NCT04701112,TERMINATED,1,2020-12-18,2020,validation,HTT-P1-AACT-20260905,2026-09-05,20260905_export_ctgov.zip,ctgov.studies.overall_status,COMPLETED=0;TERMINATED|WITHDRAWN=1,ctgov.studies.study_first_submitted_date,step2_reconciliation/HeartTrialTwin_step2_cohort_reconciliation.csv,5a254575d8d5276d1176b53b38dad6600b46d6732441698e8e14668699d8ac43
NCT04703361,COMPLETED,0,2021-01-08,2021,final_test,HTT-P1-AACT-20260905,2026-09-05,20260905_export_ctgov.zip,ctgov.studies.overall_status,COMPLETED=0;TERMINATED|WITHDRAWN=1,ctgov.studies.study_first_submitted_date,step2_reconciliation/HeartTrialTwin_step2_cohort_reconciliation.csv,5a254575d8d5276d1176b53b38dad6600b46d6732441698e8e14668699d8ac43
NCT04703504,TERMINATED,1,2021-01-07,2021,final_test,HTT-P1-AACT-20260905,2026-09-05,20260905_export_ctgov.zip,ctgov.studies.overall_status,COMPLETED=0;TERMINATED|WITHDRAWN=1,ctgov.studies.study_first_submitted_date,step2_reconciliation/HeartTrialTwin_step2_cohort_reconciliation.csv,5a254575d8d5276d1176b53b38dad6600b46d6732441698e8e14668699d8ac43
NCT04703855,TERMINATED,1,2021-01-08,2021,final_test,HTT-P1-AACT-20260905,2026-09-05,20260905_export_ctgov.zip,ctgov.studies.overall_status,COMPLETED=0;TERMINATED|WITHDRAWN=1,ctgov.studies.study_first_submitted_date,step2_reconciliation/HeartTrialTwin_step2_cohort_reconciliation.csv,5a254575d8d5276d1176b53b38dad6600b46d6732441698e8e14668699d8ac43
NCT04705337,TERMINATED,1,2021-01-04,2021,final_test,HTT-P1-AACT-20260905,2026-09-05,20260905_export_ctgov.zip,ctgov.studies.overall_status,COMPLETED=0;TERMINATED|WITHDRAWN=1,ctgov.studies.study_first_submitted_date,step2_reconciliation/HeartTrialTwin_step2_cohort_reconciliation.csv,5a254575d8d5276d1176b53b38dad6600b46d6732441698e8e14668699d8ac43
NCT04705987,COMPLETED,0,2021-01-11,2021,final_test,HTT-P1-AACT-20260905,2026-09-05,20260905_export_ctgov.zip,ctgov.studies.overall_status,COMPLETED=0;TERMINATED|WITHDRAWN=1,ctgov.studies.study_first_submitted_date,step2_reconciliation/HeartTrialTwin_step2_cohort_reconciliation.csv,5a254575d8d5276d1176b53b38dad6600b46d6732441698e8e14668699d8ac43
NCT04707352,COMPLETED,0,2021-01-11,2021,final_test,HTT-P1-AACT-20260905,2026-09-05,20260905_export_ctgov.zip,ctgov.studies.overall_status,COMPLETED=0;TERMINATED|WITHDRAWN=1,ctgov.studies.study_first_submitted_date,step2_reconciliation/HeartTrialTwin_step2_cohort_reconciliation.csv,5a254575d8d5276d1176b53b38dad6600b46d6732441698e8e14668699d8ac43
NCT04715490,COMPLETED,0,2021-01-14,2021,final_test,HTT-P1-AACT-20260905,2026-09-05,20260905_export_ctgov.zip,ctgov.studies.overall_status,COMPLETED=0;TERMINATED|WITHDRAWN=1,ctgov.studies.study_first_submitted_date,step2_reconciliation/HeartTrialTwin_step2_cohort_reconciliation.csv,5a254575d8d5276d1176b53b38dad6600b46d6732441698e8e14668699d8ac43
NCT04717986,COMPLETED,0,2021-01-17,2021,final_test,HTT-P1-AACT-20260905,2026-09-05,20260905_export_ctgov.zip,ctgov.studies.overall_status,COMPLETED=0;TERMINATED|WITHDRAWN=1,ctgov.studies.study_first_submitted_date,step2_reconciliation/HeartTrialTwin_step2_cohort_reconciliation.csv,5a254575d8d5276d1176b53b38dad6600b46d6732441698e8e14668699d8ac43
NCT04718350,COMPLETED,0,2021-01-16,2021,final_test,HTT-P1-AACT-20260905,2026-09-05,20260905_export_ctgov.zip,ctgov.studies.overall_status,COMPLETED=0;TERMINATED|WITHDRAWN=1,ctgov.studies.study_first_submitted_date,step2_reconciliation/HeartTrialTwin_step2_cohort_reconciliation.csv,5a254575d8d5276d1176b53b38dad6600b46d6732441698e8e14668699d8ac43
NCT04719637,COMPLETED,0,2020-12-16,2020,validation,HTT-P1-AACT-20260905,2026-09-05,20260905_export_ctgov.zip,ctgov.studies.overall_status,COMPLETED=0;TERMINATED|WITHDRAWN=1,ctgov.studies.study_first_submitted_date,step2_reconciliation/HeartTrialTwin_step2_cohort_reconciliation.csv,5a254575d8d5276d1176b53b38dad6600b46d6732441698e8e14668699d8ac43
NCT04721314,COMPLETED,0,2021-01-16,2021,final_test,HTT-P1-AACT-20260905,2026-09-05,20260905_export_ctgov.zip,ctgov.studies.overall_status,COMPLETED=0;TERMINATED|WITHDRAWN=1,ctgov.studies.study_first_submitted_date,step2_reconciliation/HeartTrialTwin_step2_cohort_reconciliation.csv,5a254575d8d5276d1176b53b38dad6600b46d6732441698e8e14668699d8ac43
NCT04722484,COMPLETED,0,2021-01-21,2021,final_test,HTT-P1-AACT-20260905,2026-09-05,20260905_export_ctgov.zip,ctgov.studies.overall_status,COMPLETED=0;TERMINATED|WITHDRAWN=1,ctgov.studies.study_first_submitted_date,step2_reconciliation/HeartTrialTwin_step2_cohort_reconciliation.csv,5a254575d8d5276d1176b53b38dad6600b46d6732441698e8e14668699d8ac43
NCT04722562,COMPLETED,0,2021-01-21,2021,final_test,HTT-P1-AACT-20260905,2026-09-05,20260905_export_ctgov.zip,ctgov.studies.overall_status,COMPLETED=0;TERMINATED|WITHDRAWN=1,ctgov.studies.study_first_submitted_date,step2_reconciliation/HeartTrialTwin_step2_cohort_reconciliation.csv,5a254575d8d5276d1176b53b38dad6600b46d6732441698e8e14668699d8ac43
NCT04727073,TERMINATED,1,2019-01-28,2019,validation,HTT-P1-AACT-20260905,2026-09-05,20260905_export_ctgov.zip,ctgov.studies.overall_status,COMPLETED=0;TERMINATED|WITHDRAWN=1,ctgov.studies.study_first_submitted_date,step2_reconciliation/HeartTrialTwin_step2_cohort_reconciliation.csv,5a254575d8d5276d1176b53b38dad6600b46d6732441698e8e14668699d8ac43
NCT04730921,COMPLETED,0,2021-01-26,2021,final_test,HTT-P1-AACT-20260905,2026-09-05,20260905_export_ctgov.zip,ctgov.studies.overall_status,COMPLETED=0;TERMINATED|WITHDRAWN=1,ctgov.studies.study_first_submitted_date,step2_reconciliation/HeartTrialTwin_step2_cohort_reconciliation.csv,5a254575d8d5276d1176b53b38dad6600b46d6732441698e8e14668699d8ac43
NCT04730947,COMPLETED,0,2021-01-27,2021,final_test,HTT-P1-AACT-20260905,2026-09-05,20260905_export_ctgov.zip,ctgov.studies.overall_status,COMPLETED=0;TERMINATED|WITHDRAWN=1,ctgov.studies.study_first_submitted_date,step2_reconciliation/HeartTrialTwin_step2_cohort_reconciliation.csv,5a254575d8d5276d1176b53b38dad6600b46d6732441698e8e14668699d8ac43
NCT04733365,COMPLETED,0,2017-11-13,2017,development,HTT-P1-AACT-20260905,2026-09-05,20260905_export_ctgov.zip,ctgov.studies.overall_status,COMPLETED=0;TERMINATED|WITHDRAWN=1,ctgov.studies.study_first_submitted_date,step2_reconciliation/HeartTrialTwin_step2_cohort_reconciliation.csv,5a254575d8d5276d1176b53b38dad6600b46d6732441698e8e14668699d8ac43
NCT04736329,COMPLETED,0,2021-01-27,2021,final_test,HTT-P1-AACT-20260905,2026-09-05,20260905_export_ctgov.zip,ctgov.studies.overall_status,COMPLETED=0;TERMINATED|WITHDRAWN=1,ctgov.studies.study_first_submitted_date,step2_reconciliation/HeartTrialTwin_step2_cohort_reconciliation.csv,5a254575d8d5276d1176b53b38dad6600b46d6732441698e8e14668699d8ac43
NCT04737265,COMPLETED,0,2021-01-28,2021,final_test,HTT-P1-AACT-20260905,2026-09-05,20260905_export_ctgov.zip,ctgov.studies.overall_status,COMPLETED=0;TERMINATED|WITHDRAWN=1,ctgov.studies.study_first_submitted_date,step2_reconciliation/HeartTrialTwin_step2_cohort_reconciliation.csv,5a254575d8d5276d1176b53b38dad6600b46d6732441698e8e14668699d8ac43
NCT04737759,COMPLETED,0,2021-01-27,2021,final_test,HTT-P1-AACT-20260905,2026-09-05,20260905_export_ctgov.zip,ctgov.studies.overall_status,COMPLETED=0;TERMINATED|WITHDRAWN=1,ctgov.studies.study_first_submitted_date,step2_reconciliation/HeartTrialTwin_step2_cohort_reconciliation.csv,5a254575d8d5276d1176b53b38dad6600b46d6732441698e8e14668699d8ac43
NCT04738279,COMPLETED,0,2021-01-27,2021,final_test,HTT-P1-AACT-20260905,2026-09-05,20260905_export_ctgov.zip,ctgov.studies.overall_status,COMPLETED=0;TERMINATED|WITHDRAWN=1,ctgov.studies.study_first_submitted_date,step2_reconciliation/HeartTrialTwin_step2_cohort_reconciliation.csv,5a254575d8d5276d1176b53b38dad6600b46d6732441698e8e14668699d8ac43
NCT04741191,COMPLETED,0,2021-02-02,2021,final_test,HTT-P1-AACT-20260905,2026-09-05,20260905_export_ctgov.zip,ctgov.studies.overall_status,COMPLETED=0;TERMINATED|WITHDRAWN=1,ctgov.studies.study_first_submitted_date,step2_reconciliation/HeartTrialTwin_step2_cohort_reconciliation.csv,5a254575d8d5276d1176b53b38dad6600b46d6732441698e8e14668699d8ac43
NCT04752462,COMPLETED,0,2021-02-09,2021,final_test,HTT-P1-AACT-20260905,2026-09-05,20260905_export_ctgov.zip,ctgov.studies.overall_status,COMPLETED=0;TERMINATED|WITHDRAWN=1,ctgov.studies.study_first_submitted_date,step2_reconciliation/HeartTrialTwin_step2_cohort_reconciliation.csv,5a254575d8d5276d1176b53b38dad6600b46d6732441698e8e14668699d8ac43
NCT04753112,COMPLETED,0,2021-02-01,2021,final_test,HTT-P1-AACT-20260905,2026-09-05,20260905_export_ctgov.zip,ctgov.studies.overall_status,COMPLETED=0;TERMINATED|WITHDRAWN=1,ctgov.studies.study_first_submitted_date,step2_reconciliation/HeartTrialTwin_step2_cohort_reconciliation.csv,5a254575d8d5276d1176b53b38dad6600b46d6732441698e8e14668699d8ac43
NCT04753398,WITHDRAWN,1,2014-03-03,2014,development,HTT-P1-AACT-20260905,2026-09-05,20260905_export_ctgov.zip,ctgov.studies.overall_status,COMPLETED=0;TERMINATED|WITHDRAWN=1,ctgov.studies.study_first_submitted_date,step2_reconciliation/HeartTrialTwin_step2_cohort_reconciliation.csv,5a254575d8d5276d1176b53b38dad6600b46d6732441698e8e14668699d8ac43
NCT04753814,COMPLETED,0,2021-02-09,2021,final_test,HTT-P1-AACT-20260905,2026-09-05,20260905_export_ctgov.zip,ctgov.studies.overall_status,COMPLETED=0;TERMINATED|WITHDRAWN=1,ctgov.studies.study_first_submitted_date,step2_reconciliation/HeartTrialTwin_step2_cohort_reconciliation.csv,5a254575d8d5276d1176b53b38dad6600b46d6732441698e8e14668699d8ac43
NCT04755816,TERMINATED,1,2021-01-27,2021,final_test,HTT-P1-AACT-20260905,2026-09-05,20260905_export_ctgov.zip,ctgov.studies.overall_status,COMPLETED=0;TERMINATED|WITHDRAWN=1,ctgov.studies.study_first_submitted_date,step2_reconciliation/HeartTrialTwin_step2_cohort_reconciliation.csv,5a254575d8d5276d1176b53b38dad6600b46d6732441698e8e14668699d8ac43
NCT04757246,WITHDRAWN,1,2021-01-21,2021,final_test,HTT-P1-AACT-20260905,2026-09-05,20260905_export_ctgov.zip,ctgov.studies.overall_status,COMPLETED=0;TERMINATED|WITHDRAWN=1,ctgov.studies.study_first_submitted_date,step2_reconciliation/HeartTrialTwin_step2_cohort_reconciliation.csv,5a254575d8d5276d1176b53b38dad6600b46d6732441698e8e14668699d8ac43
NCT04757584,COMPLETED,0,2021-02-12,2021,final_test,HTT-P1-AACT-20260905,2026-09-05,20260905_export_ctgov.zip,ctgov.studies.overall_status,COMPLETED=0;TERMINATED|WITHDRAWN=1,ctgov.studies.study_first_submitted_date,step2_reconciliation/HeartTrialTwin_step2_cohort_reconciliation.csv,5a254575d8d5276d1176b53b38dad6600b46d6732441698e8e14668699d8ac43
NCT04763460,WITHDRAWN,1,2021-02-12,2021,final_test,HTT-P1-AACT-20260905,2026-09-05,20260905_export_ctgov.zip,ctgov.studies.overall_status,COMPLETED=0;TERMINATED|WITHDRAWN=1,ctgov.studies.study_first_submitted_date,step2_reconciliation/HeartTrialTwin_step2_cohort_reconciliation.csv,5a254575d8d5276d1176b53b38dad6600b46d6732441698e8e14668699d8ac43
NCT04766892,COMPLETED,0,2021-02-16,2021,final_test,HTT-P1-AACT-20260905,2026-09-05,20260905_export_ctgov.zip,ctgov.studies.overall_status,COMPLETED=0;TERMINATED|WITHDRAWN=1,ctgov.studies.study_first_submitted_date,step2_reconciliation/HeartTrialTwin_step2_cohort_reconciliation.csv,5a254575d8d5276d1176b53b38dad6600b46d6732441698e8e14668699d8ac43
NCT04767061,COMPLETED,0,2021-02-12,2021,final_test,HTT-P1-AACT-20260905,2026-09-05,20260905_export_ctgov.zip,ctgov.studies.overall_status,COMPLETED=0;TERMINATED|WITHDRAWN=1,ctgov.studies.study_first_submitted_date,step2_reconciliation/HeartTrialTwin_step2_cohort_reconciliation.csv,5a254575d8d5276d1176b53b38dad6600b46d6732441698e8e14668699d8ac43
NCT04774523,COMPLETED,0,2021-02-19,2021,final_test,HTT-P1-AACT-20260905,2026-09-05,20260905_export_ctgov.zip,ctgov.studies.overall_status,COMPLETED=0;TERMINATED|WITHDRAWN=1,ctgov.studies.study_first_submitted_date,step2_reconciliation/HeartTrialTwin_step2_cohort_reconciliation.csv,5a254575d8d5276d1176b53b38dad6600b46d6732441698e8e14668699d8ac43
NCT04778787,COMPLETED,0,2021-02-17,2021,final_test,HTT-P1-AACT-20260905,2026-09-05,20260905_export_ctgov.zip,ctgov.studies.overall_status,COMPLETED=0;TERMINATED|WITHDRAWN=1,ctgov.studies.study_first_submitted_date,step2_reconciliation/HeartTrialTwin_step2_cohort_reconciliation.csv,5a254575d8d5276d1176b53b38dad6600b46d6732441698e8e14668699d8ac43
NCT04782245,WITHDRAWN,1,2021-03-01,2021,final_test,HTT-P1-AACT-20260905,2026-09-05,20260905_export_ctgov.zip,ctgov.studies.overall_status,COMPLETED=0;TERMINATED|WITHDRAWN=1,ctgov.studies.study_first_submitted_date,step2_reconciliation/HeartTrialTwin_step2_cohort_reconciliation.csv,5a254575d8d5276d1176b53b38dad6600b46d6732441698e8e14668699d8ac43
NCT04782973,COMPLETED,0,2021-02-24,2021,final_test,HTT-P1-AACT-20260905,2026-09-05,20260905_export_ctgov.zip,ctgov.studies.overall_status,COMPLETED=0;TERMINATED|WITHDRAWN=1,ctgov.studies.study_first_submitted_date,step2_reconciliation/HeartTrialTwin_step2_cohort_reconciliation.csv,5a254575d8d5276d1176b53b38dad6600b46d6732441698e8e14668699d8ac43
NCT04786236,TERMINATED,1,2021-02-02,2021,final_test,HTT-P1-AACT-20260905,2026-09-05,20260905_export_ctgov.zip,ctgov.studies.overall_status,COMPLETED=0;TERMINATED|WITHDRAWN=1,ctgov.studies.study_first_submitted_date,step2_reconciliation/HeartTrialTwin_step2_cohort_reconciliation.csv,5a254575d8d5276d1176b53b38dad6600b46d6732441698e8e14668699d8ac43
NCT04787380,COMPLETED,0,2021-03-03,2021,final_test,HTT-P1-AACT-20260905,2026-09-05,20260905_export_ctgov.zip,ctgov.studies.overall_status,COMPLETED=0;TERMINATED|WITHDRAWN=1,ctgov.studies.study_first_submitted_date,step2_reconciliation/HeartTrialTwin_step2_cohort_reconciliation.csv,5a254575d8d5276d1176b53b38dad6600b46d6732441698e8e14668699d8ac43
NCT04790344,COMPLETED,0,2021-03-04,2021,final_test,HTT-P1-AACT-20260905,2026-09-05,20260905_export_ctgov.zip,ctgov.studies.overall_status,COMPLETED=0;TERMINATED|WITHDRAWN=1,ctgov.studies.study_first_submitted_date,step2_reconciliation/HeartTrialTwin_step2_cohort_reconciliation.csv,5a254575d8d5276d1176b53b38dad6600b46d6732441698e8e14668699d8ac43
NCT04790604,COMPLETED,0,2021-01-13,2021,final_test,HTT-P1-AACT-20260905,2026-09-05,20260905_export_ctgov.zip,ctgov.studies.overall_status,COMPLETED=0;TERMINATED|WITHDRAWN=1,ctgov.studies.study_first_submitted_date,step2_reconciliation/HeartTrialTwin_step2_cohort_reconciliation.csv,5a254575d8d5276d1176b53b38dad6600b46d6732441698e8e14668699d8ac43
NCT04790617,COMPLETED,0,2021-01-13,2021,final_test,HTT-P1-AACT-20260905,2026-09-05,20260905_export_ctgov.zip,ctgov.studies.overall_status,COMPLETED=0;TERMINATED|WITHDRAWN=1,ctgov.studies.study_first_submitted_date,step2_reconciliation/HeartTrialTwin_step2_cohort_reconciliation.csv,5a254575d8d5276d1176b53b38dad6600b46d6732441698e8e14668699d8ac43
NCT04791267,COMPLETED,0,2021-03-05,2021,final_test,HTT-P1-AACT-20260905,2026-09-05,20260905_export_ctgov.zip,ctgov.studies.overall_status,COMPLETED=0;TERMINATED|WITHDRAWN=1,ctgov.studies.study_first_submitted_date,step2_reconciliation/HeartTrialTwin_step2_cohort_reconciliation.csv,5a254575d8d5276d1176b53b38dad6600b46d6732441698e8e14668699d8ac43
NCT04791826,COMPLETED,0,2021-03-05,2021,final_test,HTT-P1-AACT-20260905,2026-09-05,20260905_export_ctgov.zip,ctgov.studies.overall_status,COMPLETED=0;TERMINATED|WITHDRAWN=1,ctgov.studies.study_first_submitted_date,step2_reconciliation/HeartTrialTwin_step2_cohort_reconciliation.csv,5a254575d8d5276d1176b53b38dad6600b46d6732441698e8e14668699d8ac43
NCT04792879,COMPLETED,0,2021-03-08,2021,final_test,HTT-P1-AACT-20260905,2026-09-05,20260905_export_ctgov.zip,ctgov.studies.overall_status,COMPLETED=0;TERMINATED|WITHDRAWN=1,ctgov.studies.study_first_submitted_date,step2_reconciliation/HeartTrialTwin_step2_cohort_reconciliation.csv,5a254575d8d5276d1176b53b38dad6600b46d6732441698e8e14668699d8ac43
NCT04793880,COMPLETED,0,2021-02-23,2021,final_test,HTT-P1-AACT-20260905,2026-09-05,20260905_export_ctgov.zip,ctgov.studies.overall_status,COMPLETED=0;TERMINATED|WITHDRAWN=1,ctgov.studies.study_first_submitted_date,step2_reconciliation/HeartTrialTwin_step2_cohort_reconciliation.csv,5a254575d8d5276d1176b53b38dad6600b46d6732441698e8e14668699d8ac43
NCT04798222,COMPLETED,0,2021-03-11,2021,final_test,HTT-P1-AACT-20260905,2026-09-05,20260905_export_ctgov.zip,ctgov.studies.overall_status,COMPLETED=0;TERMINATED|WITHDRAWN=1,ctgov.studies.study_first_submitted_date,step2_reconciliation/HeartTrialTwin_step2_cohort_reconciliation.csv,5a254575d8d5276d1176b53b38dad6600b46d6732441698e8e14668699d8ac43
NCT04802369,COMPLETED,0,2021-03-12,2021,final_test,HTT-P1-AACT-20260905,2026-09-05,20260905_export_ctgov.zip,ctgov.studies.overall_status,COMPLETED=0;TERMINATED|WITHDRAWN=1,ctgov.studies.study_first_submitted_date,step2_reconciliation/HeartTrialTwin_step2_cohort_reconciliation.csv,5a254575d8d5276d1176b53b38dad6600b46d6732441698e8e14668699d8ac43
NCT04810806,TERMINATED,1,2021-03-14,2021,final_test,HTT-P1-AACT-20260905,2026-09-05,20260905_export_ctgov.zip,ctgov.studies.overall_status,COMPLETED=0;TERMINATED|WITHDRAWN=1,ctgov.studies.study_first_submitted_date,step2_reconciliation/HeartTrialTwin_step2_cohort_reconciliation.csv,5a254575d8d5276d1176b53b38dad6600b46d6732441698e8e14668699d8ac43
NCT04814134,COMPLETED,0,2021-03-10,2021,final_test,HTT-P1-AACT-20260905,2026-09-05,20260905_export_ctgov.zip,ctgov.studies.overall_status,COMPLETED=0;TERMINATED|WITHDRAWN=1,ctgov.studies.study_first_submitted_date,step2_reconciliation/HeartTrialTwin_step2_cohort_reconciliation.csv,5a254575d8d5276d1176b53b38dad6600b46d6732441698e8e14668699d8ac43
NCT04826159,COMPLETED,0,2021-03-18,2021,final_test,HTT-P1-AACT-20260905,2026-09-05,20260905_export_ctgov.zip,ctgov.studies.overall_status,COMPLETED=0;TERMINATED|WITHDRAWN=1,ctgov.studies.study_first_submitted_date,step2_reconciliation/HeartTrialTwin_step2_cohort_reconciliation.csv,5a254575d8d5276d1176b53b38dad6600b46d6732441698e8e14668699d8ac43
NCT04836182,COMPLETED,0,2021-04-05,2021,final_test,HTT-P1-AACT-20260905,2026-09-05,20260905_export_ctgov.zip,ctgov.studies.overall_status,COMPLETED=0;TERMINATED|WITHDRAWN=1,ctgov.studies.study_first_submitted_date,step2_reconciliation/HeartTrialTwin_step2_cohort_reconciliation.csv,5a254575d8d5276d1176b53b38dad6600b46d6732441698e8e14668699d8ac43
NCT04838353,COMPLETED,0,2021-04-01,2021,final_test,HTT-P1-AACT-20260905,2026-09-05,20260905_export_ctgov.zip,ctgov.studies.overall_status,COMPLETED=0;TERMINATED|WITHDRAWN=1,ctgov.studies.study_first_submitted_date,step2_reconciliation/HeartTrialTwin_step2_cohort_reconciliation.csv,5a254575d8d5276d1176b53b38dad6600b46d6732441698e8e14668699d8ac43
NCT04839133,COMPLETED,0,2021-03-29,2021,final_test,HTT-P1-AACT-20260905,2026-09-05,20260905_export_ctgov.zip,ctgov.studies.overall_status,COMPLETED=0;TERMINATED|WITHDRAWN=1,ctgov.studies.study_first_submitted_date,step2_reconciliation/HeartTrialTwin_step2_cohort_reconciliation.csv,5a254575d8d5276d1176b53b38dad6600b46d6732441698e8e14668699d8ac43
NCT04839211,COMPLETED,0,2021-04-06,2021,final_test,HTT-P1-AACT-20260905,2026-09-05,20260905_export_ctgov.zip,ctgov.studies.overall_status,COMPLETED=0;TERMINATED|WITHDRAWN=1,ctgov.studies.study_first_submitted_date,step2_reconciliation/HeartTrialTwin_step2_cohort_reconciliation.csv,5a254575d8d5276d1176b53b38dad6600b46d6732441698e8e14668699d8ac43
NCT04840914,COMPLETED,0,2021-04-09,2021,final_test,HTT-P1-AACT-20260905,2026-09-05,20260905_export_ctgov.zip,ctgov.studies.overall_status,COMPLETED=0;TERMINATED|WITHDRAWN=1,ctgov.studies.study_first_submitted_date,step2_reconciliation/HeartTrialTwin_step2_cohort_reconciliation.csv,5a254575d8d5276d1176b53b38dad6600b46d6732441698e8e14668699d8ac43
NCT04846816,COMPLETED,0,2021-04-12,2021,final_test,HTT-P1-AACT-20260905,2026-09-05,20260905_export_ctgov.zip,ctgov.studies.overall_status,COMPLETED=0;TERMINATED|WITHDRAWN=1,ctgov.studies.study_first_submitted_date,step2_reconciliation/HeartTrialTwin_step2_cohort_reconciliation.csv,5a254575d8d5276d1176b53b38dad6600b46d6732441698e8e14668699d8ac43
NCT04847557,COMPLETED,0,2021-02-26,2021,final_test,HTT-P1-AACT-20260905,2026-09-05,20260905_export_ctgov.zip,ctgov.studies.overall_status,COMPLETED=0;TERMINATED|WITHDRAWN=1,ctgov.studies.study_first_submitted_date,step2_reconciliation/HeartTrialTwin_step2_cohort_reconciliation.csv,5a254575d8d5276d1176b53b38dad6600b46d6732441698e8e14668699d8ac43
NCT04847973,COMPLETED,0,2021-04-07,2021,final_test,HTT-P1-AACT-20260905,2026-09-05,20260905_export_ctgov.zip,ctgov.studies.overall_status,COMPLETED=0;TERMINATED|WITHDRAWN=1,ctgov.studies.study_first_submitted_date,step2_reconciliation/HeartTrialTwin_step2_cohort_reconciliation.csv,5a254575d8d5276d1176b53b38dad6600b46d6732441698e8e14668699d8ac43
NCT04848298,COMPLETED,0,2021-04-08,2021,final_test,HTT-P1-AACT-20260905,2026-09-05,20260905_export_ctgov.zip,ctgov.studies.overall_status,COMPLETED=0;TERMINATED|WITHDRAWN=1,ctgov.studies.study_first_submitted_date,step2_reconciliation/HeartTrialTwin_step2_cohort_reconciliation.csv,5a254575d8d5276d1176b53b38dad6600b46d6732441698e8e14668699d8ac43
NCT04855097,COMPLETED,0,2021-04-16,2021,final_test,HTT-P1-AACT-20260905,2026-09-05,20260905_export_ctgov.zip,ctgov.studies.overall_status,COMPLETED=0;TERMINATED|WITHDRAWN=1,ctgov.studies.study_first_submitted_date,step2_reconciliation/HeartTrialTwin_step2_cohort_reconciliation.csv,5a254575d8d5276d1176b53b38dad6600b46d6732441698e8e14668699d8ac43
NCT04857931,TERMINATED,1,2021-03-29,2021,final_test,HTT-P1-AACT-20260905,2026-09-05,20260905_export_ctgov.zip,ctgov.studies.overall_status,COMPLETED=0;TERMINATED|WITHDRAWN=1,ctgov.studies.study_first_submitted_date,step2_reconciliation/HeartTrialTwin_step2_cohort_reconciliation.csv,5a254575d8d5276d1176b53b38dad6600b46d6732441698e8e14668699d8ac43
NCT04865978,COMPLETED,0,2021-04-26,2021,final_test,HTT-P1-AACT-20260905,2026-09-05,20260905_export_ctgov.zip,ctgov.studies.overall_status,COMPLETED=0;TERMINATED|WITHDRAWN=1,ctgov.studies.study_first_submitted_date,step2_reconciliation/HeartTrialTwin_step2_cohort_reconciliation.csv,5a254575d8d5276d1176b53b38dad6600b46d6732441698e8e14668699d8ac43
NCT04867460,TERMINATED,1,2021-04-27,2021,final_test,HTT-P1-AACT-20260905,2026-09-05,20260905_export_ctgov.zip,ctgov.studies.overall_status,COMPLETED=0;TERMINATED|WITHDRAWN=1,ctgov.studies.study_first_submitted_date,step2_reconciliation/HeartTrialTwin_step2_cohort_reconciliation.csv,5a254575d8d5276d1176b53b38dad6600b46d6732441698e8e14668699d8ac43
NCT04869124,COMPLETED,0,2021-01-04,2021,final_test,HTT-P1-AACT-20260905,2026-09-05,20260905_export_ctgov.zip,ctgov.studies.overall_status,COMPLETED=0;TERMINATED|WITHDRAWN=1,ctgov.studies.study_first_submitted_date,step2_reconciliation/HeartTrialTwin_step2_cohort_reconciliation.csv,5a254575d8d5276d1176b53b38dad6600b46d6732441698e8e14668699d8ac43
NCT04870918,COMPLETED,0,2020-11-17,2020,validation,HTT-P1-AACT-20260905,2026-09-05,20260905_export_ctgov.zip,ctgov.studies.overall_status,COMPLETED=0;TERMINATED|WITHDRAWN=1,ctgov.studies.study_first_submitted_date,step2_reconciliation/HeartTrialTwin_step2_cohort_reconciliation.csv,5a254575d8d5276d1176b53b38dad6600b46d6732441698e8e14668699d8ac43
NCT04871178,COMPLETED,0,2021-04-28,2021,final_test,HTT-P1-AACT-20260905,2026-09-05,20260905_export_ctgov.zip,ctgov.studies.overall_status,COMPLETED=0;TERMINATED|WITHDRAWN=1,ctgov.studies.study_first_submitted_date,step2_reconciliation/HeartTrialTwin_step2_cohort_reconciliation.csv,5a254575d8d5276d1176b53b38dad6600b46d6732441698e8e14668699d8ac43
NCT04872959,WITHDRAWN,1,2021-04-26,2021,final_test,HTT-P1-AACT-20260905,2026-09-05,20260905_export_ctgov.zip,ctgov.studies.overall_status,COMPLETED=0;TERMINATED|WITHDRAWN=1,ctgov.studies.study_first_submitted_date,step2_reconciliation/HeartTrialTwin_step2_cohort_reconciliation.csv,5a254575d8d5276d1176b53b38dad6600b46d6732441698e8e14668699d8ac43
NCT04878263,COMPLETED,0,2021-05-04,2021,final_test,HTT-P1-AACT-20260905,2026-09-05,20260905_export_ctgov.zip,ctgov.studies.overall_status,COMPLETED=0;TERMINATED|WITHDRAWN=1,ctgov.studies.study_first_submitted_date,step2_reconciliation/HeartTrialTwin_step2_cohort_reconciliation.csv,5a254575d8d5276d1176b53b38dad6600b46d6732441698e8e14668699d8ac43
NCT04881994,COMPLETED,0,2021-05-06,2021,final_test,HTT-P1-AACT-20260905,2026-09-05,20260905_export_ctgov.zip,ctgov.studies.overall_status,COMPLETED=0;TERMINATED|WITHDRAWN=1,ctgov.studies.study_first_submitted_date,step2_reconciliation/HeartTrialTwin_step2_cohort_reconciliation.csv,5a254575d8d5276d1176b53b38dad6600b46d6732441698e8e14668699d8ac43
NCT04885465,COMPLETED,0,2021-05-09,2021,final_test,HTT-P1-AACT-20260905,2026-09-05,20260905_export_ctgov.zip,ctgov.studies.overall_status,COMPLETED=0;TERMINATED|WITHDRAWN=1,ctgov.studies.study_first_submitted_date,step2_reconciliation/HeartTrialTwin_step2_cohort_reconciliation.csv,5a254575d8d5276d1176b53b38dad6600b46d6732441698e8e14668699d8ac43
NCT04890548,WITHDRAWN,1,2021-05-13,2021,final_test,HTT-P1-AACT-20260905,2026-09-05,20260905_export_ctgov.zip,ctgov.studies.overall_status,COMPLETED=0;TERMINATED|WITHDRAWN=1,ctgov.studies.study_first_submitted_date,step2_reconciliation/HeartTrialTwin_step2_cohort_reconciliation.csv,5a254575d8d5276d1176b53b38dad6600b46d6732441698e8e14668699d8ac43
NCT04890860,COMPLETED,0,2021-05-03,2021,final_test,HTT-P1-AACT-20260905,2026-09-05,20260905_export_ctgov.zip,ctgov.studies.overall_status,COMPLETED=0;TERMINATED|WITHDRAWN=1,ctgov.studies.study_first_submitted_date,step2_reconciliation/HeartTrialTwin_step2_cohort_reconciliation.csv,5a254575d8d5276d1176b53b38dad6600b46d6732441698e8e14668699d8ac43
NCT04892004,COMPLETED,0,2021-05-11,2021,final_test,HTT-P1-AACT-20260905,2026-09-05,20260905_export_ctgov.zip,ctgov.studies.overall_status,COMPLETED=0;TERMINATED|WITHDRAWN=1,ctgov.studies.study_first_submitted_date,step2_reconciliation/HeartTrialTwin_step2_cohort_reconciliation.csv,5a254575d8d5276d1176b53b38dad6600b46d6732441698e8e14668699d8ac43
NCT04903717,COMPLETED,0,2021-05-21,2021,final_test,HTT-P1-AACT-20260905,2026-09-05,20260905_export_ctgov.zip,ctgov.studies.overall_status,COMPLETED=0;TERMINATED|WITHDRAWN=1,ctgov.studies.study_first_submitted_date,step2_reconciliation/HeartTrialTwin_step2_cohort_reconciliation.csv,5a254575d8d5276d1176b53b38dad6600b46d6732441698e8e14668699d8ac43
NCT04905290,COMPLETED,0,2021-05-24,2021,final_test,HTT-P1-AACT-20260905,2026-09-05,20260905_export_ctgov.zip,ctgov.studies.overall_status,COMPLETED=0;TERMINATED|WITHDRAWN=1,ctgov.studies.study_first_submitted_date,step2_reconciliation/HeartTrialTwin_step2_cohort_reconciliation.csv,5a254575d8d5276d1176b53b38dad6600b46d6732441698e8e14668699d8ac43
NCT04905433,COMPLETED,0,2021-05-19,2021,final_test,HTT-P1-AACT-20260905,2026-09-05,20260905_export_ctgov.zip,ctgov.studies.overall_status,COMPLETED=0;TERMINATED|WITHDRAWN=1,ctgov.studies.study_first_submitted_date,step2_reconciliation/HeartTrialTwin_step2_cohort_reconciliation.csv,5a254575d8d5276d1176b53b38dad6600b46d6732441698e8e14668699d8ac43
NCT04908436,COMPLETED,0,2021-05-27,2021,final_test,HTT-P1-AACT-20260905,2026-09-05,20260905_export_ctgov.zip,ctgov.studies.overall_status,COMPLETED=0;TERMINATED|WITHDRAWN=1,ctgov.studies.study_first_submitted_date,step2_reconciliation/HeartTrialTwin_step2_cohort_reconciliation.csv,5a254575d8d5276d1176b53b38dad6600b46d6732441698e8e14668699d8ac43
NCT04915924,COMPLETED,0,2021-06-01,2021,final_test,HTT-P1-AACT-20260905,2026-09-05,20260905_export_ctgov.zip,ctgov.studies.overall_status,COMPLETED=0;TERMINATED|WITHDRAWN=1,ctgov.studies.study_first_submitted_date,step2_reconciliation/HeartTrialTwin_step2_cohort_reconciliation.csv,5a254575d8d5276d1176b53b38dad6600b46d6732441698e8e14668699d8ac43
NCT04916184,COMPLETED,0,2021-05-19,2021,final_test,HTT-P1-AACT-20260905,2026-09-05,20260905_export_ctgov.zip,ctgov.studies.overall_status,COMPLETED=0;TERMINATED|WITHDRAWN=1,ctgov.studies.study_first_submitted_date,step2_reconciliation/HeartTrialTwin_step2_cohort_reconciliation.csv,5a254575d8d5276d1176b53b38dad6600b46d6732441698e8e14668699d8ac43
NCT04916223,COMPLETED,0,2021-06-01,2021,final_test,HTT-P1-AACT-20260905,2026-09-05,20260905_export_ctgov.zip,ctgov.studies.overall_status,COMPLETED=0;TERMINATED|WITHDRAWN=1,ctgov.studies.study_first_submitted_date,step2_reconciliation/HeartTrialTwin_step2_cohort_reconciliation.csv,5a254575d8d5276d1176b53b38dad6600b46d6732441698e8e14668699d8ac43
NCT04916470,COMPLETED,0,2021-06-01,2021,final_test,HTT-P1-AACT-20260905,2026-09-05,20260905_export_ctgov.zip,ctgov.studies.overall_status,COMPLETED=0;TERMINATED|WITHDRAWN=1,ctgov.studies.study_first_submitted_date,step2_reconciliation/HeartTrialTwin_step2_cohort_reconciliation.csv,5a254575d8d5276d1176b53b38dad6600b46d6732441698e8e14668699d8ac43
NCT04917159,COMPLETED,0,2021-05-26,2021,final_test,HTT-P1-AACT-20260905,2026-09-05,20260905_export_ctgov.zip,ctgov.studies.overall_status,COMPLETED=0;TERMINATED|WITHDRAWN=1,ctgov.studies.study_first_submitted_date,step2_reconciliation/HeartTrialTwin_step2_cohort_reconciliation.csv,5a254575d8d5276d1176b53b38dad6600b46d6732441698e8e14668699d8ac43
NCT04937231,COMPLETED,0,2021-06-15,2021,final_test,HTT-P1-AACT-20260905,2026-09-05,20260905_export_ctgov.zip,ctgov.studies.overall_status,COMPLETED=0;TERMINATED|WITHDRAWN=1,ctgov.studies.study_first_submitted_date,step2_reconciliation/HeartTrialTwin_step2_cohort_reconciliation.csv,5a254575d8d5276d1176b53b38dad6600b46d6732441698e8e14668699d8ac43
NCT04937790,COMPLETED,0,2021-06-02,2021,final_test,HTT-P1-AACT-20260905,2026-09-05,20260905_export_ctgov.zip,ctgov.studies.overall_status,COMPLETED=0;TERMINATED|WITHDRAWN=1,ctgov.studies.study_first_submitted_date,step2_reconciliation/HeartTrialTwin_step2_cohort_reconciliation.csv,5a254575d8d5276d1176b53b38dad6600b46d6732441698e8e14668699d8ac43
NCT04938661,COMPLETED,0,2021-05-14,2021,final_test,HTT-P1-AACT-20260905,2026-09-05,20260905_export_ctgov.zip,ctgov.studies.overall_status,COMPLETED=0;TERMINATED|WITHDRAWN=1,ctgov.studies.study_first_submitted_date,step2_reconciliation/HeartTrialTwin_step2_cohort_reconciliation.csv,5a254575d8d5276d1176b53b38dad6600b46d6732441698e8e14668699d8ac43
NCT04942353,COMPLETED,0,2021-06-17,2021,final_test,HTT-P1-AACT-20260905,2026-09-05,20260905_export_ctgov.zip,ctgov.studies.overall_status,COMPLETED=0;TERMINATED|WITHDRAWN=1,ctgov.studies.study_first_submitted_date,step2_reconciliation/HeartTrialTwin_step2_cohort_reconciliation.csv,5a254575d8d5276d1176b53b38dad6600b46d6732441698e8e14668699d8ac43
NCT04942548,COMPLETED,0,2021-05-25,2021,final_test,HTT-P1-AACT-20260905,2026-09-05,20260905_export_ctgov.zip,ctgov.studies.overall_status,COMPLETED=0;TERMINATED|WITHDRAWN=1,ctgov.studies.study_first_submitted_date,step2_reconciliation/HeartTrialTwin_step2_cohort_reconciliation.csv,5a254575d8d5276d1176b53b38dad6600b46d6732441698e8e14668699d8ac43
NCT04944706,COMPLETED,0,2021-06-15,2021,final_test,HTT-P1-AACT-20260905,2026-09-05,20260905_export_ctgov.zip,ctgov.studies.overall_status,COMPLETED=0;TERMINATED|WITHDRAWN=1,ctgov.studies.study_first_submitted_date,step2_reconciliation/HeartTrialTwin_step2_cohort_reconciliation.csv,5a254575d8d5276d1176b53b38dad6600b46d6732441698e8e14668699d8ac43
NCT04945707,COMPLETED,0,2021-06-15,2021,final_test,HTT-P1-AACT-20260905,2026-09-05,20260905_export_ctgov.zip,ctgov.studies.overall_status,COMPLETED=0;TERMINATED|WITHDRAWN=1,ctgov.studies.study_first_submitted_date,step2_reconciliation/HeartTrialTwin_step2_cohort_reconciliation.csv,5a254575d8d5276d1176b53b38dad6600b46d6732441698e8e14668699d8ac43
NCT04947670,TERMINATED,1,2021-06-24,2021,final_test,HTT-P1-AACT-20260905,2026-09-05,20260905_export_ctgov.zip,ctgov.studies.overall_status,COMPLETED=0;TERMINATED|WITHDRAWN=1,ctgov.studies.study_first_submitted_date,step2_reconciliation/HeartTrialTwin_step2_cohort_reconciliation.csv,5a254575d8d5276d1176b53b38dad6600b46d6732441698e8e14668699d8ac43
NCT04951999,COMPLETED,0,2021-06-14,2021,final_test,HTT-P1-AACT-20260905,2026-09-05,20260905_export_ctgov.zip,ctgov.studies.overall_status,COMPLETED=0;TERMINATED|WITHDRAWN=1,ctgov.studies.study_first_submitted_date,step2_reconciliation/HeartTrialTwin_step2_cohort_reconciliation.csv,5a254575d8d5276d1176b53b38dad6600b46d6732441698e8e14668699d8ac43
NCT04955405,COMPLETED,0,2021-06-16,2021,final_test,HTT-P1-AACT-20260905,2026-09-05,20260905_export_ctgov.zip,ctgov.studies.overall_status,COMPLETED=0;TERMINATED|WITHDRAWN=1,ctgov.studies.study_first_submitted_date,step2_reconciliation/HeartTrialTwin_step2_cohort_reconciliation.csv,5a254575d8d5276d1176b53b38dad6600b46d6732441698e8e14668699d8ac43
NCT04965623,WITHDRAWN,1,2021-07-07,2021,final_test,HTT-P1-AACT-20260905,2026-09-05,20260905_export_ctgov.zip,ctgov.studies.overall_status,COMPLETED=0;TERMINATED|WITHDRAWN=1,ctgov.studies.study_first_submitted_date,step2_reconciliation/HeartTrialTwin_step2_cohort_reconciliation.csv,5a254575d8d5276d1176b53b38dad6600b46d6732441698e8e14668699d8ac43
NCT04966104,COMPLETED,0,2021-07-07,2021,final_test,HTT-P1-AACT-20260905,2026-09-05,20260905_export_ctgov.zip,ctgov.studies.overall_status,COMPLETED=0;TERMINATED|WITHDRAWN=1,ctgov.studies.study_first_submitted_date,step2_reconciliation/HeartTrialTwin_step2_cohort_reconciliation.csv,5a254575d8d5276d1176b53b38dad6600b46d6732441698e8e14668699d8ac43
NCT04966442,COMPLETED,0,2021-06-07,2021,final_test,HTT-P1-AACT-20260905,2026-09-05,20260905_export_ctgov.zip,ctgov.studies.overall_status,COMPLETED=0;TERMINATED|WITHDRAWN=1,ctgov.studies.study_first_submitted_date,step2_reconciliation/HeartTrialTwin_step2_cohort_reconciliation.csv,5a254575d8d5276d1176b53b38dad6600b46d6732441698e8e14668699d8ac43
NCT04967443,COMPLETED,0,2021-07-08,2021,final_test,HTT-P1-AACT-20260905,2026-09-05,20260905_export_ctgov.zip,ctgov.studies.overall_status,COMPLETED=0;TERMINATED|WITHDRAWN=1,ctgov.studies.study_first_submitted_date,step2_reconciliation/HeartTrialTwin_step2_cohort_reconciliation.csv,5a254575d8d5276d1176b53b38dad6600b46d6732441698e8e14668699d8ac43
NCT04975633,COMPLETED,0,2021-05-24,2021,final_test,HTT-P1-AACT-20260905,2026-09-05,20260905_export_ctgov.zip,ctgov.studies.overall_status,COMPLETED=0;TERMINATED|WITHDRAWN=1,ctgov.studies.study_first_submitted_date,step2_reconciliation/HeartTrialTwin_step2_cohort_reconciliation.csv,5a254575d8d5276d1176b53b38dad6600b46d6732441698e8e14668699d8ac43
NCT04977011,COMPLETED,0,2021-07-05,2021,final_test,HTT-P1-AACT-20260905,2026-09-05,20260905_export_ctgov.zip,ctgov.studies.overall_status,COMPLETED=0;TERMINATED|WITHDRAWN=1,ctgov.studies.study_first_submitted_date,step2_reconciliation/HeartTrialTwin_step2_cohort_reconciliation.csv,5a254575d8d5276d1176b53b38dad6600b46d6732441698e8e14668699d8ac43
NCT04977310,WITHDRAWN,1,2021-07-15,2021,final_test,HTT-P1-AACT-20260905,2026-09-05,20260905_export_ctgov.zip,ctgov.studies.overall_status,COMPLETED=0;TERMINATED|WITHDRAWN=1,ctgov.studies.study_first_submitted_date,step2_reconciliation/HeartTrialTwin_step2_cohort_reconciliation.csv,5a254575d8d5276d1176b53b38dad6600b46d6732441698e8e14668699d8ac43
NCT04981197,COMPLETED,0,2021-07-18,2021,final_test,HTT-P1-AACT-20260905,2026-09-05,20260905_export_ctgov.zip,ctgov.studies.overall_status,COMPLETED=0;TERMINATED|WITHDRAWN=1,ctgov.studies.study_first_submitted_date,step2_reconciliation/HeartTrialTwin_step2_cohort_reconciliation.csv,5a254575d8d5276d1176b53b38dad6600b46d6732441698e8e14668699d8ac43
NCT04983043,COMPLETED,0,2021-07-08,2021,final_test,HTT-P1-AACT-20260905,2026-09-05,20260905_export_ctgov.zip,ctgov.studies.overall_status,COMPLETED=0;TERMINATED|WITHDRAWN=1,ctgov.studies.study_first_submitted_date,step2_reconciliation/HeartTrialTwin_step2_cohort_reconciliation.csv,5a254575d8d5276d1176b53b38dad6600b46d6732441698e8e14668699d8ac43
NCT04986202,COMPLETED,0,2021-06-18,2021,final_test,HTT-P1-AACT-20260905,2026-09-05,20260905_export_ctgov.zip,ctgov.studies.overall_status,COMPLETED=0;TERMINATED|WITHDRAWN=1,ctgov.studies.study_first_submitted_date,step2_reconciliation/HeartTrialTwin_step2_cohort_reconciliation.csv,5a254575d8d5276d1176b53b38dad6600b46d6732441698e8e14668699d8ac43
NCT04987723,COMPLETED,0,2021-07-14,2021,final_test,HTT-P1-AACT-20260905,2026-09-05,20260905_export_ctgov.zip,ctgov.studies.overall_status,COMPLETED=0;TERMINATED|WITHDRAWN=1,ctgov.studies.study_first_submitted_date,step2_reconciliation/HeartTrialTwin_step2_cohort_reconciliation.csv,5a254575d8d5276d1176b53b38dad6600b46d6732441698e8e14668699d8ac43
NCT04991857,COMPLETED,0,2021-07-28,2021,final_test,HTT-P1-AACT-20260905,2026-09-05,20260905_export_ctgov.zip,ctgov.studies.overall_status,COMPLETED=0;TERMINATED|WITHDRAWN=1,ctgov.studies.study_first_submitted_date,step2_reconciliation/HeartTrialTwin_step2_cohort_reconciliation.csv,5a254575d8d5276d1176b53b38dad6600b46d6732441698e8e14668699d8ac43
NCT04992832,COMPLETED,0,2021-07-13,2021,final_test,HTT-P1-AACT-20260905,2026-09-05,20260905_export_ctgov.zip,ctgov.studies.overall_status,COMPLETED=0;TERMINATED|WITHDRAWN=1,ctgov.studies.study_first_submitted_date,step2_reconciliation/HeartTrialTwin_step2_cohort_reconciliation.csv,5a254575d8d5276d1176b53b38dad6600b46d6732441698e8e14668699d8ac43
NCT04993287,COMPLETED,0,2021-07-16,2021,final_test,HTT-P1-AACT-20260905,2026-09-05,20260905_export_ctgov.zip,ctgov.studies.overall_status,COMPLETED=0;TERMINATED|WITHDRAWN=1,ctgov.studies.study_first_submitted_date,step2_reconciliation/HeartTrialTwin_step2_cohort_reconciliation.csv,5a254575d8d5276d1176b53b38dad6600b46d6732441698e8e14668699d8ac43
NCT04996719,COMPLETED,0,2021-08-03,2021,final_test,HTT-P1-AACT-20260905,2026-09-05,20260905_export_ctgov.zip,ctgov.studies.overall_status,COMPLETED=0;TERMINATED|WITHDRAWN=1,ctgov.studies.study_first_submitted_date,step2_reconciliation/HeartTrialTwin_step2_cohort_reconciliation.csv,5a254575d8d5276d1176b53b38dad6600b46d6732441698e8e14668699d8ac43
NCT05001165,COMPLETED,0,2021-06-30,2021,final_test,HTT-P1-AACT-20260905,2026-09-05,20260905_export_ctgov.zip,ctgov.studies.overall_status,COMPLETED=0;TERMINATED|WITHDRAWN=1,ctgov.studies.study_first_submitted_date,step2_reconciliation/HeartTrialTwin_step2_cohort_reconciliation.csv,5a254575d8d5276d1176b53b38dad6600b46d6732441698e8e14668699d8ac43
NCT05002075,COMPLETED,0,2021-07-28,2021,final_test,HTT-P1-AACT-20260905,2026-09-05,20260905_export_ctgov.zip,ctgov.studies.overall_status,COMPLETED=0;TERMINATED|WITHDRAWN=1,ctgov.studies.study_first_submitted_date,step2_reconciliation/HeartTrialTwin_step2_cohort_reconciliation.csv,5a254575d8d5276d1176b53b38dad6600b46d6732441698e8e14668699d8ac43
NCT05004363,COMPLETED,0,2020-06-08,2020,validation,HTT-P1-AACT-20260905,2026-09-05,20260905_export_ctgov.zip,ctgov.studies.overall_status,COMPLETED=0;TERMINATED|WITHDRAWN=1,ctgov.studies.study_first_submitted_date,step2_reconciliation/HeartTrialTwin_step2_cohort_reconciliation.csv,5a254575d8d5276d1176b53b38dad6600b46d6732441698e8e14668699d8ac43
NCT05005702,COMPLETED,0,2021-08-05,2021,final_test,HTT-P1-AACT-20260905,2026-09-05,20260905_export_ctgov.zip,ctgov.studies.overall_status,COMPLETED=0;TERMINATED|WITHDRAWN=1,ctgov.studies.study_first_submitted_date,step2_reconciliation/HeartTrialTwin_step2_cohort_reconciliation.csv,5a254575d8d5276d1176b53b38dad6600b46d6732441698e8e14668699d8ac43
NCT05015764,COMPLETED,0,2021-07-12,2021,final_test,HTT-P1-AACT-20260905,2026-09-05,20260905_export_ctgov.zip,ctgov.studies.overall_status,COMPLETED=0;TERMINATED|WITHDRAWN=1,ctgov.studies.study_first_submitted_date,step2_reconciliation/HeartTrialTwin_step2_cohort_reconciliation.csv,5a254575d8d5276d1176b53b38dad6600b46d6732441698e8e14668699d8ac43
NCT05017753,COMPLETED,0,2021-08-12,2021,final_test,HTT-P1-AACT-20260905,2026-09-05,20260905_export_ctgov.zip,ctgov.studies.overall_status,COMPLETED=0;TERMINATED|WITHDRAWN=1,ctgov.studies.study_first_submitted_date,step2_reconciliation/HeartTrialTwin_step2_cohort_reconciliation.csv,5a254575d8d5276d1176b53b38dad6600b46d6732441698e8e14668699d8ac43
NCT05021419,COMPLETED,0,2021-08-19,2021,final_test,HTT-P1-AACT-20260905,2026-09-05,20260905_export_ctgov.zip,ctgov.studies.overall_status,COMPLETED=0;TERMINATED|WITHDRAWN=1,ctgov.studies.study_first_submitted_date,step2_reconciliation/HeartTrialTwin_step2_cohort_reconciliation.csv,5a254575d8d5276d1176b53b38dad6600b46d6732441698e8e14668699d8ac43
NCT05034354,COMPLETED,0,2021-08-27,2021,final_test,HTT-P1-AACT-20260905,2026-09-05,20260905_export_ctgov.zip,ctgov.studies.overall_status,COMPLETED=0;TERMINATED|WITHDRAWN=1,ctgov.studies.study_first_submitted_date,step2_reconciliation/HeartTrialTwin_step2_cohort_reconciliation.csv,5a254575d8d5276d1176b53b38dad6600b46d6732441698e8e14668699d8ac43
NCT05042973,COMPLETED,0,2021-09-03,2021,final_test,HTT-P1-AACT-20260905,2026-09-05,20260905_export_ctgov.zip,ctgov.studies.overall_status,COMPLETED=0;TERMINATED|WITHDRAWN=1,ctgov.studies.study_first_submitted_date,step2_reconciliation/HeartTrialTwin_step2_cohort_reconciliation.csv,5a254575d8d5276d1176b53b38dad6600b46d6732441698e8e14668699d8ac43
NCT05043610,COMPLETED,0,2021-08-29,2021,final_test,HTT-P1-AACT-20260905,2026-09-05,20260905_export_ctgov.zip,ctgov.studies.overall_status,COMPLETED=0;TERMINATED|WITHDRAWN=1,ctgov.studies.study_first_submitted_date,step2_reconciliation/HeartTrialTwin_step2_cohort_reconciliation.csv,5a254575d8d5276d1176b53b38dad6600b46d6732441698e8e14668699d8ac43
NCT05044325,TERMINATED,1,2021-09-06,2021,final_test,HTT-P1-AACT-20260905,2026-09-05,20260905_export_ctgov.zip,ctgov.studies.overall_status,COMPLETED=0;TERMINATED|WITHDRAWN=1,ctgov.studies.study_first_submitted_date,step2_reconciliation/HeartTrialTwin_step2_cohort_reconciliation.csv,5a254575d8d5276d1176b53b38dad6600b46d6732441698e8e14668699d8ac43
NCT05057364,COMPLETED,0,2021-08-31,2021,final_test,HTT-P1-AACT-20260905,2026-09-05,20260905_export_ctgov.zip,ctgov.studies.overall_status,COMPLETED=0;TERMINATED|WITHDRAWN=1,ctgov.studies.study_first_submitted_date,step2_reconciliation/HeartTrialTwin_step2_cohort_reconciliation.csv,5a254575d8d5276d1176b53b38dad6600b46d6732441698e8e14668699d8ac43
NCT05081414,COMPLETED,0,2021-09-11,2021,final_test,HTT-P1-AACT-20260905,2026-09-05,20260905_export_ctgov.zip,ctgov.studies.overall_status,COMPLETED=0;TERMINATED|WITHDRAWN=1,ctgov.studies.study_first_submitted_date,step2_reconciliation/HeartTrialTwin_step2_cohort_reconciliation.csv,5a254575d8d5276d1176b53b38dad6600b46d6732441698e8e14668699d8ac43
NCT05081947,COMPLETED,0,2021-09-23,2021,final_test,HTT-P1-AACT-20260905,2026-09-05,20260905_export_ctgov.zip,ctgov.studies.overall_status,COMPLETED=0;TERMINATED|WITHDRAWN=1,ctgov.studies.study_first_submitted_date,step2_reconciliation/HeartTrialTwin_step2_cohort_reconciliation.csv,5a254575d8d5276d1176b53b38dad6600b46d6732441698e8e14668699d8ac43
NCT05084235,COMPLETED,0,2021-09-03,2021,final_test,HTT-P1-AACT-20260905,2026-09-05,20260905_export_ctgov.zip,ctgov.studies.overall_status,COMPLETED=0;TERMINATED|WITHDRAWN=1,ctgov.studies.study_first_submitted_date,step2_reconciliation/HeartTrialTwin_step2_cohort_reconciliation.csv,5a254575d8d5276d1176b53b38dad6600b46d6732441698e8e14668699d8ac43
NCT05086952,COMPLETED,0,2021-10-01,2021,final_test,HTT-P1-AACT-20260905,2026-09-05,20260905_export_ctgov.zip,ctgov.studies.overall_status,COMPLETED=0;TERMINATED|WITHDRAWN=1,ctgov.studies.study_first_submitted_date,step2_reconciliation/HeartTrialTwin_step2_cohort_reconciliation.csv,5a254575d8d5276d1176b53b38dad6600b46d6732441698e8e14668699d8ac43
NCT05089279,COMPLETED,0,2021-10-14,2021,final_test,HTT-P1-AACT-20260905,2026-09-05,20260905_export_ctgov.zip,ctgov.studies.overall_status,COMPLETED=0;TERMINATED|WITHDRAWN=1,ctgov.studies.study_first_submitted_date,step2_reconciliation/HeartTrialTwin_step2_cohort_reconciliation.csv,5a254575d8d5276d1176b53b38dad6600b46d6732441698e8e14668699d8ac43
NCT05091710,COMPLETED,0,2021-09-15,2021,final_test,HTT-P1-AACT-20260905,2026-09-05,20260905_export_ctgov.zip,ctgov.studies.overall_status,COMPLETED=0;TERMINATED|WITHDRAWN=1,ctgov.studies.study_first_submitted_date,step2_reconciliation/HeartTrialTwin_step2_cohort_reconciliation.csv,5a254575d8d5276d1176b53b38dad6600b46d6732441698e8e14668699d8ac43
NCT05093621,COMPLETED,0,2021-10-13,2021,final_test,HTT-P1-AACT-20260905,2026-09-05,20260905_export_ctgov.zip,ctgov.studies.overall_status,COMPLETED=0;TERMINATED|WITHDRAWN=1,ctgov.studies.study_first_submitted_date,step2_reconciliation/HeartTrialTwin_step2_cohort_reconciliation.csv,5a254575d8d5276d1176b53b38dad6600b46d6732441698e8e14668699d8ac43
NCT05093933,COMPLETED,0,2021-10-18,2021,final_test,HTT-P1-AACT-20260905,2026-09-05,20260905_export_ctgov.zip,ctgov.studies.overall_status,COMPLETED=0;TERMINATED|WITHDRAWN=1,ctgov.studies.study_first_submitted_date,step2_reconciliation/HeartTrialTwin_step2_cohort_reconciliation.csv,5a254575d8d5276d1176b53b38dad6600b46d6732441698e8e14668699d8ac43
NCT05093959,COMPLETED,0,2021-10-22,2021,final_test,HTT-P1-AACT-20260905,2026-09-05,20260905_export_ctgov.zip,ctgov.studies.overall_status,COMPLETED=0;TERMINATED|WITHDRAWN=1,ctgov.studies.study_first_submitted_date,step2_reconciliation/HeartTrialTwin_step2_cohort_reconciliation.csv,5a254575d8d5276d1176b53b38dad6600b46d6732441698e8e14668699d8ac43
NCT05102266,COMPLETED,0,2021-10-20,2021,final_test,HTT-P1-AACT-20260905,2026-09-05,20260905_export_ctgov.zip,ctgov.studies.overall_status,COMPLETED=0;TERMINATED|WITHDRAWN=1,ctgov.studies.study_first_submitted_date,step2_reconciliation/HeartTrialTwin_step2_cohort_reconciliation.csv,5a254575d8d5276d1176b53b38dad6600b46d6732441698e8e14668699d8ac43
NCT05102903,COMPLETED,0,2021-10-20,2021,final_test,HTT-P1-AACT-20260905,2026-09-05,20260905_export_ctgov.zip,ctgov.studies.overall_status,COMPLETED=0;TERMINATED|WITHDRAWN=1,ctgov.studies.study_first_submitted_date,step2_reconciliation/HeartTrialTwin_step2_cohort_reconciliation.csv,5a254575d8d5276d1176b53b38dad6600b46d6732441698e8e14668699d8ac43
NCT05117736,TERMINATED,1,2021-09-24,2021,final_test,HTT-P1-AACT-20260905,2026-09-05,20260905_export_ctgov.zip,ctgov.studies.overall_status,COMPLETED=0;TERMINATED|WITHDRAWN=1,ctgov.studies.study_first_submitted_date,step2_reconciliation/HeartTrialTwin_step2_cohort_reconciliation.csv,5a254575d8d5276d1176b53b38dad6600b46d6732441698e8e14668699d8ac43
NCT05121077,COMPLETED,0,2021-10-23,2021,final_test,HTT-P1-AACT-20260905,2026-09-05,20260905_export_ctgov.zip,ctgov.studies.overall_status,COMPLETED=0;TERMINATED|WITHDRAWN=1,ctgov.studies.study_first_submitted_date,step2_reconciliation/HeartTrialTwin_step2_cohort_reconciliation.csv,5a254575d8d5276d1176b53b38dad6600b46d6732441698e8e14668699d8ac43
NCT05126836,COMPLETED,0,2021-11-01,2021,final_test,HTT-P1-AACT-20260905,2026-09-05,20260905_export_ctgov.zip,ctgov.studies.overall_status,COMPLETED=0;TERMINATED|WITHDRAWN=1,ctgov.studies.study_first_submitted_date,step2_reconciliation/HeartTrialTwin_step2_cohort_reconciliation.csv,5a254575d8d5276d1176b53b38dad6600b46d6732441698e8e14668699d8ac43
NCT05129371,COMPLETED,0,2021-10-25,2021,final_test,HTT-P1-AACT-20260905,2026-09-05,20260905_export_ctgov.zip,ctgov.studies.overall_status,COMPLETED=0;TERMINATED|WITHDRAWN=1,ctgov.studies.study_first_submitted_date,step2_reconciliation/HeartTrialTwin_step2_cohort_reconciliation.csv,5a254575d8d5276d1176b53b38dad6600b46d6732441698e8e14668699d8ac43
NCT05129722,TERMINATED,1,2021-11-07,2021,final_test,HTT-P1-AACT-20260905,2026-09-05,20260905_export_ctgov.zip,ctgov.studies.overall_status,COMPLETED=0;TERMINATED|WITHDRAWN=1,ctgov.studies.study_first_submitted_date,step2_reconciliation/HeartTrialTwin_step2_cohort_reconciliation.csv,5a254575d8d5276d1176b53b38dad6600b46d6732441698e8e14668699d8ac43
NCT05130008,COMPLETED,0,2021-11-10,2021,final_test,HTT-P1-AACT-20260905,2026-09-05,20260905_export_ctgov.zip,ctgov.studies.overall_status,COMPLETED=0;TERMINATED|WITHDRAWN=1,ctgov.studies.study_first_submitted_date,step2_reconciliation/HeartTrialTwin_step2_cohort_reconciliation.csv,5a254575d8d5276d1176b53b38dad6600b46d6732441698e8e14668699d8ac43
NCT05133089,COMPLETED,0,2021-11-12,2021,final_test,HTT-P1-AACT-20260905,2026-09-05,20260905_export_ctgov.zip,ctgov.studies.overall_status,COMPLETED=0;TERMINATED|WITHDRAWN=1,ctgov.studies.study_first_submitted_date,step2_reconciliation/HeartTrialTwin_step2_cohort_reconciliation.csv,5a254575d8d5276d1176b53b38dad6600b46d6732441698e8e14668699d8ac43
NCT05139472,COMPLETED,0,2021-11-10,2021,final_test,HTT-P1-AACT-20260905,2026-09-05,20260905_export_ctgov.zip,ctgov.studies.overall_status,COMPLETED=0;TERMINATED|WITHDRAWN=1,ctgov.studies.study_first_submitted_date,step2_reconciliation/HeartTrialTwin_step2_cohort_reconciliation.csv,5a254575d8d5276d1176b53b38dad6600b46d6732441698e8e14668699d8ac43
NCT05139615,TERMINATED,1,2021-11-18,2021,final_test,HTT-P1-AACT-20260905,2026-09-05,20260905_export_ctgov.zip,ctgov.studies.overall_status,COMPLETED=0;TERMINATED|WITHDRAWN=1,ctgov.studies.study_first_submitted_date,step2_reconciliation/HeartTrialTwin_step2_cohort_reconciliation.csv,5a254575d8d5276d1176b53b38dad6600b46d6732441698e8e14668699d8ac43
NCT05140642,COMPLETED,0,2021-11-17,2021,final_test,HTT-P1-AACT-20260905,2026-09-05,20260905_export_ctgov.zip,ctgov.studies.overall_status,COMPLETED=0;TERMINATED|WITHDRAWN=1,ctgov.studies.study_first_submitted_date,step2_reconciliation/HeartTrialTwin_step2_cohort_reconciliation.csv,5a254575d8d5276d1176b53b38dad6600b46d6732441698e8e14668699d8ac43
NCT05140759,TERMINATED,1,2021-11-09,2021,final_test,HTT-P1-AACT-20260905,2026-09-05,20260905_export_ctgov.zip,ctgov.studies.overall_status,COMPLETED=0;TERMINATED|WITHDRAWN=1,ctgov.studies.study_first_submitted_date,step2_reconciliation/HeartTrialTwin_step2_cohort_reconciliation.csv,5a254575d8d5276d1176b53b38dad6600b46d6732441698e8e14668699d8ac43
NCT05147766,TERMINATED,1,2021-11-29,2021,final_test,HTT-P1-AACT-20260905,2026-09-05,20260905_export_ctgov.zip,ctgov.studies.overall_status,COMPLETED=0;TERMINATED|WITHDRAWN=1,ctgov.studies.study_first_submitted_date,step2_reconciliation/HeartTrialTwin_step2_cohort_reconciliation.csv,5a254575d8d5276d1176b53b38dad6600b46d6732441698e8e14668699d8ac43
NCT05152940,COMPLETED,0,2021-11-29,2021,final_test,HTT-P1-AACT-20260905,2026-09-05,20260905_export_ctgov.zip,ctgov.studies.overall_status,COMPLETED=0;TERMINATED|WITHDRAWN=1,ctgov.studies.study_first_submitted_date,step2_reconciliation/HeartTrialTwin_step2_cohort_reconciliation.csv,5a254575d8d5276d1176b53b38dad6600b46d6732441698e8e14668699d8ac43
NCT05155865,COMPLETED,0,2021-11-30,2021,final_test,HTT-P1-AACT-20260905,2026-09-05,20260905_export_ctgov.zip,ctgov.studies.overall_status,COMPLETED=0;TERMINATED|WITHDRAWN=1,ctgov.studies.study_first_submitted_date,step2_reconciliation/HeartTrialTwin_step2_cohort_reconciliation.csv,5a254575d8d5276d1176b53b38dad6600b46d6732441698e8e14668699d8ac43
NCT05159570,COMPLETED,0,2021-12-02,2021,final_test,HTT-P1-AACT-20260905,2026-09-05,20260905_export_ctgov.zip,ctgov.studies.overall_status,COMPLETED=0;TERMINATED|WITHDRAWN=1,ctgov.studies.study_first_submitted_date,step2_reconciliation/HeartTrialTwin_step2_cohort_reconciliation.csv,5a254575d8d5276d1176b53b38dad6600b46d6732441698e8e14668699d8ac43
NCT05161650,COMPLETED,0,2021-12-03,2021,final_test,HTT-P1-AACT-20260905,2026-09-05,20260905_export_ctgov.zip,ctgov.studies.overall_status,COMPLETED=0;TERMINATED|WITHDRAWN=1,ctgov.studies.study_first_submitted_date,step2_reconciliation/HeartTrialTwin_step2_cohort_reconciliation.csv,5a254575d8d5276d1176b53b38dad6600b46d6732441698e8e14668699d8ac43
NCT05161676,COMPLETED,0,2021-12-03,2021,final_test,HTT-P1-AACT-20260905,2026-09-05,20260905_export_ctgov.zip,ctgov.studies.overall_status,COMPLETED=0;TERMINATED|WITHDRAWN=1,ctgov.studies.study_first_submitted_date,step2_reconciliation/HeartTrialTwin_step2_cohort_reconciliation.csv,5a254575d8d5276d1176b53b38dad6600b46d6732441698e8e14668699d8ac43
NCT05166525,COMPLETED,0,2021-12-08,2021,final_test,HTT-P1-AACT-20260905,2026-09-05,20260905_export_ctgov.zip,ctgov.studies.overall_status,COMPLETED=0;TERMINATED|WITHDRAWN=1,ctgov.studies.study_first_submitted_date,step2_reconciliation/HeartTrialTwin_step2_cohort_reconciliation.csv,5a254575d8d5276d1176b53b38dad6600b46d6732441698e8e14668699d8ac43
NCT05174312,COMPLETED,0,2021-12-06,2021,final_test,HTT-P1-AACT-20260905,2026-09-05,20260905_export_ctgov.zip,ctgov.studies.overall_status,COMPLETED=0;TERMINATED|WITHDRAWN=1,ctgov.studies.study_first_submitted_date,step2_reconciliation/HeartTrialTwin_step2_cohort_reconciliation.csv,5a254575d8d5276d1176b53b38dad6600b46d6732441698e8e14668699d8ac43
NCT05177588,COMPLETED,0,2021-12-16,2021,final_test,HTT-P1-AACT-20260905,2026-09-05,20260905_export_ctgov.zip,ctgov.studies.overall_status,COMPLETED=0;TERMINATED|WITHDRAWN=1,ctgov.studies.study_first_submitted_date,step2_reconciliation/HeartTrialTwin_step2_cohort_reconciliation.csv,5a254575d8d5276d1176b53b38dad6600b46d6732441698e8e14668699d8ac43
NCT05196659,COMPLETED,0,2021-12-02,2021,final_test,HTT-P1-AACT-20260905,2026-09-05,20260905_export_ctgov.zip,ctgov.studies.overall_status,COMPLETED=0;TERMINATED|WITHDRAWN=1,ctgov.studies.study_first_submitted_date,step2_reconciliation/HeartTrialTwin_step2_cohort_reconciliation.csv,5a254575d8d5276d1176b53b38dad6600b46d6732441698e8e14668699d8ac43
NCT05201417,COMPLETED,0,2021-10-31,2021,final_test,HTT-P1-AACT-20260905,2026-09-05,20260905_export_ctgov.zip,ctgov.studies.overall_status,COMPLETED=0;TERMINATED|WITHDRAWN=1,ctgov.studies.study_first_submitted_date,step2_reconciliation/HeartTrialTwin_step2_cohort_reconciliation.csv,5a254575d8d5276d1176b53b38dad6600b46d6732441698e8e14668699d8ac43
NCT05201976,COMPLETED,0,2021-12-05,2021,final_test,HTT-P1-AACT-20260905,2026-09-05,20260905_export_ctgov.zip,ctgov.studies.overall_status,COMPLETED=0;TERMINATED|WITHDRAWN=1,ctgov.studies.study_first_submitted_date,step2_reconciliation/HeartTrialTwin_step2_cohort_reconciliation.csv,5a254575d8d5276d1176b53b38dad6600b46d6732441698e8e14668699d8ac43
NCT05205265,WITHDRAWN,1,2021-11-17,2021,final_test,HTT-P1-AACT-20260905,2026-09-05,20260905_export_ctgov.zip,ctgov.studies.overall_status,COMPLETED=0;TERMINATED|WITHDRAWN=1,ctgov.studies.study_first_submitted_date,step2_reconciliation/HeartTrialTwin_step2_cohort_reconciliation.csv,5a254575d8d5276d1176b53b38dad6600b46d6732441698e8e14668699d8ac43
NCT05206422,COMPLETED,0,2021-12-28,2021,final_test,HTT-P1-AACT-20260905,2026-09-05,20260905_export_ctgov.zip,ctgov.studies.overall_status,COMPLETED=0;TERMINATED|WITHDRAWN=1,ctgov.studies.study_first_submitted_date,step2_reconciliation/HeartTrialTwin_step2_cohort_reconciliation.csv,5a254575d8d5276d1176b53b38dad6600b46d6732441698e8e14668699d8ac43
NCT05206929,TERMINATED,1,2022-01-12,2022,final_test,HTT-P1-AACT-20260905,2026-09-05,20260905_export_ctgov.zip,ctgov.studies.overall_status,COMPLETED=0;TERMINATED|WITHDRAWN=1,ctgov.studies.study_first_submitted_date,step2_reconciliation/HeartTrialTwin_step2_cohort_reconciliation.csv,5a254575d8d5276d1176b53b38dad6600b46d6732441698e8e14668699d8ac43
NCT05209880,COMPLETED,0,2022-01-10,2022,final_test,HTT-P1-AACT-20260905,2026-09-05,20260905_export_ctgov.zip,ctgov.studies.overall_status,COMPLETED=0;TERMINATED|WITHDRAWN=1,ctgov.studies.study_first_submitted_date,step2_reconciliation/HeartTrialTwin_step2_cohort_reconciliation.csv,5a254575d8d5276d1176b53b38dad6600b46d6732441698e8e14668699d8ac43
NCT05211882,COMPLETED,0,2022-01-02,2022,final_test,HTT-P1-AACT-20260905,2026-09-05,20260905_export_ctgov.zip,ctgov.studies.overall_status,COMPLETED=0;TERMINATED|WITHDRAWN=1,ctgov.studies.study_first_submitted_date,step2_reconciliation/HeartTrialTwin_step2_cohort_reconciliation.csv,5a254575d8d5276d1176b53b38dad6600b46d6732441698e8e14668699d8ac43
NCT05213546,COMPLETED,0,2022-01-16,2022,final_test,HTT-P1-AACT-20260905,2026-09-05,20260905_export_ctgov.zip,ctgov.studies.overall_status,COMPLETED=0;TERMINATED|WITHDRAWN=1,ctgov.studies.study_first_submitted_date,step2_reconciliation/HeartTrialTwin_step2_cohort_reconciliation.csv,5a254575d8d5276d1176b53b38dad6600b46d6732441698e8e14668699d8ac43
NCT05219708,COMPLETED,0,2022-01-21,2022,final_test,HTT-P1-AACT-20260905,2026-09-05,20260905_export_ctgov.zip,ctgov.studies.overall_status,COMPLETED=0;TERMINATED|WITHDRAWN=1,ctgov.studies.study_first_submitted_date,step2_reconciliation/HeartTrialTwin_step2_cohort_reconciliation.csv,5a254575d8d5276d1176b53b38dad6600b46d6732441698e8e14668699d8ac43
NCT05223751,TERMINATED,1,2022-01-25,2022,final_test,HTT-P1-AACT-20260905,2026-09-05,20260905_export_ctgov.zip,ctgov.studies.overall_status,COMPLETED=0;TERMINATED|WITHDRAWN=1,ctgov.studies.study_first_submitted_date,step2_reconciliation/HeartTrialTwin_step2_cohort_reconciliation.csv,5a254575d8d5276d1176b53b38dad6600b46d6732441698e8e14668699d8ac43
NCT05232812,COMPLETED,0,2022-01-10,2022,final_test,HTT-P1-AACT-20260905,2026-09-05,20260905_export_ctgov.zip,ctgov.studies.overall_status,COMPLETED=0;TERMINATED|WITHDRAWN=1,ctgov.studies.study_first_submitted_date,step2_reconciliation/HeartTrialTwin_step2_cohort_reconciliation.csv,5a254575d8d5276d1176b53b38dad6600b46d6732441698e8e14668699d8ac43
NCT05235763,COMPLETED,0,2022-01-21,2022,final_test,HTT-P1-AACT-20260905,2026-09-05,20260905_export_ctgov.zip,ctgov.studies.overall_status,COMPLETED=0;TERMINATED|WITHDRAWN=1,ctgov.studies.study_first_submitted_date,step2_reconciliation/HeartTrialTwin_step2_cohort_reconciliation.csv,5a254575d8d5276d1176b53b38dad6600b46d6732441698e8e14668699d8ac43
NCT05236335,COMPLETED,0,2021-12-02,2021,final_test,HTT-P1-AACT-20260905,2026-09-05,20260905_export_ctgov.zip,ctgov.studies.overall_status,COMPLETED=0;TERMINATED|WITHDRAWN=1,ctgov.studies.study_first_submitted_date,step2_reconciliation/HeartTrialTwin_step2_cohort_reconciliation.csv,5a254575d8d5276d1176b53b38dad6600b46d6732441698e8e14668699d8ac43
NCT05237323,COMPLETED,0,2022-01-13,2022,final_test,HTT-P1-AACT-20260905,2026-09-05,20260905_export_ctgov.zip,ctgov.studies.overall_status,COMPLETED=0;TERMINATED|WITHDRAWN=1,ctgov.studies.study_first_submitted_date,step2_reconciliation/HeartTrialTwin_step2_cohort_reconciliation.csv,5a254575d8d5276d1176b53b38dad6600b46d6732441698e8e14668699d8ac43
NCT05240638,COMPLETED,0,2022-01-10,2022,final_test,HTT-P1-AACT-20260905,2026-09-05,20260905_export_ctgov.zip,ctgov.studies.overall_status,COMPLETED=0;TERMINATED|WITHDRAWN=1,ctgov.studies.study_first_submitted_date,step2_reconciliation/HeartTrialTwin_step2_cohort_reconciliation.csv,5a254575d8d5276d1176b53b38dad6600b46d6732441698e8e14668699d8ac43
NCT05243199,COMPLETED,0,2022-01-19,2022,final_test,HTT-P1-AACT-20260905,2026-09-05,20260905_export_ctgov.zip,ctgov.studies.overall_status,COMPLETED=0;TERMINATED|WITHDRAWN=1,ctgov.studies.study_first_submitted_date,step2_reconciliation/HeartTrialTwin_step2_cohort_reconciliation.csv,5a254575d8d5276d1176b53b38dad6600b46d6732441698e8e14668699d8ac43
NCT05246397,COMPLETED,0,2021-09-23,2021,final_test,HTT-P1-AACT-20260905,2026-09-05,20260905_export_ctgov.zip,ctgov.studies.overall_status,COMPLETED=0;TERMINATED|WITHDRAWN=1,ctgov.studies.study_first_submitted_date,step2_reconciliation/HeartTrialTwin_step2_cohort_reconciliation.csv,5a254575d8d5276d1176b53b38dad6600b46d6732441698e8e14668699d8ac43
NCT05249062,COMPLETED,0,2021-12-15,2021,final_test,HTT-P1-AACT-20260905,2026-09-05,20260905_export_ctgov.zip,ctgov.studies.overall_status,COMPLETED=0;TERMINATED|WITHDRAWN=1,ctgov.studies.study_first_submitted_date,step2_reconciliation/HeartTrialTwin_step2_cohort_reconciliation.csv,5a254575d8d5276d1176b53b38dad6600b46d6732441698e8e14668699d8ac43
NCT05256303,COMPLETED,0,2021-10-25,2021,final_test,HTT-P1-AACT-20260905,2026-09-05,20260905_export_ctgov.zip,ctgov.studies.overall_status,COMPLETED=0;TERMINATED|WITHDRAWN=1,ctgov.studies.study_first_submitted_date,step2_reconciliation/HeartTrialTwin_step2_cohort_reconciliation.csv,5a254575d8d5276d1176b53b38dad6600b46d6732441698e8e14668699d8ac43
NCT05269875,COMPLETED,0,2022-02-02,2022,final_test,HTT-P1-AACT-20260905,2026-09-05,20260905_export_ctgov.zip,ctgov.studies.overall_status,COMPLETED=0;TERMINATED|WITHDRAWN=1,ctgov.studies.study_first_submitted_date,step2_reconciliation/HeartTrialTwin_step2_cohort_reconciliation.csv,5a254575d8d5276d1176b53b38dad6600b46d6732441698e8e14668699d8ac43
NCT05275920,COMPLETED,0,2022-02-09,2022,final_test,HTT-P1-AACT-20260905,2026-09-05,20260905_export_ctgov.zip,ctgov.studies.overall_status,COMPLETED=0;TERMINATED|WITHDRAWN=1,ctgov.studies.study_first_submitted_date,step2_reconciliation/HeartTrialTwin_step2_cohort_reconciliation.csv,5a254575d8d5276d1176b53b38dad6600b46d6732441698e8e14668699d8ac43
NCT05277415,COMPLETED,0,2022-01-25,2022,final_test,HTT-P1-AACT-20260905,2026-09-05,20260905_export_ctgov.zip,ctgov.studies.overall_status,COMPLETED=0;TERMINATED|WITHDRAWN=1,ctgov.studies.study_first_submitted_date,step2_reconciliation/HeartTrialTwin_step2_cohort_reconciliation.csv,5a254575d8d5276d1176b53b38dad6600b46d6732441698e8e14668699d8ac43
NCT05278962,COMPLETED,0,2022-03-04,2022,final_test,HTT-P1-AACT-20260905,2026-09-05,20260905_export_ctgov.zip,ctgov.studies.overall_status,COMPLETED=0;TERMINATED|WITHDRAWN=1,ctgov.studies.study_first_submitted_date,step2_reconciliation/HeartTrialTwin_step2_cohort_reconciliation.csv,5a254575d8d5276d1176b53b38dad6600b46d6732441698e8e14668699d8ac43
NCT05284617,COMPLETED,0,2022-03-09,2022,final_test,HTT-P1-AACT-20260905,2026-09-05,20260905_export_ctgov.zip,ctgov.studies.overall_status,COMPLETED=0;TERMINATED|WITHDRAWN=1,ctgov.studies.study_first_submitted_date,step2_reconciliation/HeartTrialTwin_step2_cohort_reconciliation.csv,5a254575d8d5276d1176b53b38dad6600b46d6732441698e8e14668699d8ac43
NCT05285163,COMPLETED,0,2022-03-04,2022,final_test,HTT-P1-AACT-20260905,2026-09-05,20260905_export_ctgov.zip,ctgov.studies.overall_status,COMPLETED=0;TERMINATED|WITHDRAWN=1,ctgov.studies.study_first_submitted_date,step2_reconciliation/HeartTrialTwin_step2_cohort_reconciliation.csv,5a254575d8d5276d1176b53b38dad6600b46d6732441698e8e14668699d8ac43
NCT05288387,TERMINATED,1,2022-01-28,2022,final_test,HTT-P1-AACT-20260905,2026-09-05,20260905_export_ctgov.zip,ctgov.studies.overall_status,COMPLETED=0;TERMINATED|WITHDRAWN=1,ctgov.studies.study_first_submitted_date,step2_reconciliation/HeartTrialTwin_step2_cohort_reconciliation.csv,5a254575d8d5276d1176b53b38dad6600b46d6732441698e8e14668699d8ac43
NCT05297942,COMPLETED,0,2022-03-17,2022,final_test,HTT-P1-AACT-20260905,2026-09-05,20260905_export_ctgov.zip,ctgov.studies.overall_status,COMPLETED=0;TERMINATED|WITHDRAWN=1,ctgov.studies.study_first_submitted_date,step2_reconciliation/HeartTrialTwin_step2_cohort_reconciliation.csv,5a254575d8d5276d1176b53b38dad6600b46d6732441698e8e14668699d8ac43
NCT05305495,COMPLETED,0,2022-03-04,2022,final_test,HTT-P1-AACT-20260905,2026-09-05,20260905_export_ctgov.zip,ctgov.studies.overall_status,COMPLETED=0;TERMINATED|WITHDRAWN=1,ctgov.studies.study_first_submitted_date,step2_reconciliation/HeartTrialTwin_step2_cohort_reconciliation.csv,5a254575d8d5276d1176b53b38dad6600b46d6732441698e8e14668699d8ac43
NCT05310877,COMPLETED,0,2022-03-22,2022,final_test,HTT-P1-AACT-20260905,2026-09-05,20260905_export_ctgov.zip,ctgov.studies.overall_status,COMPLETED=0;TERMINATED|WITHDRAWN=1,ctgov.studies.study_first_submitted_date,step2_reconciliation/HeartTrialTwin_step2_cohort_reconciliation.csv,5a254575d8d5276d1176b53b38dad6600b46d6732441698e8e14668699d8ac43
NCT05312021,WITHDRAWN,1,2022-03-08,2022,final_test,HTT-P1-AACT-20260905,2026-09-05,20260905_export_ctgov.zip,ctgov.studies.overall_status,COMPLETED=0;TERMINATED|WITHDRAWN=1,ctgov.studies.study_first_submitted_date,step2_reconciliation/HeartTrialTwin_step2_cohort_reconciliation.csv,5a254575d8d5276d1176b53b38dad6600b46d6732441698e8e14668699d8ac43
NCT05313438,COMPLETED,0,2022-03-29,2022,final_test,HTT-P1-AACT-20260905,2026-09-05,20260905_export_ctgov.zip,ctgov.studies.overall_status,COMPLETED=0;TERMINATED|WITHDRAWN=1,ctgov.studies.study_first_submitted_date,step2_reconciliation/HeartTrialTwin_step2_cohort_reconciliation.csv,5a254575d8d5276d1176b53b38dad6600b46d6732441698e8e14668699d8ac43
NCT05315908,TERMINATED,1,2022-01-22,2022,final_test,HTT-P1-AACT-20260905,2026-09-05,20260905_export_ctgov.zip,ctgov.studies.overall_status,COMPLETED=0;TERMINATED|WITHDRAWN=1,ctgov.studies.study_first_submitted_date,step2_reconciliation/HeartTrialTwin_step2_cohort_reconciliation.csv,5a254575d8d5276d1176b53b38dad6600b46d6732441698e8e14668699d8ac43
NCT05318105,TERMINATED,1,2022-03-10,2022,final_test,HTT-P1-AACT-20260905,2026-09-05,20260905_export_ctgov.zip,ctgov.studies.overall_status,COMPLETED=0;TERMINATED|WITHDRAWN=1,ctgov.studies.study_first_submitted_date,step2_reconciliation/HeartTrialTwin_step2_cohort_reconciliation.csv,5a254575d8d5276d1176b53b38dad6600b46d6732441698e8e14668699d8ac43
NCT05322616,WITHDRAWN,1,2022-03-14,2022,final_test,HTT-P1-AACT-20260905,2026-09-05,20260905_export_ctgov.zip,ctgov.studies.overall_status,COMPLETED=0;TERMINATED|WITHDRAWN=1,ctgov.studies.study_first_submitted_date,step2_reconciliation/HeartTrialTwin_step2_cohort_reconciliation.csv,5a254575d8d5276d1176b53b38dad6600b46d6732441698e8e14668699d8ac43
NCT05325983,COMPLETED,0,2022-01-25,2022,final_test,HTT-P1-AACT-20260905,2026-09-05,20260905_export_ctgov.zip,ctgov.studies.overall_status,COMPLETED=0;TERMINATED|WITHDRAWN=1,ctgov.studies.study_first_submitted_date,step2_reconciliation/HeartTrialTwin_step2_cohort_reconciliation.csv,5a254575d8d5276d1176b53b38dad6600b46d6732441698e8e14668699d8ac43
NCT05328752,COMPLETED,0,2022-03-30,2022,final_test,HTT-P1-AACT-20260905,2026-09-05,20260905_export_ctgov.zip,ctgov.studies.overall_status,COMPLETED=0;TERMINATED|WITHDRAWN=1,ctgov.studies.study_first_submitted_date,step2_reconciliation/HeartTrialTwin_step2_cohort_reconciliation.csv,5a254575d8d5276d1176b53b38dad6600b46d6732441698e8e14668699d8ac43
NCT05330013,WITHDRAWN,1,2022-04-14,2022,final_test,HTT-P1-AACT-20260905,2026-09-05,20260905_export_ctgov.zip,ctgov.studies.overall_status,COMPLETED=0;TERMINATED|WITHDRAWN=1,ctgov.studies.study_first_submitted_date,step2_reconciliation/HeartTrialTwin_step2_cohort_reconciliation.csv,5a254575d8d5276d1176b53b38dad6600b46d6732441698e8e14668699d8ac43
NCT05332873,WITHDRAWN,1,2022-04-11,2022,final_test,HTT-P1-AACT-20260905,2026-09-05,20260905_export_ctgov.zip,ctgov.studies.overall_status,COMPLETED=0;TERMINATED|WITHDRAWN=1,ctgov.studies.study_first_submitted_date,step2_reconciliation/HeartTrialTwin_step2_cohort_reconciliation.csv,5a254575d8d5276d1176b53b38dad6600b46d6732441698e8e14668699d8ac43
NCT05337293,COMPLETED,0,2022-04-13,2022,final_test,HTT-P1-AACT-20260905,2026-09-05,20260905_export_ctgov.zip,ctgov.studies.overall_status,COMPLETED=0;TERMINATED|WITHDRAWN=1,ctgov.studies.study_first_submitted_date,step2_reconciliation/HeartTrialTwin_step2_cohort_reconciliation.csv,5a254575d8d5276d1176b53b38dad6600b46d6732441698e8e14668699d8ac43
NCT05338437,COMPLETED,0,2022-03-21,2022,final_test,HTT-P1-AACT-20260905,2026-09-05,20260905_export_ctgov.zip,ctgov.studies.overall_status,COMPLETED=0;TERMINATED|WITHDRAWN=1,ctgov.studies.study_first_submitted_date,step2_reconciliation/HeartTrialTwin_step2_cohort_reconciliation.csv,5a254575d8d5276d1176b53b38dad6600b46d6732441698e8e14668699d8ac43
NCT05346653,TERMINATED,1,2022-04-20,2022,final_test,HTT-P1-AACT-20260905,2026-09-05,20260905_export_ctgov.zip,ctgov.studies.overall_status,COMPLETED=0;TERMINATED|WITHDRAWN=1,ctgov.studies.study_first_submitted_date,step2_reconciliation/HeartTrialTwin_step2_cohort_reconciliation.csv,5a254575d8d5276d1176b53b38dad6600b46d6732441698e8e14668699d8ac43
NCT05348460,COMPLETED,0,2022-03-04,2022,final_test,HTT-P1-AACT-20260905,2026-09-05,20260905_export_ctgov.zip,ctgov.studies.overall_status,COMPLETED=0;TERMINATED|WITHDRAWN=1,ctgov.studies.study_first_submitted_date,step2_reconciliation/HeartTrialTwin_step2_cohort_reconciliation.csv,5a254575d8d5276d1176b53b38dad6600b46d6732441698e8e14668699d8ac43
NCT05349786,COMPLETED,0,2022-04-16,2022,final_test,HTT-P1-AACT-20260905,2026-09-05,20260905_export_ctgov.zip,ctgov.studies.overall_status,COMPLETED=0;TERMINATED|WITHDRAWN=1,ctgov.studies.study_first_submitted_date,step2_reconciliation/HeartTrialTwin_step2_cohort_reconciliation.csv,5a254575d8d5276d1176b53b38dad6600b46d6732441698e8e14668699d8ac43
NCT05350969,COMPLETED,0,2022-04-20,2022,final_test,HTT-P1-AACT-20260905,2026-09-05,20260905_export_ctgov.zip,ctgov.studies.overall_status,COMPLETED=0;TERMINATED|WITHDRAWN=1,ctgov.studies.study_first_submitted_date,step2_reconciliation/HeartTrialTwin_step2_cohort_reconciliation.csv,5a254575d8d5276d1176b53b38dad6600b46d6732441698e8e14668699d8ac43
NCT05353166,COMPLETED,0,2022-04-25,2022,final_test,HTT-P1-AACT-20260905,2026-09-05,20260905_export_ctgov.zip,ctgov.studies.overall_status,COMPLETED=0;TERMINATED|WITHDRAWN=1,ctgov.studies.study_first_submitted_date,step2_reconciliation/HeartTrialTwin_step2_cohort_reconciliation.csv,5a254575d8d5276d1176b53b38dad6600b46d6732441698e8e14668699d8ac43
NCT05353803,COMPLETED,0,2022-04-11,2022,final_test,HTT-P1-AACT-20260905,2026-09-05,20260905_export_ctgov.zip,ctgov.studies.overall_status,COMPLETED=0;TERMINATED|WITHDRAWN=1,ctgov.studies.study_first_submitted_date,step2_reconciliation/HeartTrialTwin_step2_cohort_reconciliation.csv,5a254575d8d5276d1176b53b38dad6600b46d6732441698e8e14668699d8ac43
NCT05364190,COMPLETED,0,2022-04-25,2022,final_test,HTT-P1-AACT-20260905,2026-09-05,20260905_export_ctgov.zip,ctgov.studies.overall_status,COMPLETED=0;TERMINATED|WITHDRAWN=1,ctgov.studies.study_first_submitted_date,step2_reconciliation/HeartTrialTwin_step2_cohort_reconciliation.csv,5a254575d8d5276d1176b53b38dad6600b46d6732441698e8e14668699d8ac43
NCT05366673,COMPLETED,0,2022-05-04,2022,final_test,HTT-P1-AACT-20260905,2026-09-05,20260905_export_ctgov.zip,ctgov.studies.overall_status,COMPLETED=0;TERMINATED|WITHDRAWN=1,ctgov.studies.study_first_submitted_date,step2_reconciliation/HeartTrialTwin_step2_cohort_reconciliation.csv,5a254575d8d5276d1176b53b38dad6600b46d6732441698e8e14668699d8ac43
NCT05366686,COMPLETED,0,2022-05-04,2022,final_test,HTT-P1-AACT-20260905,2026-09-05,20260905_export_ctgov.zip,ctgov.studies.overall_status,COMPLETED=0;TERMINATED|WITHDRAWN=1,ctgov.studies.study_first_submitted_date,step2_reconciliation/HeartTrialTwin_step2_cohort_reconciliation.csv,5a254575d8d5276d1176b53b38dad6600b46d6732441698e8e14668699d8ac43
NCT05371496,COMPLETED,0,2022-05-09,2022,final_test,HTT-P1-AACT-20260905,2026-09-05,20260905_export_ctgov.zip,ctgov.studies.overall_status,COMPLETED=0;TERMINATED|WITHDRAWN=1,ctgov.studies.study_first_submitted_date,step2_reconciliation/HeartTrialTwin_step2_cohort_reconciliation.csv,5a254575d8d5276d1176b53b38dad6600b46d6732441698e8e14668699d8ac43
NCT05377190,COMPLETED,0,2022-05-05,2022,final_test,HTT-P1-AACT-20260905,2026-09-05,20260905_export_ctgov.zip,ctgov.studies.overall_status,COMPLETED=0;TERMINATED|WITHDRAWN=1,ctgov.studies.study_first_submitted_date,step2_reconciliation/HeartTrialTwin_step2_cohort_reconciliation.csv,5a254575d8d5276d1176b53b38dad6600b46d6732441698e8e14668699d8ac43
NCT05379608,COMPLETED,0,2022-04-30,2022,final_test,HTT-P1-AACT-20260905,2026-09-05,20260905_export_ctgov.zip,ctgov.studies.overall_status,COMPLETED=0;TERMINATED|WITHDRAWN=1,ctgov.studies.study_first_submitted_date,step2_reconciliation/HeartTrialTwin_step2_cohort_reconciliation.csv,5a254575d8d5276d1176b53b38dad6600b46d6732441698e8e14668699d8ac43
NCT05384847,COMPLETED,0,2022-04-29,2022,final_test,HTT-P1-AACT-20260905,2026-09-05,20260905_export_ctgov.zip,ctgov.studies.overall_status,COMPLETED=0;TERMINATED|WITHDRAWN=1,ctgov.studies.study_first_submitted_date,step2_reconciliation/HeartTrialTwin_step2_cohort_reconciliation.csv,5a254575d8d5276d1176b53b38dad6600b46d6732441698e8e14668699d8ac43
NCT05387967,COMPLETED,0,2022-05-13,2022,final_test,HTT-P1-AACT-20260905,2026-09-05,20260905_export_ctgov.zip,ctgov.studies.overall_status,COMPLETED=0;TERMINATED|WITHDRAWN=1,ctgov.studies.study_first_submitted_date,step2_reconciliation/HeartTrialTwin_step2_cohort_reconciliation.csv,5a254575d8d5276d1176b53b38dad6600b46d6732441698e8e14668699d8ac43
NCT05391620,COMPLETED,0,2022-04-07,2022,final_test,HTT-P1-AACT-20260905,2026-09-05,20260905_export_ctgov.zip,ctgov.studies.overall_status,COMPLETED=0;TERMINATED|WITHDRAWN=1,ctgov.studies.study_first_submitted_date,step2_reconciliation/HeartTrialTwin_step2_cohort_reconciliation.csv,5a254575d8d5276d1176b53b38dad6600b46d6732441698e8e14668699d8ac43
NCT05393362,COMPLETED,0,2022-05-16,2022,final_test,HTT-P1-AACT-20260905,2026-09-05,20260905_export_ctgov.zip,ctgov.studies.overall_status,COMPLETED=0;TERMINATED|WITHDRAWN=1,ctgov.studies.study_first_submitted_date,step2_reconciliation/HeartTrialTwin_step2_cohort_reconciliation.csv,5a254575d8d5276d1176b53b38dad6600b46d6732441698e8e14668699d8ac43
NCT05406505,COMPLETED,0,2021-11-12,2021,final_test,HTT-P1-AACT-20260905,2026-09-05,20260905_export_ctgov.zip,ctgov.studies.overall_status,COMPLETED=0;TERMINATED|WITHDRAWN=1,ctgov.studies.study_first_submitted_date,step2_reconciliation/HeartTrialTwin_step2_cohort_reconciliation.csv,5a254575d8d5276d1176b53b38dad6600b46d6732441698e8e14668699d8ac43
NCT05407272,COMPLETED,0,2022-05-30,2022,final_test,HTT-P1-AACT-20260905,2026-09-05,20260905_export_ctgov.zip,ctgov.studies.overall_status,COMPLETED=0;TERMINATED|WITHDRAWN=1,ctgov.studies.study_first_submitted_date,step2_reconciliation/HeartTrialTwin_step2_cohort_reconciliation.csv,5a254575d8d5276d1176b53b38dad6600b46d6732441698e8e14668699d8ac43
NCT05408559,WITHDRAWN,1,2022-03-17,2022,final_test,HTT-P1-AACT-20260905,2026-09-05,20260905_export_ctgov.zip,ctgov.studies.overall_status,COMPLETED=0;TERMINATED|WITHDRAWN=1,ctgov.studies.study_first_submitted_date,step2_reconciliation/HeartTrialTwin_step2_cohort_reconciliation.csv,5a254575d8d5276d1176b53b38dad6600b46d6732441698e8e14668699d8ac43
NCT05409183,TERMINATED,1,2022-06-03,2022,final_test,HTT-P1-AACT-20260905,2026-09-05,20260905_export_ctgov.zip,ctgov.studies.overall_status,COMPLETED=0;TERMINATED|WITHDRAWN=1,ctgov.studies.study_first_submitted_date,step2_reconciliation/HeartTrialTwin_step2_cohort_reconciliation.csv,5a254575d8d5276d1176b53b38dad6600b46d6732441698e8e14668699d8ac43
NCT05411263,TERMINATED,1,2022-05-31,2022,final_test,HTT-P1-AACT-20260905,2026-09-05,20260905_export_ctgov.zip,ctgov.studies.overall_status,COMPLETED=0;TERMINATED|WITHDRAWN=1,ctgov.studies.study_first_submitted_date,step2_reconciliation/HeartTrialTwin_step2_cohort_reconciliation.csv,5a254575d8d5276d1176b53b38dad6600b46d6732441698e8e14668699d8ac43
NCT05411991,COMPLETED,0,2022-06-06,2022,final_test,HTT-P1-AACT-20260905,2026-09-05,20260905_export_ctgov.zip,ctgov.studies.overall_status,COMPLETED=0;TERMINATED|WITHDRAWN=1,ctgov.studies.study_first_submitted_date,step2_reconciliation/HeartTrialTwin_step2_cohort_reconciliation.csv,5a254575d8d5276d1176b53b38dad6600b46d6732441698e8e14668699d8ac43
NCT05413447,COMPLETED,0,2022-05-30,2022,final_test,HTT-P1-AACT-20260905,2026-09-05,20260905_export_ctgov.zip,ctgov.studies.overall_status,COMPLETED=0;TERMINATED|WITHDRAWN=1,ctgov.studies.study_first_submitted_date,step2_reconciliation/HeartTrialTwin_step2_cohort_reconciliation.csv,5a254575d8d5276d1176b53b38dad6600b46d6732441698e8e14668699d8ac43
NCT05419115,COMPLETED,0,2022-06-10,2022,final_test,HTT-P1-AACT-20260905,2026-09-05,20260905_export_ctgov.zip,ctgov.studies.overall_status,COMPLETED=0;TERMINATED|WITHDRAWN=1,ctgov.studies.study_first_submitted_date,step2_reconciliation/HeartTrialTwin_step2_cohort_reconciliation.csv,5a254575d8d5276d1176b53b38dad6600b46d6732441698e8e14668699d8ac43
NCT05420012,COMPLETED,0,2022-06-11,2022,final_test,HTT-P1-AACT-20260905,2026-09-05,20260905_export_ctgov.zip,ctgov.studies.overall_status,COMPLETED=0;TERMINATED|WITHDRAWN=1,ctgov.studies.study_first_submitted_date,step2_reconciliation/HeartTrialTwin_step2_cohort_reconciliation.csv,5a254575d8d5276d1176b53b38dad6600b46d6732441698e8e14668699d8ac43
NCT05424315,COMPLETED,0,2022-06-15,2022,final_test,HTT-P1-AACT-20260905,2026-09-05,20260905_export_ctgov.zip,ctgov.studies.overall_status,COMPLETED=0;TERMINATED|WITHDRAWN=1,ctgov.studies.study_first_submitted_date,step2_reconciliation/HeartTrialTwin_step2_cohort_reconciliation.csv,5a254575d8d5276d1176b53b38dad6600b46d6732441698e8e14668699d8ac43
NCT05425160,COMPLETED,0,2022-06-15,2022,final_test,HTT-P1-AACT-20260905,2026-09-05,20260905_export_ctgov.zip,ctgov.studies.overall_status,COMPLETED=0;TERMINATED|WITHDRAWN=1,ctgov.studies.study_first_submitted_date,step2_reconciliation/HeartTrialTwin_step2_cohort_reconciliation.csv,5a254575d8d5276d1176b53b38dad6600b46d6732441698e8e14668699d8ac43
NCT05433610,COMPLETED,0,2022-06-15,2022,final_test,HTT-P1-AACT-20260905,2026-09-05,20260905_export_ctgov.zip,ctgov.studies.overall_status,COMPLETED=0;TERMINATED|WITHDRAWN=1,ctgov.studies.study_first_submitted_date,step2_reconciliation/HeartTrialTwin_step2_cohort_reconciliation.csv,5a254575d8d5276d1176b53b38dad6600b46d6732441698e8e14668699d8ac43
NCT05437094,COMPLETED,0,2022-06-17,2022,final_test,HTT-P1-AACT-20260905,2026-09-05,20260905_export_ctgov.zip,ctgov.studies.overall_status,COMPLETED=0;TERMINATED|WITHDRAWN=1,ctgov.studies.study_first_submitted_date,step2_reconciliation/HeartTrialTwin_step2_cohort_reconciliation.csv,5a254575d8d5276d1176b53b38dad6600b46d6732441698e8e14668699d8ac43
NCT05445206,COMPLETED,0,2022-06-30,2022,final_test,HTT-P1-AACT-20260905,2026-09-05,20260905_export_ctgov.zip,ctgov.studies.overall_status,COMPLETED=0;TERMINATED|WITHDRAWN=1,ctgov.studies.study_first_submitted_date,step2_reconciliation/HeartTrialTwin_step2_cohort_reconciliation.csv,5a254575d8d5276d1176b53b38dad6600b46d6732441698e8e14668699d8ac43
NCT05467735,TERMINATED,1,2022-06-24,2022,final_test,HTT-P1-AACT-20260905,2026-09-05,20260905_export_ctgov.zip,ctgov.studies.overall_status,COMPLETED=0;TERMINATED|WITHDRAWN=1,ctgov.studies.study_first_submitted_date,step2_reconciliation/HeartTrialTwin_step2_cohort_reconciliation.csv,5a254575d8d5276d1176b53b38dad6600b46d6732441698e8e14668699d8ac43
NCT05477498,WITHDRAWN,1,2019-07-05,2019,validation,HTT-P1-AACT-20260905,2026-09-05,20260905_export_ctgov.zip,ctgov.studies.overall_status,COMPLETED=0;TERMINATED|WITHDRAWN=1,ctgov.studies.study_first_submitted_date,step2_reconciliation/HeartTrialTwin_step2_cohort_reconciliation.csv,5a254575d8d5276d1176b53b38dad6600b46d6732441698e8e14668699d8ac43
NCT05480345,COMPLETED,0,2022-04-06,2022,final_test,HTT-P1-AACT-20260905,2026-09-05,20260905_export_ctgov.zip,ctgov.studies.overall_status,COMPLETED=0;TERMINATED|WITHDRAWN=1,ctgov.studies.study_first_submitted_date,step2_reconciliation/HeartTrialTwin_step2_cohort_reconciliation.csv,5a254575d8d5276d1176b53b38dad6600b46d6732441698e8e14668699d8ac43
NCT05480969,COMPLETED,0,2022-07-26,2022,final_test,HTT-P1-AACT-20260905,2026-09-05,20260905_export_ctgov.zip,ctgov.studies.overall_status,COMPLETED=0;TERMINATED|WITHDRAWN=1,ctgov.studies.study_first_submitted_date,step2_reconciliation/HeartTrialTwin_step2_cohort_reconciliation.csv,5a254575d8d5276d1176b53b38dad6600b46d6732441698e8e14668699d8ac43
NCT05492058,COMPLETED,0,2022-07-22,2022,final_test,HTT-P1-AACT-20260905,2026-09-05,20260905_export_ctgov.zip,ctgov.studies.overall_status,COMPLETED=0;TERMINATED|WITHDRAWN=1,ctgov.studies.study_first_submitted_date,step2_reconciliation/HeartTrialTwin_step2_cohort_reconciliation.csv,5a254575d8d5276d1176b53b38dad6600b46d6732441698e8e14668699d8ac43
NCT05492500,TERMINATED,1,2022-07-25,2022,final_test,HTT-P1-AACT-20260905,2026-09-05,20260905_export_ctgov.zip,ctgov.studies.overall_status,COMPLETED=0;TERMINATED|WITHDRAWN=1,ctgov.studies.study_first_submitted_date,step2_reconciliation/HeartTrialTwin_step2_cohort_reconciliation.csv,5a254575d8d5276d1176b53b38dad6600b46d6732441698e8e14668699d8ac43
NCT05501652,COMPLETED,0,2022-08-12,2022,final_test,HTT-P1-AACT-20260905,2026-09-05,20260905_export_ctgov.zip,ctgov.studies.overall_status,COMPLETED=0;TERMINATED|WITHDRAWN=1,ctgov.studies.study_first_submitted_date,step2_reconciliation/HeartTrialTwin_step2_cohort_reconciliation.csv,5a254575d8d5276d1176b53b38dad6600b46d6732441698e8e14668699d8ac43
NCT05524324,COMPLETED,0,2022-07-12,2022,final_test,HTT-P1-AACT-20260905,2026-09-05,20260905_export_ctgov.zip,ctgov.studies.overall_status,COMPLETED=0;TERMINATED|WITHDRAWN=1,ctgov.studies.study_first_submitted_date,step2_reconciliation/HeartTrialTwin_step2_cohort_reconciliation.csv,5a254575d8d5276d1176b53b38dad6600b46d6732441698e8e14668699d8ac43
NCT05527522,COMPLETED,0,2022-08-30,2022,final_test,HTT-P1-AACT-20260905,2026-09-05,20260905_export_ctgov.zip,ctgov.studies.overall_status,COMPLETED=0;TERMINATED|WITHDRAWN=1,ctgov.studies.study_first_submitted_date,step2_reconciliation/HeartTrialTwin_step2_cohort_reconciliation.csv,5a254575d8d5276d1176b53b38dad6600b46d6732441698e8e14668699d8ac43
NCT05528588,COMPLETED,0,2022-08-31,2022,final_test,HTT-P1-AACT-20260905,2026-09-05,20260905_export_ctgov.zip,ctgov.studies.overall_status,COMPLETED=0;TERMINATED|WITHDRAWN=1,ctgov.studies.study_first_submitted_date,step2_reconciliation/HeartTrialTwin_step2_cohort_reconciliation.csv,5a254575d8d5276d1176b53b38dad6600b46d6732441698e8e14668699d8ac43
NCT05531214,COMPLETED,0,2022-06-10,2022,final_test,HTT-P1-AACT-20260905,2026-09-05,20260905_export_ctgov.zip,ctgov.studies.overall_status,COMPLETED=0;TERMINATED|WITHDRAWN=1,ctgov.studies.study_first_submitted_date,step2_reconciliation/HeartTrialTwin_step2_cohort_reconciliation.csv,5a254575d8d5276d1176b53b38dad6600b46d6732441698e8e14668699d8ac43
NCT05532046,TERMINATED,1,2022-09-05,2022,final_test,HTT-P1-AACT-20260905,2026-09-05,20260905_export_ctgov.zip,ctgov.studies.overall_status,COMPLETED=0;TERMINATED|WITHDRAWN=1,ctgov.studies.study_first_submitted_date,step2_reconciliation/HeartTrialTwin_step2_cohort_reconciliation.csv,5a254575d8d5276d1176b53b38dad6600b46d6732441698e8e14668699d8ac43
NCT05541068,COMPLETED,0,2022-09-07,2022,final_test,HTT-P1-AACT-20260905,2026-09-05,20260905_export_ctgov.zip,ctgov.studies.overall_status,COMPLETED=0;TERMINATED|WITHDRAWN=1,ctgov.studies.study_first_submitted_date,step2_reconciliation/HeartTrialTwin_step2_cohort_reconciliation.csv,5a254575d8d5276d1176b53b38dad6600b46d6732441698e8e14668699d8ac43
NCT05550792,COMPLETED,0,2022-01-26,2022,final_test,HTT-P1-AACT-20260905,2026-09-05,20260905_export_ctgov.zip,ctgov.studies.overall_status,COMPLETED=0;TERMINATED|WITHDRAWN=1,ctgov.studies.study_first_submitted_date,step2_reconciliation/HeartTrialTwin_step2_cohort_reconciliation.csv,5a254575d8d5276d1176b53b38dad6600b46d6732441698e8e14668699d8ac43
NCT05553314,COMPLETED,0,2022-09-20,2022,final_test,HTT-P1-AACT-20260905,2026-09-05,20260905_export_ctgov.zip,ctgov.studies.overall_status,COMPLETED=0;TERMINATED|WITHDRAWN=1,ctgov.studies.study_first_submitted_date,step2_reconciliation/HeartTrialTwin_step2_cohort_reconciliation.csv,5a254575d8d5276d1176b53b38dad6600b46d6732441698e8e14668699d8ac43
NCT05562037,COMPLETED,0,2022-08-03,2022,final_test,HTT-P1-AACT-20260905,2026-09-05,20260905_export_ctgov.zip,ctgov.studies.overall_status,COMPLETED=0;TERMINATED|WITHDRAWN=1,ctgov.studies.study_first_submitted_date,step2_reconciliation/HeartTrialTwin_step2_cohort_reconciliation.csv,5a254575d8d5276d1176b53b38dad6600b46d6732441698e8e14668699d8ac43
NCT05562063,COMPLETED,0,2022-09-27,2022,final_test,HTT-P1-AACT-20260905,2026-09-05,20260905_export_ctgov.zip,ctgov.studies.overall_status,COMPLETED=0;TERMINATED|WITHDRAWN=1,ctgov.studies.study_first_submitted_date,step2_reconciliation/HeartTrialTwin_step2_cohort_reconciliation.csv,5a254575d8d5276d1176b53b38dad6600b46d6732441698e8e14668699d8ac43
NCT05571865,WITHDRAWN,1,2022-09-16,2022,final_test,HTT-P1-AACT-20260905,2026-09-05,20260905_export_ctgov.zip,ctgov.studies.overall_status,COMPLETED=0;TERMINATED|WITHDRAWN=1,ctgov.studies.study_first_submitted_date,step2_reconciliation/HeartTrialTwin_step2_cohort_reconciliation.csv,5a254575d8d5276d1176b53b38dad6600b46d6732441698e8e14668699d8ac43
NCT05572736,COMPLETED,0,2022-09-02,2022,final_test,HTT-P1-AACT-20260905,2026-09-05,20260905_export_ctgov.zip,ctgov.studies.overall_status,COMPLETED=0;TERMINATED|WITHDRAWN=1,ctgov.studies.study_first_submitted_date,step2_reconciliation/HeartTrialTwin_step2_cohort_reconciliation.csv,5a254575d8d5276d1176b53b38dad6600b46d6732441698e8e14668699d8ac43
NCT05574699,COMPLETED,0,2022-10-06,2022,final_test,HTT-P1-AACT-20260905,2026-09-05,20260905_export_ctgov.zip,ctgov.studies.overall_status,COMPLETED=0;TERMINATED|WITHDRAWN=1,ctgov.studies.study_first_submitted_date,step2_reconciliation/HeartTrialTwin_step2_cohort_reconciliation.csv,5a254575d8d5276d1176b53b38dad6600b46d6732441698e8e14668699d8ac43
NCT05575336,COMPLETED,0,2022-09-22,2022,final_test,HTT-P1-AACT-20260905,2026-09-05,20260905_export_ctgov.zip,ctgov.studies.overall_status,COMPLETED=0;TERMINATED|WITHDRAWN=1,ctgov.studies.study_first_submitted_date,step2_reconciliation/HeartTrialTwin_step2_cohort_reconciliation.csv,5a254575d8d5276d1176b53b38dad6600b46d6732441698e8e14668699d8ac43
NCT05575375,COMPLETED,0,2022-10-03,2022,final_test,HTT-P1-AACT-20260905,2026-09-05,20260905_export_ctgov.zip,ctgov.studies.overall_status,COMPLETED=0;TERMINATED|WITHDRAWN=1,ctgov.studies.study_first_submitted_date,step2_reconciliation/HeartTrialTwin_step2_cohort_reconciliation.csv,5a254575d8d5276d1176b53b38dad6600b46d6732441698e8e14668699d8ac43
NCT05589428,COMPLETED,0,2022-05-03,2022,final_test,HTT-P1-AACT-20260905,2026-09-05,20260905_export_ctgov.zip,ctgov.studies.overall_status,COMPLETED=0;TERMINATED|WITHDRAWN=1,ctgov.studies.study_first_submitted_date,step2_reconciliation/HeartTrialTwin_step2_cohort_reconciliation.csv,5a254575d8d5276d1176b53b38dad6600b46d6732441698e8e14668699d8ac43
NCT05592275,TERMINATED,1,2022-10-20,2022,final_test,HTT-P1-AACT-20260905,2026-09-05,20260905_export_ctgov.zip,ctgov.studies.overall_status,COMPLETED=0;TERMINATED|WITHDRAWN=1,ctgov.studies.study_first_submitted_date,step2_reconciliation/HeartTrialTwin_step2_cohort_reconciliation.csv,5a254575d8d5276d1176b53b38dad6600b46d6732441698e8e14668699d8ac43
NCT05592392,COMPLETED,0,2022-10-19,2022,final_test,HTT-P1-AACT-20260905,2026-09-05,20260905_export_ctgov.zip,ctgov.studies.overall_status,COMPLETED=0;TERMINATED|WITHDRAWN=1,ctgov.studies.study_first_submitted_date,step2_reconciliation/HeartTrialTwin_step2_cohort_reconciliation.csv,5a254575d8d5276d1176b53b38dad6600b46d6732441698e8e14668699d8ac43
NCT05595655,COMPLETED,0,2022-10-20,2022,final_test,HTT-P1-AACT-20260905,2026-09-05,20260905_export_ctgov.zip,ctgov.studies.overall_status,COMPLETED=0;TERMINATED|WITHDRAWN=1,ctgov.studies.study_first_submitted_date,step2_reconciliation/HeartTrialTwin_step2_cohort_reconciliation.csv,5a254575d8d5276d1176b53b38dad6600b46d6732441698e8e14668699d8ac43
NCT05599997,COMPLETED,0,2022-10-26,2022,final_test,HTT-P1-AACT-20260905,2026-09-05,20260905_export_ctgov.zip,ctgov.studies.overall_status,COMPLETED=0;TERMINATED|WITHDRAWN=1,ctgov.studies.study_first_submitted_date,step2_reconciliation/HeartTrialTwin_step2_cohort_reconciliation.csv,5a254575d8d5276d1176b53b38dad6600b46d6732441698e8e14668699d8ac43
NCT05602454,COMPLETED,0,2022-10-27,2022,final_test,HTT-P1-AACT-20260905,2026-09-05,20260905_export_ctgov.zip,ctgov.studies.overall_status,COMPLETED=0;TERMINATED|WITHDRAWN=1,ctgov.studies.study_first_submitted_date,step2_reconciliation/HeartTrialTwin_step2_cohort_reconciliation.csv,5a254575d8d5276d1176b53b38dad6600b46d6732441698e8e14668699d8ac43
NCT05610176,COMPLETED,0,2022-11-02,2022,final_test,HTT-P1-AACT-20260905,2026-09-05,20260905_export_ctgov.zip,ctgov.studies.overall_status,COMPLETED=0;TERMINATED|WITHDRAWN=1,ctgov.studies.study_first_submitted_date,step2_reconciliation/HeartTrialTwin_step2_cohort_reconciliation.csv,5a254575d8d5276d1176b53b38dad6600b46d6732441698e8e14668699d8ac43
NCT05613218,COMPLETED,0,2022-11-04,2022,final_test,HTT-P1-AACT-20260905,2026-09-05,20260905_export_ctgov.zip,ctgov.studies.overall_status,COMPLETED=0;TERMINATED|WITHDRAWN=1,ctgov.studies.study_first_submitted_date,step2_reconciliation/HeartTrialTwin_step2_cohort_reconciliation.csv,5a254575d8d5276d1176b53b38dad6600b46d6732441698e8e14668699d8ac43
NCT05615363,COMPLETED,0,2022-11-07,2022,final_test,HTT-P1-AACT-20260905,2026-09-05,20260905_export_ctgov.zip,ctgov.studies.overall_status,COMPLETED=0;TERMINATED|WITHDRAWN=1,ctgov.studies.study_first_submitted_date,step2_reconciliation/HeartTrialTwin_step2_cohort_reconciliation.csv,5a254575d8d5276d1176b53b38dad6600b46d6732441698e8e14668699d8ac43
NCT05621187,COMPLETED,0,2022-11-07,2022,final_test,HTT-P1-AACT-20260905,2026-09-05,20260905_export_ctgov.zip,ctgov.studies.overall_status,COMPLETED=0;TERMINATED|WITHDRAWN=1,ctgov.studies.study_first_submitted_date,step2_reconciliation/HeartTrialTwin_step2_cohort_reconciliation.csv,5a254575d8d5276d1176b53b38dad6600b46d6732441698e8e14668699d8ac43
NCT05633004,COMPLETED,0,2022-11-21,2022,final_test,HTT-P1-AACT-20260905,2026-09-05,20260905_export_ctgov.zip,ctgov.studies.overall_status,COMPLETED=0;TERMINATED|WITHDRAWN=1,ctgov.studies.study_first_submitted_date,step2_reconciliation/HeartTrialTwin_step2_cohort_reconciliation.csv,5a254575d8d5276d1176b53b38dad6600b46d6732441698e8e14668699d8ac43
NCT05633758,WITHDRAWN,1,2022-11-21,2022,final_test,HTT-P1-AACT-20260905,2026-09-05,20260905_export_ctgov.zip,ctgov.studies.overall_status,COMPLETED=0;TERMINATED|WITHDRAWN=1,ctgov.studies.study_first_submitted_date,step2_reconciliation/HeartTrialTwin_step2_cohort_reconciliation.csv,5a254575d8d5276d1176b53b38dad6600b46d6732441698e8e14668699d8ac43
NCT05633784,COMPLETED,0,2022-11-17,2022,final_test,HTT-P1-AACT-20260905,2026-09-05,20260905_export_ctgov.zip,ctgov.studies.overall_status,COMPLETED=0;TERMINATED|WITHDRAWN=1,ctgov.studies.study_first_submitted_date,step2_reconciliation/HeartTrialTwin_step2_cohort_reconciliation.csv,5a254575d8d5276d1176b53b38dad6600b46d6732441698e8e14668699d8ac43
NCT05637125,COMPLETED,0,2022-11-24,2022,final_test,HTT-P1-AACT-20260905,2026-09-05,20260905_export_ctgov.zip,ctgov.studies.overall_status,COMPLETED=0;TERMINATED|WITHDRAWN=1,ctgov.studies.study_first_submitted_date,step2_reconciliation/HeartTrialTwin_step2_cohort_reconciliation.csv,5a254575d8d5276d1176b53b38dad6600b46d6732441698e8e14668699d8ac43
NCT05637398,COMPLETED,0,2022-11-05,2022,final_test,HTT-P1-AACT-20260905,2026-09-05,20260905_export_ctgov.zip,ctgov.studies.overall_status,COMPLETED=0;TERMINATED|WITHDRAWN=1,ctgov.studies.study_first_submitted_date,step2_reconciliation/HeartTrialTwin_step2_cohort_reconciliation.csv,5a254575d8d5276d1176b53b38dad6600b46d6732441698e8e14668699d8ac43
NCT05642507,COMPLETED,0,2022-11-18,2022,final_test,HTT-P1-AACT-20260905,2026-09-05,20260905_export_ctgov.zip,ctgov.studies.overall_status,COMPLETED=0;TERMINATED|WITHDRAWN=1,ctgov.studies.study_first_submitted_date,step2_reconciliation/HeartTrialTwin_step2_cohort_reconciliation.csv,5a254575d8d5276d1176b53b38dad6600b46d6732441698e8e14668699d8ac43
NCT05646251,COMPLETED,0,2022-12-02,2022,final_test,HTT-P1-AACT-20260905,2026-09-05,20260905_export_ctgov.zip,ctgov.studies.overall_status,COMPLETED=0;TERMINATED|WITHDRAWN=1,ctgov.studies.study_first_submitted_date,step2_reconciliation/HeartTrialTwin_step2_cohort_reconciliation.csv,5a254575d8d5276d1176b53b38dad6600b46d6732441698e8e14668699d8ac43
NCT05647759,COMPLETED,0,2022-11-11,2022,final_test,HTT-P1-AACT-20260905,2026-09-05,20260905_export_ctgov.zip,ctgov.studies.overall_status,COMPLETED=0;TERMINATED|WITHDRAWN=1,ctgov.studies.study_first_submitted_date,step2_reconciliation/HeartTrialTwin_step2_cohort_reconciliation.csv,5a254575d8d5276d1176b53b38dad6600b46d6732441698e8e14668699d8ac43
NCT05649787,COMPLETED,0,2022-11-22,2022,final_test,HTT-P1-AACT-20260905,2026-09-05,20260905_export_ctgov.zip,ctgov.studies.overall_status,COMPLETED=0;TERMINATED|WITHDRAWN=1,ctgov.studies.study_first_submitted_date,step2_reconciliation/HeartTrialTwin_step2_cohort_reconciliation.csv,5a254575d8d5276d1176b53b38dad6600b46d6732441698e8e14668699d8ac43
NCT05651529,COMPLETED,0,2022-11-29,2022,final_test,HTT-P1-AACT-20260905,2026-09-05,20260905_export_ctgov.zip,ctgov.studies.overall_status,COMPLETED=0;TERMINATED|WITHDRAWN=1,ctgov.studies.study_first_submitted_date,step2_reconciliation/HeartTrialTwin_step2_cohort_reconciliation.csv,5a254575d8d5276d1176b53b38dad6600b46d6732441698e8e14668699d8ac43
NCT05651698,COMPLETED,0,2021-12-03,2021,final_test,HTT-P1-AACT-20260905,2026-09-05,20260905_export_ctgov.zip,ctgov.studies.overall_status,COMPLETED=0;TERMINATED|WITHDRAWN=1,ctgov.studies.study_first_submitted_date,step2_reconciliation/HeartTrialTwin_step2_cohort_reconciliation.csv,5a254575d8d5276d1176b53b38dad6600b46d6732441698e8e14668699d8ac43
NCT05652322,WITHDRAWN,1,2022-12-07,2022,final_test,HTT-P1-AACT-20260905,2026-09-05,20260905_export_ctgov.zip,ctgov.studies.overall_status,COMPLETED=0;TERMINATED|WITHDRAWN=1,ctgov.studies.study_first_submitted_date,step2_reconciliation/HeartTrialTwin_step2_cohort_reconciliation.csv,5a254575d8d5276d1176b53b38dad6600b46d6732441698e8e14668699d8ac43
NCT05658458,COMPLETED,0,2022-12-12,2022,final_test,HTT-P1-AACT-20260905,2026-09-05,20260905_export_ctgov.zip,ctgov.studies.overall_status,COMPLETED=0;TERMINATED|WITHDRAWN=1,ctgov.studies.study_first_submitted_date,step2_reconciliation/HeartTrialTwin_step2_cohort_reconciliation.csv,5a254575d8d5276d1176b53b38dad6600b46d6732441698e8e14668699d8ac43
NCT05659264,COMPLETED,0,2022-12-13,2022,final_test,HTT-P1-AACT-20260905,2026-09-05,20260905_export_ctgov.zip,ctgov.studies.overall_status,COMPLETED=0;TERMINATED|WITHDRAWN=1,ctgov.studies.study_first_submitted_date,step2_reconciliation/HeartTrialTwin_step2_cohort_reconciliation.csv,5a254575d8d5276d1176b53b38dad6600b46d6732441698e8e14668699d8ac43
NCT05668000,COMPLETED,0,2022-12-19,2022,final_test,HTT-P1-AACT-20260905,2026-09-05,20260905_export_ctgov.zip,ctgov.studies.overall_status,COMPLETED=0;TERMINATED|WITHDRAWN=1,ctgov.studies.study_first_submitted_date,step2_reconciliation/HeartTrialTwin_step2_cohort_reconciliation.csv,5a254575d8d5276d1176b53b38dad6600b46d6732441698e8e14668699d8ac43
NCT05668676,COMPLETED,0,2022-11-21,2022,final_test,HTT-P1-AACT-20260905,2026-09-05,20260905_export_ctgov.zip,ctgov.studies.overall_status,COMPLETED=0;TERMINATED|WITHDRAWN=1,ctgov.studies.study_first_submitted_date,step2_reconciliation/HeartTrialTwin_step2_cohort_reconciliation.csv,5a254575d8d5276d1176b53b38dad6600b46d6732441698e8e14668699d8ac43
NCT05672134,COMPLETED,0,2022-06-08,2022,final_test,HTT-P1-AACT-20260905,2026-09-05,20260905_export_ctgov.zip,ctgov.studies.overall_status,COMPLETED=0;TERMINATED|WITHDRAWN=1,ctgov.studies.study_first_submitted_date,step2_reconciliation/HeartTrialTwin_step2_cohort_reconciliation.csv,5a254575d8d5276d1176b53b38dad6600b46d6732441698e8e14668699d8ac43
NCT05676684,COMPLETED,0,2022-12-06,2022,final_test,HTT-P1-AACT-20260905,2026-09-05,20260905_export_ctgov.zip,ctgov.studies.overall_status,COMPLETED=0;TERMINATED|WITHDRAWN=1,ctgov.studies.study_first_submitted_date,step2_reconciliation/HeartTrialTwin_step2_cohort_reconciliation.csv,5a254575d8d5276d1176b53b38dad6600b46d6732441698e8e14668699d8ac43
NCT05696990,COMPLETED,0,2023-01-11,2023,final_test,HTT-P1-AACT-20260905,2026-09-05,20260905_export_ctgov.zip,ctgov.studies.overall_status,COMPLETED=0;TERMINATED|WITHDRAWN=1,ctgov.studies.study_first_submitted_date,step2_reconciliation/HeartTrialTwin_step2_cohort_reconciliation.csv,5a254575d8d5276d1176b53b38dad6600b46d6732441698e8e14668699d8ac43
NCT05697211,COMPLETED,0,2022-08-18,2022,final_test,HTT-P1-AACT-20260905,2026-09-05,20260905_export_ctgov.zip,ctgov.studies.overall_status,COMPLETED=0;TERMINATED|WITHDRAWN=1,ctgov.studies.study_first_submitted_date,step2_reconciliation/HeartTrialTwin_step2_cohort_reconciliation.csv,5a254575d8d5276d1176b53b38dad6600b46d6732441698e8e14668699d8ac43
NCT05704595,WITHDRAWN,1,2023-01-20,2023,final_test,HTT-P1-AACT-20260905,2026-09-05,20260905_export_ctgov.zip,ctgov.studies.overall_status,COMPLETED=0;TERMINATED|WITHDRAWN=1,ctgov.studies.study_first_submitted_date,step2_reconciliation/HeartTrialTwin_step2_cohort_reconciliation.csv,5a254575d8d5276d1176b53b38dad6600b46d6732441698e8e14668699d8ac43
NCT05719363,COMPLETED,0,2023-01-25,2023,final_test,HTT-P1-AACT-20260905,2026-09-05,20260905_export_ctgov.zip,ctgov.studies.overall_status,COMPLETED=0;TERMINATED|WITHDRAWN=1,ctgov.studies.study_first_submitted_date,step2_reconciliation/HeartTrialTwin_step2_cohort_reconciliation.csv,5a254575d8d5276d1176b53b38dad6600b46d6732441698e8e14668699d8ac43
NCT05726474,COMPLETED,0,2022-10-20,2022,final_test,HTT-P1-AACT-20260905,2026-09-05,20260905_export_ctgov.zip,ctgov.studies.overall_status,COMPLETED=0;TERMINATED|WITHDRAWN=1,ctgov.studies.study_first_submitted_date,step2_reconciliation/HeartTrialTwin_step2_cohort_reconciliation.csv,5a254575d8d5276d1176b53b38dad6600b46d6732441698e8e14668699d8ac43
NCT05734690,COMPLETED,0,2023-02-09,2023,final_test,HTT-P1-AACT-20260905,2026-09-05,20260905_export_ctgov.zip,ctgov.studies.overall_status,COMPLETED=0;TERMINATED|WITHDRAWN=1,ctgov.studies.study_first_submitted_date,step2_reconciliation/HeartTrialTwin_step2_cohort_reconciliation.csv,5a254575d8d5276d1176b53b38dad6600b46d6732441698e8e14668699d8ac43
NCT05737186,TERMINATED,1,2023-02-12,2023,final_test,HTT-P1-AACT-20260905,2026-09-05,20260905_export_ctgov.zip,ctgov.studies.overall_status,COMPLETED=0;TERMINATED|WITHDRAWN=1,ctgov.studies.study_first_submitted_date,step2_reconciliation/HeartTrialTwin_step2_cohort_reconciliation.csv,5a254575d8d5276d1176b53b38dad6600b46d6732441698e8e14668699d8ac43
NCT05737940,COMPLETED,0,2023-01-20,2023,final_test,HTT-P1-AACT-20260905,2026-09-05,20260905_export_ctgov.zip,ctgov.studies.overall_status,COMPLETED=0;TERMINATED|WITHDRAWN=1,ctgov.studies.study_first_submitted_date,step2_reconciliation/HeartTrialTwin_step2_cohort_reconciliation.csv,5a254575d8d5276d1176b53b38dad6600b46d6732441698e8e14668699d8ac43
NCT05741658,COMPLETED,0,2023-02-14,2023,final_test,HTT-P1-AACT-20260905,2026-09-05,20260905_export_ctgov.zip,ctgov.studies.overall_status,COMPLETED=0;TERMINATED|WITHDRAWN=1,ctgov.studies.study_first_submitted_date,step2_reconciliation/HeartTrialTwin_step2_cohort_reconciliation.csv,5a254575d8d5276d1176b53b38dad6600b46d6732441698e8e14668699d8ac43
NCT05750953,COMPLETED,0,2022-11-02,2022,final_test,HTT-P1-AACT-20260905,2026-09-05,20260905_export_ctgov.zip,ctgov.studies.overall_status,COMPLETED=0;TERMINATED|WITHDRAWN=1,ctgov.studies.study_first_submitted_date,step2_reconciliation/HeartTrialTwin_step2_cohort_reconciliation.csv,5a254575d8d5276d1176b53b38dad6600b46d6732441698e8e14668699d8ac43
NCT05751772,TERMINATED,1,2022-11-04,2022,final_test,HTT-P1-AACT-20260905,2026-09-05,20260905_export_ctgov.zip,ctgov.studies.overall_status,COMPLETED=0;TERMINATED|WITHDRAWN=1,ctgov.studies.study_first_submitted_date,step2_reconciliation/HeartTrialTwin_step2_cohort_reconciliation.csv,5a254575d8d5276d1176b53b38dad6600b46d6732441698e8e14668699d8ac43
NCT05752760,COMPLETED,0,2023-02-21,2023,final_test,HTT-P1-AACT-20260905,2026-09-05,20260905_export_ctgov.zip,ctgov.studies.overall_status,COMPLETED=0;TERMINATED|WITHDRAWN=1,ctgov.studies.study_first_submitted_date,step2_reconciliation/HeartTrialTwin_step2_cohort_reconciliation.csv,5a254575d8d5276d1176b53b38dad6600b46d6732441698e8e14668699d8ac43
NCT05757193,COMPLETED,0,2023-02-24,2023,final_test,HTT-P1-AACT-20260905,2026-09-05,20260905_export_ctgov.zip,ctgov.studies.overall_status,COMPLETED=0;TERMINATED|WITHDRAWN=1,ctgov.studies.study_first_submitted_date,step2_reconciliation/HeartTrialTwin_step2_cohort_reconciliation.csv,5a254575d8d5276d1176b53b38dad6600b46d6732441698e8e14668699d8ac43
NCT05758194,COMPLETED,0,2023-02-24,2023,final_test,HTT-P1-AACT-20260905,2026-09-05,20260905_export_ctgov.zip,ctgov.studies.overall_status,COMPLETED=0;TERMINATED|WITHDRAWN=1,ctgov.studies.study_first_submitted_date,step2_reconciliation/HeartTrialTwin_step2_cohort_reconciliation.csv,5a254575d8d5276d1176b53b38dad6600b46d6732441698e8e14668699d8ac43
NCT05760833,WITHDRAWN,1,2022-12-22,2022,final_test,HTT-P1-AACT-20260905,2026-09-05,20260905_export_ctgov.zip,ctgov.studies.overall_status,COMPLETED=0;TERMINATED|WITHDRAWN=1,ctgov.studies.study_first_submitted_date,step2_reconciliation/HeartTrialTwin_step2_cohort_reconciliation.csv,5a254575d8d5276d1176b53b38dad6600b46d6732441698e8e14668699d8ac43
NCT05762406,COMPLETED,0,2023-02-16,2023,final_test,HTT-P1-AACT-20260905,2026-09-05,20260905_export_ctgov.zip,ctgov.studies.overall_status,COMPLETED=0;TERMINATED|WITHDRAWN=1,ctgov.studies.study_first_submitted_date,step2_reconciliation/HeartTrialTwin_step2_cohort_reconciliation.csv,5a254575d8d5276d1176b53b38dad6600b46d6732441698e8e14668699d8ac43
NCT05764564,COMPLETED,0,2023-02-25,2023,final_test,HTT-P1-AACT-20260905,2026-09-05,20260905_export_ctgov.zip,ctgov.studies.overall_status,COMPLETED=0;TERMINATED|WITHDRAWN=1,ctgov.studies.study_first_submitted_date,step2_reconciliation/HeartTrialTwin_step2_cohort_reconciliation.csv,5a254575d8d5276d1176b53b38dad6600b46d6732441698e8e14668699d8ac43
NCT05765721,COMPLETED,0,2023-03-01,2023,final_test,HTT-P1-AACT-20260905,2026-09-05,20260905_export_ctgov.zip,ctgov.studies.overall_status,COMPLETED=0;TERMINATED|WITHDRAWN=1,ctgov.studies.study_first_submitted_date,step2_reconciliation/HeartTrialTwin_step2_cohort_reconciliation.csv,5a254575d8d5276d1176b53b38dad6600b46d6732441698e8e14668699d8ac43
NCT05765903,WITHDRAWN,1,2023-03-01,2023,final_test,HTT-P1-AACT-20260905,2026-09-05,20260905_export_ctgov.zip,ctgov.studies.overall_status,COMPLETED=0;TERMINATED|WITHDRAWN=1,ctgov.studies.study_first_submitted_date,step2_reconciliation/HeartTrialTwin_step2_cohort_reconciliation.csv,5a254575d8d5276d1176b53b38dad6600b46d6732441698e8e14668699d8ac43
NCT05768100,COMPLETED,0,2023-03-02,2023,final_test,HTT-P1-AACT-20260905,2026-09-05,20260905_export_ctgov.zip,ctgov.studies.overall_status,COMPLETED=0;TERMINATED|WITHDRAWN=1,ctgov.studies.study_first_submitted_date,step2_reconciliation/HeartTrialTwin_step2_cohort_reconciliation.csv,5a254575d8d5276d1176b53b38dad6600b46d6732441698e8e14668699d8ac43
NCT05778747,COMPLETED,0,2022-06-22,2022,final_test,HTT-P1-AACT-20260905,2026-09-05,20260905_export_ctgov.zip,ctgov.studies.overall_status,COMPLETED=0;TERMINATED|WITHDRAWN=1,ctgov.studies.study_first_submitted_date,step2_reconciliation/HeartTrialTwin_step2_cohort_reconciliation.csv,5a254575d8d5276d1176b53b38dad6600b46d6732441698e8e14668699d8ac43
NCT05781334,COMPLETED,0,2023-02-16,2023,final_test,HTT-P1-AACT-20260905,2026-09-05,20260905_export_ctgov.zip,ctgov.studies.overall_status,COMPLETED=0;TERMINATED|WITHDRAWN=1,ctgov.studies.study_first_submitted_date,step2_reconciliation/HeartTrialTwin_step2_cohort_reconciliation.csv,5a254575d8d5276d1176b53b38dad6600b46d6732441698e8e14668699d8ac43
NCT05786482,COMPLETED,0,2023-03-09,2023,final_test,HTT-P1-AACT-20260905,2026-09-05,20260905_export_ctgov.zip,ctgov.studies.overall_status,COMPLETED=0;TERMINATED|WITHDRAWN=1,ctgov.studies.study_first_submitted_date,step2_reconciliation/HeartTrialTwin_step2_cohort_reconciliation.csv,5a254575d8d5276d1176b53b38dad6600b46d6732441698e8e14668699d8ac43
NCT05789147,COMPLETED,0,2023-02-28,2023,final_test,HTT-P1-AACT-20260905,2026-09-05,20260905_export_ctgov.zip,ctgov.studies.overall_status,COMPLETED=0;TERMINATED|WITHDRAWN=1,ctgov.studies.study_first_submitted_date,step2_reconciliation/HeartTrialTwin_step2_cohort_reconciliation.csv,5a254575d8d5276d1176b53b38dad6600b46d6732441698e8e14668699d8ac43
NCT05792085,COMPLETED,0,2023-01-26,2023,final_test,HTT-P1-AACT-20260905,2026-09-05,20260905_export_ctgov.zip,ctgov.studies.overall_status,COMPLETED=0;TERMINATED|WITHDRAWN=1,ctgov.studies.study_first_submitted_date,step2_reconciliation/HeartTrialTwin_step2_cohort_reconciliation.csv,5a254575d8d5276d1176b53b38dad6600b46d6732441698e8e14668699d8ac43
NCT05795400,COMPLETED,0,2023-01-20,2023,final_test,HTT-P1-AACT-20260905,2026-09-05,20260905_export_ctgov.zip,ctgov.studies.overall_status,COMPLETED=0;TERMINATED|WITHDRAWN=1,ctgov.studies.study_first_submitted_date,step2_reconciliation/HeartTrialTwin_step2_cohort_reconciliation.csv,5a254575d8d5276d1176b53b38dad6600b46d6732441698e8e14668699d8ac43
NCT05806606,COMPLETED,0,2023-03-28,2023,final_test,HTT-P1-AACT-20260905,2026-09-05,20260905_export_ctgov.zip,ctgov.studies.overall_status,COMPLETED=0;TERMINATED|WITHDRAWN=1,ctgov.studies.study_first_submitted_date,step2_reconciliation/HeartTrialTwin_step2_cohort_reconciliation.csv,5a254575d8d5276d1176b53b38dad6600b46d6732441698e8e14668699d8ac43
NCT05806970,WITHDRAWN,1,2023-03-28,2023,final_test,HTT-P1-AACT-20260905,2026-09-05,20260905_export_ctgov.zip,ctgov.studies.overall_status,COMPLETED=0;TERMINATED|WITHDRAWN=1,ctgov.studies.study_first_submitted_date,step2_reconciliation/HeartTrialTwin_step2_cohort_reconciliation.csv,5a254575d8d5276d1176b53b38dad6600b46d6732441698e8e14668699d8ac43
NCT05816265,TERMINATED,1,2023-03-31,2023,final_test,HTT-P1-AACT-20260905,2026-09-05,20260905_export_ctgov.zip,ctgov.studies.overall_status,COMPLETED=0;TERMINATED|WITHDRAWN=1,ctgov.studies.study_first_submitted_date,step2_reconciliation/HeartTrialTwin_step2_cohort_reconciliation.csv,5a254575d8d5276d1176b53b38dad6600b46d6732441698e8e14668699d8ac43
NCT05820295,COMPLETED,0,2023-04-07,2023,final_test,HTT-P1-AACT-20260905,2026-09-05,20260905_export_ctgov.zip,ctgov.studies.overall_status,COMPLETED=0;TERMINATED|WITHDRAWN=1,ctgov.studies.study_first_submitted_date,step2_reconciliation/HeartTrialTwin_step2_cohort_reconciliation.csv,5a254575d8d5276d1176b53b38dad6600b46d6732441698e8e14668699d8ac43
NCT05825755,COMPLETED,0,2023-03-24,2023,final_test,HTT-P1-AACT-20260905,2026-09-05,20260905_export_ctgov.zip,ctgov.studies.overall_status,COMPLETED=0;TERMINATED|WITHDRAWN=1,ctgov.studies.study_first_submitted_date,step2_reconciliation/HeartTrialTwin_step2_cohort_reconciliation.csv,5a254575d8d5276d1176b53b38dad6600b46d6732441698e8e14668699d8ac43
NCT05827172,COMPLETED,0,2023-04-11,2023,final_test,HTT-P1-AACT-20260905,2026-09-05,20260905_export_ctgov.zip,ctgov.studies.overall_status,COMPLETED=0;TERMINATED|WITHDRAWN=1,ctgov.studies.study_first_submitted_date,step2_reconciliation/HeartTrialTwin_step2_cohort_reconciliation.csv,5a254575d8d5276d1176b53b38dad6600b46d6732441698e8e14668699d8ac43
NCT05830760,WITHDRAWN,1,2023-03-24,2023,final_test,HTT-P1-AACT-20260905,2026-09-05,20260905_export_ctgov.zip,ctgov.studies.overall_status,COMPLETED=0;TERMINATED|WITHDRAWN=1,ctgov.studies.study_first_submitted_date,step2_reconciliation/HeartTrialTwin_step2_cohort_reconciliation.csv,5a254575d8d5276d1176b53b38dad6600b46d6732441698e8e14668699d8ac43
NCT05834400,COMPLETED,0,2023-04-03,2023,final_test,HTT-P1-AACT-20260905,2026-09-05,20260905_export_ctgov.zip,ctgov.studies.overall_status,COMPLETED=0;TERMINATED|WITHDRAWN=1,ctgov.studies.study_first_submitted_date,step2_reconciliation/HeartTrialTwin_step2_cohort_reconciliation.csv,5a254575d8d5276d1176b53b38dad6600b46d6732441698e8e14668699d8ac43
NCT05835063,COMPLETED,0,2023-04-17,2023,final_test,HTT-P1-AACT-20260905,2026-09-05,20260905_export_ctgov.zip,ctgov.studies.overall_status,COMPLETED=0;TERMINATED|WITHDRAWN=1,ctgov.studies.study_first_submitted_date,step2_reconciliation/HeartTrialTwin_step2_cohort_reconciliation.csv,5a254575d8d5276d1176b53b38dad6600b46d6732441698e8e14668699d8ac43
NCT05840536,WITHDRAWN,1,2014-04-22,2014,development,HTT-P1-AACT-20260905,2026-09-05,20260905_export_ctgov.zip,ctgov.studies.overall_status,COMPLETED=0;TERMINATED|WITHDRAWN=1,ctgov.studies.study_first_submitted_date,step2_reconciliation/HeartTrialTwin_step2_cohort_reconciliation.csv,5a254575d8d5276d1176b53b38dad6600b46d6732441698e8e14668699d8ac43
NCT05843201,COMPLETED,0,2023-03-02,2023,final_test,HTT-P1-AACT-20260905,2026-09-05,20260905_export_ctgov.zip,ctgov.studies.overall_status,COMPLETED=0;TERMINATED|WITHDRAWN=1,ctgov.studies.study_first_submitted_date,step2_reconciliation/HeartTrialTwin_step2_cohort_reconciliation.csv,5a254575d8d5276d1176b53b38dad6600b46d6732441698e8e14668699d8ac43
NCT05848960,COMPLETED,0,2023-04-17,2023,final_test,HTT-P1-AACT-20260905,2026-09-05,20260905_export_ctgov.zip,ctgov.studies.overall_status,COMPLETED=0;TERMINATED|WITHDRAWN=1,ctgov.studies.study_first_submitted_date,step2_reconciliation/HeartTrialTwin_step2_cohort_reconciliation.csv,5a254575d8d5276d1176b53b38dad6600b46d6732441698e8e14668699d8ac43
NCT05858320,COMPLETED,0,2023-05-01,2023,final_test,HTT-P1-AACT-20260905,2026-09-05,20260905_export_ctgov.zip,ctgov.studies.overall_status,COMPLETED=0;TERMINATED|WITHDRAWN=1,ctgov.studies.study_first_submitted_date,step2_reconciliation/HeartTrialTwin_step2_cohort_reconciliation.csv,5a254575d8d5276d1176b53b38dad6600b46d6732441698e8e14668699d8ac43
NCT05860608,WITHDRAWN,1,2023-05-08,2023,final_test,HTT-P1-AACT-20260905,2026-09-05,20260905_export_ctgov.zip,ctgov.studies.overall_status,COMPLETED=0;TERMINATED|WITHDRAWN=1,ctgov.studies.study_first_submitted_date,step2_reconciliation/HeartTrialTwin_step2_cohort_reconciliation.csv,5a254575d8d5276d1176b53b38dad6600b46d6732441698e8e14668699d8ac43
NCT05864469,COMPLETED,0,2023-05-09,2023,final_test,HTT-P1-AACT-20260905,2026-09-05,20260905_export_ctgov.zip,ctgov.studies.overall_status,COMPLETED=0;TERMINATED|WITHDRAWN=1,ctgov.studies.study_first_submitted_date,step2_reconciliation/HeartTrialTwin_step2_cohort_reconciliation.csv,5a254575d8d5276d1176b53b38dad6600b46d6732441698e8e14668699d8ac43
NCT05869656,COMPLETED,0,2023-04-26,2023,final_test,HTT-P1-AACT-20260905,2026-09-05,20260905_export_ctgov.zip,ctgov.studies.overall_status,COMPLETED=0;TERMINATED|WITHDRAWN=1,ctgov.studies.study_first_submitted_date,step2_reconciliation/HeartTrialTwin_step2_cohort_reconciliation.csv,5a254575d8d5276d1176b53b38dad6600b46d6732441698e8e14668699d8ac43
NCT05876078,COMPLETED,0,2023-05-16,2023,final_test,HTT-P1-AACT-20260905,2026-09-05,20260905_export_ctgov.zip,ctgov.studies.overall_status,COMPLETED=0;TERMINATED|WITHDRAWN=1,ctgov.studies.study_first_submitted_date,step2_reconciliation/HeartTrialTwin_step2_cohort_reconciliation.csv,5a254575d8d5276d1176b53b38dad6600b46d6732441698e8e14668699d8ac43
NCT05881720,COMPLETED,0,2023-05-21,2023,final_test,HTT-P1-AACT-20260905,2026-09-05,20260905_export_ctgov.zip,ctgov.studies.overall_status,COMPLETED=0;TERMINATED|WITHDRAWN=1,ctgov.studies.study_first_submitted_date,step2_reconciliation/HeartTrialTwin_step2_cohort_reconciliation.csv,5a254575d8d5276d1176b53b38dad6600b46d6732441698e8e14668699d8ac43
NCT05884411,WITHDRAWN,1,2023-04-28,2023,final_test,HTT-P1-AACT-20260905,2026-09-05,20260905_export_ctgov.zip,ctgov.studies.overall_status,COMPLETED=0;TERMINATED|WITHDRAWN=1,ctgov.studies.study_first_submitted_date,step2_reconciliation/HeartTrialTwin_step2_cohort_reconciliation.csv,5a254575d8d5276d1176b53b38dad6600b46d6732441698e8e14668699d8ac43
NCT05887271,COMPLETED,0,2023-05-02,2023,final_test,HTT-P1-AACT-20260905,2026-09-05,20260905_export_ctgov.zip,ctgov.studies.overall_status,COMPLETED=0;TERMINATED|WITHDRAWN=1,ctgov.studies.study_first_submitted_date,step2_reconciliation/HeartTrialTwin_step2_cohort_reconciliation.csv,5a254575d8d5276d1176b53b38dad6600b46d6732441698e8e14668699d8ac43
NCT05888233,COMPLETED,0,2023-05-02,2023,final_test,HTT-P1-AACT-20260905,2026-09-05,20260905_export_ctgov.zip,ctgov.studies.overall_status,COMPLETED=0;TERMINATED|WITHDRAWN=1,ctgov.studies.study_first_submitted_date,step2_reconciliation/HeartTrialTwin_step2_cohort_reconciliation.csv,5a254575d8d5276d1176b53b38dad6600b46d6732441698e8e14668699d8ac43
NCT05890131,COMPLETED,0,2023-05-03,2023,final_test,HTT-P1-AACT-20260905,2026-09-05,20260905_export_ctgov.zip,ctgov.studies.overall_status,COMPLETED=0;TERMINATED|WITHDRAWN=1,ctgov.studies.study_first_submitted_date,step2_reconciliation/HeartTrialTwin_step2_cohort_reconciliation.csv,5a254575d8d5276d1176b53b38dad6600b46d6732441698e8e14668699d8ac43
NCT05904808,COMPLETED,0,2023-05-22,2023,final_test,HTT-P1-AACT-20260905,2026-09-05,20260905_export_ctgov.zip,ctgov.studies.overall_status,COMPLETED=0;TERMINATED|WITHDRAWN=1,ctgov.studies.study_first_submitted_date,step2_reconciliation/HeartTrialTwin_step2_cohort_reconciliation.csv,5a254575d8d5276d1176b53b38dad6600b46d6732441698e8e14668699d8ac43
NCT05908617,WITHDRAWN,1,2018-01-12,2018,validation,HTT-P1-AACT-20260905,2026-09-05,20260905_export_ctgov.zip,ctgov.studies.overall_status,COMPLETED=0;TERMINATED|WITHDRAWN=1,ctgov.studies.study_first_submitted_date,step2_reconciliation/HeartTrialTwin_step2_cohort_reconciliation.csv,5a254575d8d5276d1176b53b38dad6600b46d6732441698e8e14668699d8ac43
NCT05913739,TERMINATED,1,2023-02-08,2023,final_test,HTT-P1-AACT-20260905,2026-09-05,20260905_export_ctgov.zip,ctgov.studies.overall_status,COMPLETED=0;TERMINATED|WITHDRAWN=1,ctgov.studies.study_first_submitted_date,step2_reconciliation/HeartTrialTwin_step2_cohort_reconciliation.csv,5a254575d8d5276d1176b53b38dad6600b46d6732441698e8e14668699d8ac43
NCT05913778,COMPLETED,0,2023-06-01,2023,final_test,HTT-P1-AACT-20260905,2026-09-05,20260905_export_ctgov.zip,ctgov.studies.overall_status,COMPLETED=0;TERMINATED|WITHDRAWN=1,ctgov.studies.study_first_submitted_date,step2_reconciliation/HeartTrialTwin_step2_cohort_reconciliation.csv,5a254575d8d5276d1176b53b38dad6600b46d6732441698e8e14668699d8ac43
NCT05916586,COMPLETED,0,2023-06-14,2023,final_test,HTT-P1-AACT-20260905,2026-09-05,20260905_export_ctgov.zip,ctgov.studies.overall_status,COMPLETED=0;TERMINATED|WITHDRAWN=1,ctgov.studies.study_first_submitted_date,step2_reconciliation/HeartTrialTwin_step2_cohort_reconciliation.csv,5a254575d8d5276d1176b53b38dad6600b46d6732441698e8e14668699d8ac43
NCT05922631,COMPLETED,0,2023-06-19,2023,final_test,HTT-P1-AACT-20260905,2026-09-05,20260905_export_ctgov.zip,ctgov.studies.overall_status,COMPLETED=0;TERMINATED|WITHDRAWN=1,ctgov.studies.study_first_submitted_date,step2_reconciliation/HeartTrialTwin_step2_cohort_reconciliation.csv,5a254575d8d5276d1176b53b38dad6600b46d6732441698e8e14668699d8ac43
NCT05927285,COMPLETED,0,2023-06-12,2023,final_test,HTT-P1-AACT-20260905,2026-09-05,20260905_export_ctgov.zip,ctgov.studies.overall_status,COMPLETED=0;TERMINATED|WITHDRAWN=1,ctgov.studies.study_first_submitted_date,step2_reconciliation/HeartTrialTwin_step2_cohort_reconciliation.csv,5a254575d8d5276d1176b53b38dad6600b46d6732441698e8e14668699d8ac43
NCT05928026,COMPLETED,0,2023-06-05,2023,final_test,HTT-P1-AACT-20260905,2026-09-05,20260905_export_ctgov.zip,ctgov.studies.overall_status,COMPLETED=0;TERMINATED|WITHDRAWN=1,ctgov.studies.study_first_submitted_date,step2_reconciliation/HeartTrialTwin_step2_cohort_reconciliation.csv,5a254575d8d5276d1176b53b38dad6600b46d6732441698e8e14668699d8ac43
NCT05928273,COMPLETED,0,2023-03-17,2023,final_test,HTT-P1-AACT-20260905,2026-09-05,20260905_export_ctgov.zip,ctgov.studies.overall_status,COMPLETED=0;TERMINATED|WITHDRAWN=1,ctgov.studies.study_first_submitted_date,step2_reconciliation/HeartTrialTwin_step2_cohort_reconciliation.csv,5a254575d8d5276d1176b53b38dad6600b46d6732441698e8e14668699d8ac43
NCT05943275,COMPLETED,0,2023-06-23,2023,final_test,HTT-P1-AACT-20260905,2026-09-05,20260905_export_ctgov.zip,ctgov.studies.overall_status,COMPLETED=0;TERMINATED|WITHDRAWN=1,ctgov.studies.study_first_submitted_date,step2_reconciliation/HeartTrialTwin_step2_cohort_reconciliation.csv,5a254575d8d5276d1176b53b38dad6600b46d6732441698e8e14668699d8ac43
NCT05947799,COMPLETED,0,2023-07-09,2023,final_test,HTT-P1-AACT-20260905,2026-09-05,20260905_export_ctgov.zip,ctgov.studies.overall_status,COMPLETED=0;TERMINATED|WITHDRAWN=1,ctgov.studies.study_first_submitted_date,step2_reconciliation/HeartTrialTwin_step2_cohort_reconciliation.csv,5a254575d8d5276d1176b53b38dad6600b46d6732441698e8e14668699d8ac43
NCT05948371,COMPLETED,0,2023-07-07,2023,final_test,HTT-P1-AACT-20260905,2026-09-05,20260905_export_ctgov.zip,ctgov.studies.overall_status,COMPLETED=0;TERMINATED|WITHDRAWN=1,ctgov.studies.study_first_submitted_date,step2_reconciliation/HeartTrialTwin_step2_cohort_reconciliation.csv,5a254575d8d5276d1176b53b38dad6600b46d6732441698e8e14668699d8ac43
NCT05949801,COMPLETED,0,2023-06-02,2023,final_test,HTT-P1-AACT-20260905,2026-09-05,20260905_export_ctgov.zip,ctgov.studies.overall_status,COMPLETED=0;TERMINATED|WITHDRAWN=1,ctgov.studies.study_first_submitted_date,step2_reconciliation/HeartTrialTwin_step2_cohort_reconciliation.csv,5a254575d8d5276d1176b53b38dad6600b46d6732441698e8e14668699d8ac43
NCT05952089,COMPLETED,0,2023-07-11,2023,final_test,HTT-P1-AACT-20260905,2026-09-05,20260905_export_ctgov.zip,ctgov.studies.overall_status,COMPLETED=0;TERMINATED|WITHDRAWN=1,ctgov.studies.study_first_submitted_date,step2_reconciliation/HeartTrialTwin_step2_cohort_reconciliation.csv,5a254575d8d5276d1176b53b38dad6600b46d6732441698e8e14668699d8ac43
NCT05953831,WITHDRAWN,1,2023-06-29,2023,final_test,HTT-P1-AACT-20260905,2026-09-05,20260905_export_ctgov.zip,ctgov.studies.overall_status,COMPLETED=0;TERMINATED|WITHDRAWN=1,ctgov.studies.study_first_submitted_date,step2_reconciliation/HeartTrialTwin_step2_cohort_reconciliation.csv,5a254575d8d5276d1176b53b38dad6600b46d6732441698e8e14668699d8ac43
NCT05962255,COMPLETED,0,2023-06-24,2023,final_test,HTT-P1-AACT-20260905,2026-09-05,20260905_export_ctgov.zip,ctgov.studies.overall_status,COMPLETED=0;TERMINATED|WITHDRAWN=1,ctgov.studies.study_first_submitted_date,step2_reconciliation/HeartTrialTwin_step2_cohort_reconciliation.csv,5a254575d8d5276d1176b53b38dad6600b46d6732441698e8e14668699d8ac43
NCT05964738,COMPLETED,0,2023-06-28,2023,final_test,HTT-P1-AACT-20260905,2026-09-05,20260905_export_ctgov.zip,ctgov.studies.overall_status,COMPLETED=0;TERMINATED|WITHDRAWN=1,ctgov.studies.study_first_submitted_date,step2_reconciliation/HeartTrialTwin_step2_cohort_reconciliation.csv,5a254575d8d5276d1176b53b38dad6600b46d6732441698e8e14668699d8ac43
NCT05967156,COMPLETED,0,2023-07-15,2023,final_test,HTT-P1-AACT-20260905,2026-09-05,20260905_export_ctgov.zip,ctgov.studies.overall_status,COMPLETED=0;TERMINATED|WITHDRAWN=1,ctgov.studies.study_first_submitted_date,step2_reconciliation/HeartTrialTwin_step2_cohort_reconciliation.csv,5a254575d8d5276d1176b53b38dad6600b46d6732441698e8e14668699d8ac43
NCT05967247,COMPLETED,0,2023-07-21,2023,final_test,HTT-P1-AACT-20260905,2026-09-05,20260905_export_ctgov.zip,ctgov.studies.overall_status,COMPLETED=0;TERMINATED|WITHDRAWN=1,ctgov.studies.study_first_submitted_date,step2_reconciliation/HeartTrialTwin_step2_cohort_reconciliation.csv,5a254575d8d5276d1176b53b38dad6600b46d6732441698e8e14668699d8ac43
NCT05980533,WITHDRAWN,1,2023-07-31,2023,final_test,HTT-P1-AACT-20260905,2026-09-05,20260905_export_ctgov.zip,ctgov.studies.overall_status,COMPLETED=0;TERMINATED|WITHDRAWN=1,ctgov.studies.study_first_submitted_date,step2_reconciliation/HeartTrialTwin_step2_cohort_reconciliation.csv,5a254575d8d5276d1176b53b38dad6600b46d6732441698e8e14668699d8ac43
NCT05980585,TERMINATED,1,2023-07-26,2023,final_test,HTT-P1-AACT-20260905,2026-09-05,20260905_export_ctgov.zip,ctgov.studies.overall_status,COMPLETED=0;TERMINATED|WITHDRAWN=1,ctgov.studies.study_first_submitted_date,step2_reconciliation/HeartTrialTwin_step2_cohort_reconciliation.csv,5a254575d8d5276d1176b53b38dad6600b46d6732441698e8e14668699d8ac43
NCT05985395,TERMINATED,1,2023-08-02,2023,final_test,HTT-P1-AACT-20260905,2026-09-05,20260905_export_ctgov.zip,ctgov.studies.overall_status,COMPLETED=0;TERMINATED|WITHDRAWN=1,ctgov.studies.study_first_submitted_date,step2_reconciliation/HeartTrialTwin_step2_cohort_reconciliation.csv,5a254575d8d5276d1176b53b38dad6600b46d6732441698e8e14668699d8ac43
NCT05986695,COMPLETED,0,2023-06-12,2023,final_test,HTT-P1-AACT-20260905,2026-09-05,20260905_export_ctgov.zip,ctgov.studies.overall_status,COMPLETED=0;TERMINATED|WITHDRAWN=1,ctgov.studies.study_first_submitted_date,step2_reconciliation/HeartTrialTwin_step2_cohort_reconciliation.csv,5a254575d8d5276d1176b53b38dad6600b46d6732441698e8e14668699d8ac43
NCT05986773,TERMINATED,1,2023-04-27,2023,final_test,HTT-P1-AACT-20260905,2026-09-05,20260905_export_ctgov.zip,ctgov.studies.overall_status,COMPLETED=0;TERMINATED|WITHDRAWN=1,ctgov.studies.study_first_submitted_date,step2_reconciliation/HeartTrialTwin_step2_cohort_reconciliation.csv,5a254575d8d5276d1176b53b38dad6600b46d6732441698e8e14668699d8ac43
NCT05988502,COMPLETED,0,2023-07-16,2023,final_test,HTT-P1-AACT-20260905,2026-09-05,20260905_export_ctgov.zip,ctgov.studies.overall_status,COMPLETED=0;TERMINATED|WITHDRAWN=1,ctgov.studies.study_first_submitted_date,step2_reconciliation/HeartTrialTwin_step2_cohort_reconciliation.csv,5a254575d8d5276d1176b53b38dad6600b46d6732441698e8e14668699d8ac43
NCT05988749,TERMINATED,1,2023-08-04,2023,final_test,HTT-P1-AACT-20260905,2026-09-05,20260905_export_ctgov.zip,ctgov.studies.overall_status,COMPLETED=0;TERMINATED|WITHDRAWN=1,ctgov.studies.study_first_submitted_date,step2_reconciliation/HeartTrialTwin_step2_cohort_reconciliation.csv,5a254575d8d5276d1176b53b38dad6600b46d6732441698e8e14668699d8ac43
NCT05989503,COMPLETED,0,2023-07-14,2023,final_test,HTT-P1-AACT-20260905,2026-09-05,20260905_export_ctgov.zip,ctgov.studies.overall_status,COMPLETED=0;TERMINATED|WITHDRAWN=1,ctgov.studies.study_first_submitted_date,step2_reconciliation/HeartTrialTwin_step2_cohort_reconciliation.csv,5a254575d8d5276d1176b53b38dad6600b46d6732441698e8e14668699d8ac43
NCT05990296,COMPLETED,0,2023-07-31,2023,final_test,HTT-P1-AACT-20260905,2026-09-05,20260905_export_ctgov.zip,ctgov.studies.overall_status,COMPLETED=0;TERMINATED|WITHDRAWN=1,ctgov.studies.study_first_submitted_date,step2_reconciliation/HeartTrialTwin_step2_cohort_reconciliation.csv,5a254575d8d5276d1176b53b38dad6600b46d6732441698e8e14668699d8ac43
NCT05991284,COMPLETED,0,2023-08-01,2023,final_test,HTT-P1-AACT-20260905,2026-09-05,20260905_export_ctgov.zip,ctgov.studies.overall_status,COMPLETED=0;TERMINATED|WITHDRAWN=1,ctgov.studies.study_first_submitted_date,step2_reconciliation/HeartTrialTwin_step2_cohort_reconciliation.csv,5a254575d8d5276d1176b53b38dad6600b46d6732441698e8e14668699d8ac43
NCT05996562,COMPLETED,0,2023-07-25,2023,final_test,HTT-P1-AACT-20260905,2026-09-05,20260905_export_ctgov.zip,ctgov.studies.overall_status,COMPLETED=0;TERMINATED|WITHDRAWN=1,ctgov.studies.study_first_submitted_date,step2_reconciliation/HeartTrialTwin_step2_cohort_reconciliation.csv,5a254575d8d5276d1176b53b38dad6600b46d6732441698e8e14668699d8ac43
NCT06003972,COMPLETED,0,2023-08-15,2023,final_test,HTT-P1-AACT-20260905,2026-09-05,20260905_export_ctgov.zip,ctgov.studies.overall_status,COMPLETED=0;TERMINATED|WITHDRAWN=1,ctgov.studies.study_first_submitted_date,step2_reconciliation/HeartTrialTwin_step2_cohort_reconciliation.csv,5a254575d8d5276d1176b53b38dad6600b46d6732441698e8e14668699d8ac43
NCT06007079,TERMINATED,1,2023-08-18,2023,final_test,HTT-P1-AACT-20260905,2026-09-05,20260905_export_ctgov.zip,ctgov.studies.overall_status,COMPLETED=0;TERMINATED|WITHDRAWN=1,ctgov.studies.study_first_submitted_date,step2_reconciliation/HeartTrialTwin_step2_cohort_reconciliation.csv,5a254575d8d5276d1176b53b38dad6600b46d6732441698e8e14668699d8ac43
NCT06012279,COMPLETED,0,2023-08-10,2023,final_test,HTT-P1-AACT-20260905,2026-09-05,20260905_export_ctgov.zip,ctgov.studies.overall_status,COMPLETED=0;TERMINATED|WITHDRAWN=1,ctgov.studies.study_first_submitted_date,step2_reconciliation/HeartTrialTwin_step2_cohort_reconciliation.csv,5a254575d8d5276d1176b53b38dad6600b46d6732441698e8e14668699d8ac43
NCT06014593,TERMINATED,1,2023-08-11,2023,final_test,HTT-P1-AACT-20260905,2026-09-05,20260905_export_ctgov.zip,ctgov.studies.overall_status,COMPLETED=0;TERMINATED|WITHDRAWN=1,ctgov.studies.study_first_submitted_date,step2_reconciliation/HeartTrialTwin_step2_cohort_reconciliation.csv,5a254575d8d5276d1176b53b38dad6600b46d6732441698e8e14668699d8ac43
NCT06017609,COMPLETED,0,2023-08-24,2023,final_test,HTT-P1-AACT-20260905,2026-09-05,20260905_export_ctgov.zip,ctgov.studies.overall_status,COMPLETED=0;TERMINATED|WITHDRAWN=1,ctgov.studies.study_first_submitted_date,step2_reconciliation/HeartTrialTwin_step2_cohort_reconciliation.csv,5a254575d8d5276d1176b53b38dad6600b46d6732441698e8e14668699d8ac43
NCT06018818,COMPLETED,0,2023-07-17,2023,final_test,HTT-P1-AACT-20260905,2026-09-05,20260905_export_ctgov.zip,ctgov.studies.overall_status,COMPLETED=0;TERMINATED|WITHDRAWN=1,ctgov.studies.study_first_submitted_date,step2_reconciliation/HeartTrialTwin_step2_cohort_reconciliation.csv,5a254575d8d5276d1176b53b38dad6600b46d6732441698e8e14668699d8ac43
NCT06024369,WITHDRAWN,1,2023-08-28,2023,final_test,HTT-P1-AACT-20260905,2026-09-05,20260905_export_ctgov.zip,ctgov.studies.overall_status,COMPLETED=0;TERMINATED|WITHDRAWN=1,ctgov.studies.study_first_submitted_date,step2_reconciliation/HeartTrialTwin_step2_cohort_reconciliation.csv,5a254575d8d5276d1176b53b38dad6600b46d6732441698e8e14668699d8ac43
NCT06024889,COMPLETED,0,2023-08-23,2023,final_test,HTT-P1-AACT-20260905,2026-09-05,20260905_export_ctgov.zip,ctgov.studies.overall_status,COMPLETED=0;TERMINATED|WITHDRAWN=1,ctgov.studies.study_first_submitted_date,step2_reconciliation/HeartTrialTwin_step2_cohort_reconciliation.csv,5a254575d8d5276d1176b53b38dad6600b46d6732441698e8e14668699d8ac43
NCT06026683,COMPLETED,0,2023-08-28,2023,final_test,HTT-P1-AACT-20260905,2026-09-05,20260905_export_ctgov.zip,ctgov.studies.overall_status,COMPLETED=0;TERMINATED|WITHDRAWN=1,ctgov.studies.study_first_submitted_date,step2_reconciliation/HeartTrialTwin_step2_cohort_reconciliation.csv,5a254575d8d5276d1176b53b38dad6600b46d6732441698e8e14668699d8ac43
NCT06029712,COMPLETED,0,2023-09-01,2023,final_test,HTT-P1-AACT-20260905,2026-09-05,20260905_export_ctgov.zip,ctgov.studies.overall_status,COMPLETED=0;TERMINATED|WITHDRAWN=1,ctgov.studies.study_first_submitted_date,step2_reconciliation/HeartTrialTwin_step2_cohort_reconciliation.csv,5a254575d8d5276d1176b53b38dad6600b46d6732441698e8e14668699d8ac43
NCT06036186,COMPLETED,0,2023-08-16,2023,final_test,HTT-P1-AACT-20260905,2026-09-05,20260905_export_ctgov.zip,ctgov.studies.overall_status,COMPLETED=0;TERMINATED|WITHDRAWN=1,ctgov.studies.study_first_submitted_date,step2_reconciliation/HeartTrialTwin_step2_cohort_reconciliation.csv,5a254575d8d5276d1176b53b38dad6600b46d6732441698e8e14668699d8ac43
NCT06036914,COMPLETED,0,2023-09-07,2023,final_test,HTT-P1-AACT-20260905,2026-09-05,20260905_export_ctgov.zip,ctgov.studies.overall_status,COMPLETED=0;TERMINATED|WITHDRAWN=1,ctgov.studies.study_first_submitted_date,step2_reconciliation/HeartTrialTwin_step2_cohort_reconciliation.csv,5a254575d8d5276d1176b53b38dad6600b46d6732441698e8e14668699d8ac43
NCT06038123,COMPLETED,0,2023-09-05,2023,final_test,HTT-P1-AACT-20260905,2026-09-05,20260905_export_ctgov.zip,ctgov.studies.overall_status,COMPLETED=0;TERMINATED|WITHDRAWN=1,ctgov.studies.study_first_submitted_date,step2_reconciliation/HeartTrialTwin_step2_cohort_reconciliation.csv,5a254575d8d5276d1176b53b38dad6600b46d6732441698e8e14668699d8ac43
NCT06039397,COMPLETED,0,2023-09-08,2023,final_test,HTT-P1-AACT-20260905,2026-09-05,20260905_export_ctgov.zip,ctgov.studies.overall_status,COMPLETED=0;TERMINATED|WITHDRAWN=1,ctgov.studies.study_first_submitted_date,step2_reconciliation/HeartTrialTwin_step2_cohort_reconciliation.csv,5a254575d8d5276d1176b53b38dad6600b46d6732441698e8e14668699d8ac43
NCT06054048,COMPLETED,0,2023-07-28,2023,final_test,HTT-P1-AACT-20260905,2026-09-05,20260905_export_ctgov.zip,ctgov.studies.overall_status,COMPLETED=0;TERMINATED|WITHDRAWN=1,ctgov.studies.study_first_submitted_date,step2_reconciliation/HeartTrialTwin_step2_cohort_reconciliation.csv,5a254575d8d5276d1176b53b38dad6600b46d6732441698e8e14668699d8ac43
NCT06060223,COMPLETED,0,2023-09-23,2023,final_test,HTT-P1-AACT-20260905,2026-09-05,20260905_export_ctgov.zip,ctgov.studies.overall_status,COMPLETED=0;TERMINATED|WITHDRAWN=1,ctgov.studies.study_first_submitted_date,step2_reconciliation/HeartTrialTwin_step2_cohort_reconciliation.csv,5a254575d8d5276d1176b53b38dad6600b46d6732441698e8e14668699d8ac43
NCT06062966,COMPLETED,0,2023-09-25,2023,final_test,HTT-P1-AACT-20260905,2026-09-05,20260905_export_ctgov.zip,ctgov.studies.overall_status,COMPLETED=0;TERMINATED|WITHDRAWN=1,ctgov.studies.study_first_submitted_date,step2_reconciliation/HeartTrialTwin_step2_cohort_reconciliation.csv,5a254575d8d5276d1176b53b38dad6600b46d6732441698e8e14668699d8ac43
NCT06065280,COMPLETED,0,2023-09-27,2023,final_test,HTT-P1-AACT-20260905,2026-09-05,20260905_export_ctgov.zip,ctgov.studies.overall_status,COMPLETED=0;TERMINATED|WITHDRAWN=1,ctgov.studies.study_first_submitted_date,step2_reconciliation/HeartTrialTwin_step2_cohort_reconciliation.csv,5a254575d8d5276d1176b53b38dad6600b46d6732441698e8e14668699d8ac43
NCT06068166,COMPLETED,0,2023-09-28,2023,final_test,HTT-P1-AACT-20260905,2026-09-05,20260905_export_ctgov.zip,ctgov.studies.overall_status,COMPLETED=0;TERMINATED|WITHDRAWN=1,ctgov.studies.study_first_submitted_date,step2_reconciliation/HeartTrialTwin_step2_cohort_reconciliation.csv,5a254575d8d5276d1176b53b38dad6600b46d6732441698e8e14668699d8ac43
NCT06068309,COMPLETED,0,2023-09-19,2023,final_test,HTT-P1-AACT-20260905,2026-09-05,20260905_export_ctgov.zip,ctgov.studies.overall_status,COMPLETED=0;TERMINATED|WITHDRAWN=1,ctgov.studies.study_first_submitted_date,step2_reconciliation/HeartTrialTwin_step2_cohort_reconciliation.csv,5a254575d8d5276d1176b53b38dad6600b46d6732441698e8e14668699d8ac43
NCT06068725,COMPLETED,0,2023-09-29,2023,final_test,HTT-P1-AACT-20260905,2026-09-05,20260905_export_ctgov.zip,ctgov.studies.overall_status,COMPLETED=0;TERMINATED|WITHDRAWN=1,ctgov.studies.study_first_submitted_date,step2_reconciliation/HeartTrialTwin_step2_cohort_reconciliation.csv,5a254575d8d5276d1176b53b38dad6600b46d6732441698e8e14668699d8ac43
NCT06074887,COMPLETED,0,2023-10-04,2023,final_test,HTT-P1-AACT-20260905,2026-09-05,20260905_export_ctgov.zip,ctgov.studies.overall_status,COMPLETED=0;TERMINATED|WITHDRAWN=1,ctgov.studies.study_first_submitted_date,step2_reconciliation/HeartTrialTwin_step2_cohort_reconciliation.csv,5a254575d8d5276d1176b53b38dad6600b46d6732441698e8e14668699d8ac43
NCT06088849,COMPLETED,0,2022-05-06,2022,final_test,HTT-P1-AACT-20260905,2026-09-05,20260905_export_ctgov.zip,ctgov.studies.overall_status,COMPLETED=0;TERMINATED|WITHDRAWN=1,ctgov.studies.study_first_submitted_date,step2_reconciliation/HeartTrialTwin_step2_cohort_reconciliation.csv,5a254575d8d5276d1176b53b38dad6600b46d6732441698e8e14668699d8ac43
NCT06090487,COMPLETED,0,2023-10-09,2023,final_test,HTT-P1-AACT-20260905,2026-09-05,20260905_export_ctgov.zip,ctgov.studies.overall_status,COMPLETED=0;TERMINATED|WITHDRAWN=1,ctgov.studies.study_first_submitted_date,step2_reconciliation/HeartTrialTwin_step2_cohort_reconciliation.csv,5a254575d8d5276d1176b53b38dad6600b46d6732441698e8e14668699d8ac43
NCT06103565,COMPLETED,0,2023-10-23,2023,final_test,HTT-P1-AACT-20260905,2026-09-05,20260905_export_ctgov.zip,ctgov.studies.overall_status,COMPLETED=0;TERMINATED|WITHDRAWN=1,ctgov.studies.study_first_submitted_date,step2_reconciliation/HeartTrialTwin_step2_cohort_reconciliation.csv,5a254575d8d5276d1176b53b38dad6600b46d6732441698e8e14668699d8ac43
NCT06111768,COMPLETED,0,2023-10-23,2023,final_test,HTT-P1-AACT-20260905,2026-09-05,20260905_export_ctgov.zip,ctgov.studies.overall_status,COMPLETED=0;TERMINATED|WITHDRAWN=1,ctgov.studies.study_first_submitted_date,step2_reconciliation/HeartTrialTwin_step2_cohort_reconciliation.csv,5a254575d8d5276d1176b53b38dad6600b46d6732441698e8e14668699d8ac43
NCT06115369,COMPLETED,0,2023-10-24,2023,final_test,HTT-P1-AACT-20260905,2026-09-05,20260905_export_ctgov.zip,ctgov.studies.overall_status,COMPLETED=0;TERMINATED|WITHDRAWN=1,ctgov.studies.study_first_submitted_date,step2_reconciliation/HeartTrialTwin_step2_cohort_reconciliation.csv,5a254575d8d5276d1176b53b38dad6600b46d6732441698e8e14668699d8ac43
NCT06121323,COMPLETED,0,2023-09-20,2023,final_test,HTT-P1-AACT-20260905,2026-09-05,20260905_export_ctgov.zip,ctgov.studies.overall_status,COMPLETED=0;TERMINATED|WITHDRAWN=1,ctgov.studies.study_first_submitted_date,step2_reconciliation/HeartTrialTwin_step2_cohort_reconciliation.csv,5a254575d8d5276d1176b53b38dad6600b46d6732441698e8e14668699d8ac43
NCT06139653,COMPLETED,0,2023-08-31,2023,final_test,HTT-P1-AACT-20260905,2026-09-05,20260905_export_ctgov.zip,ctgov.studies.overall_status,COMPLETED=0;TERMINATED|WITHDRAWN=1,ctgov.studies.study_first_submitted_date,step2_reconciliation/HeartTrialTwin_step2_cohort_reconciliation.csv,5a254575d8d5276d1176b53b38dad6600b46d6732441698e8e14668699d8ac43
NCT06142383,TERMINATED,1,2023-11-16,2023,final_test,HTT-P1-AACT-20260905,2026-09-05,20260905_export_ctgov.zip,ctgov.studies.overall_status,COMPLETED=0;TERMINATED|WITHDRAWN=1,ctgov.studies.study_first_submitted_date,step2_reconciliation/HeartTrialTwin_step2_cohort_reconciliation.csv,5a254575d8d5276d1176b53b38dad6600b46d6732441698e8e14668699d8ac43
NCT06142903,COMPLETED,0,2023-11-15,2023,final_test,HTT-P1-AACT-20260905,2026-09-05,20260905_export_ctgov.zip,ctgov.studies.overall_status,COMPLETED=0;TERMINATED|WITHDRAWN=1,ctgov.studies.study_first_submitted_date,step2_reconciliation/HeartTrialTwin_step2_cohort_reconciliation.csv,5a254575d8d5276d1176b53b38dad6600b46d6732441698e8e14668699d8ac43
NCT06149104,COMPLETED,0,2023-11-13,2023,final_test,HTT-P1-AACT-20260905,2026-09-05,20260905_export_ctgov.zip,ctgov.studies.overall_status,COMPLETED=0;TERMINATED|WITHDRAWN=1,ctgov.studies.study_first_submitted_date,step2_reconciliation/HeartTrialTwin_step2_cohort_reconciliation.csv,5a254575d8d5276d1176b53b38dad6600b46d6732441698e8e14668699d8ac43
NCT06167707,COMPLETED,0,2023-12-04,2023,final_test,HTT-P1-AACT-20260905,2026-09-05,20260905_export_ctgov.zip,ctgov.studies.overall_status,COMPLETED=0;TERMINATED|WITHDRAWN=1,ctgov.studies.study_first_submitted_date,step2_reconciliation/HeartTrialTwin_step2_cohort_reconciliation.csv,5a254575d8d5276d1176b53b38dad6600b46d6732441698e8e14668699d8ac43
NCT06176794,WITHDRAWN,1,2023-12-11,2023,final_test,HTT-P1-AACT-20260905,2026-09-05,20260905_export_ctgov.zip,ctgov.studies.overall_status,COMPLETED=0;TERMINATED|WITHDRAWN=1,ctgov.studies.study_first_submitted_date,step2_reconciliation/HeartTrialTwin_step2_cohort_reconciliation.csv,5a254575d8d5276d1176b53b38dad6600b46d6732441698e8e14668699d8ac43
NCT06181968,WITHDRAWN,1,2023-12-13,2023,final_test,HTT-P1-AACT-20260905,2026-09-05,20260905_export_ctgov.zip,ctgov.studies.overall_status,COMPLETED=0;TERMINATED|WITHDRAWN=1,ctgov.studies.study_first_submitted_date,step2_reconciliation/HeartTrialTwin_step2_cohort_reconciliation.csv,5a254575d8d5276d1176b53b38dad6600b46d6732441698e8e14668699d8ac43
NCT06182566,WITHDRAWN,1,2023-12-13,2023,final_test,HTT-P1-AACT-20260905,2026-09-05,20260905_export_ctgov.zip,ctgov.studies.overall_status,COMPLETED=0;TERMINATED|WITHDRAWN=1,ctgov.studies.study_first_submitted_date,step2_reconciliation/HeartTrialTwin_step2_cohort_reconciliation.csv,5a254575d8d5276d1176b53b38dad6600b46d6732441698e8e14668699d8ac43
NCT06187727,COMPLETED,0,2023-12-17,2023,final_test,HTT-P1-AACT-20260905,2026-09-05,20260905_export_ctgov.zip,ctgov.studies.overall_status,COMPLETED=0;TERMINATED|WITHDRAWN=1,ctgov.studies.study_first_submitted_date,step2_reconciliation/HeartTrialTwin_step2_cohort_reconciliation.csv,5a254575d8d5276d1176b53b38dad6600b46d6732441698e8e14668699d8ac43
NCT06195046,WITHDRAWN,1,2023-07-21,2023,final_test,HTT-P1-AACT-20260905,2026-09-05,20260905_export_ctgov.zip,ctgov.studies.overall_status,COMPLETED=0;TERMINATED|WITHDRAWN=1,ctgov.studies.study_first_submitted_date,step2_reconciliation/HeartTrialTwin_step2_cohort_reconciliation.csv,5a254575d8d5276d1176b53b38dad6600b46d6732441698e8e14668699d8ac43
NCT06195930,COMPLETED,0,2023-12-07,2023,final_test,HTT-P1-AACT-20260905,2026-09-05,20260905_export_ctgov.zip,ctgov.studies.overall_status,COMPLETED=0;TERMINATED|WITHDRAWN=1,ctgov.studies.study_first_submitted_date,step2_reconciliation/HeartTrialTwin_step2_cohort_reconciliation.csv,5a254575d8d5276d1176b53b38dad6600b46d6732441698e8e14668699d8ac43
NCT06195982,COMPLETED,0,2023-12-14,2023,final_test,HTT-P1-AACT-20260905,2026-09-05,20260905_export_ctgov.zip,ctgov.studies.overall_status,COMPLETED=0;TERMINATED|WITHDRAWN=1,ctgov.studies.study_first_submitted_date,step2_reconciliation/HeartTrialTwin_step2_cohort_reconciliation.csv,5a254575d8d5276d1176b53b38dad6600b46d6732441698e8e14668699d8ac43
NCT06200636,COMPLETED,0,2024-01-09,2024,final_test,HTT-P1-AACT-20260905,2026-09-05,20260905_export_ctgov.zip,ctgov.studies.overall_status,COMPLETED=0;TERMINATED|WITHDRAWN=1,ctgov.studies.study_first_submitted_date,step2_reconciliation/HeartTrialTwin_step2_cohort_reconciliation.csv,5a254575d8d5276d1176b53b38dad6600b46d6732441698e8e14668699d8ac43
NCT06206512,COMPLETED,0,2024-01-04,2024,final_test,HTT-P1-AACT-20260905,2026-09-05,20260905_export_ctgov.zip,ctgov.studies.overall_status,COMPLETED=0;TERMINATED|WITHDRAWN=1,ctgov.studies.study_first_submitted_date,step2_reconciliation/HeartTrialTwin_step2_cohort_reconciliation.csv,5a254575d8d5276d1176b53b38dad6600b46d6732441698e8e14668699d8ac43
NCT06214325,COMPLETED,0,2024-01-09,2024,final_test,HTT-P1-AACT-20260905,2026-09-05,20260905_export_ctgov.zip,ctgov.studies.overall_status,COMPLETED=0;TERMINATED|WITHDRAWN=1,ctgov.studies.study_first_submitted_date,step2_reconciliation/HeartTrialTwin_step2_cohort_reconciliation.csv,5a254575d8d5276d1176b53b38dad6600b46d6732441698e8e14668699d8ac43
NCT06215586,COMPLETED,0,2023-12-13,2023,final_test,HTT-P1-AACT-20260905,2026-09-05,20260905_export_ctgov.zip,ctgov.studies.overall_status,COMPLETED=0;TERMINATED|WITHDRAWN=1,ctgov.studies.study_first_submitted_date,step2_reconciliation/HeartTrialTwin_step2_cohort_reconciliation.csv,5a254575d8d5276d1176b53b38dad6600b46d6732441698e8e14668699d8ac43
NCT06215911,COMPLETED,0,2023-12-13,2023,final_test,HTT-P1-AACT-20260905,2026-09-05,20260905_export_ctgov.zip,ctgov.studies.overall_status,COMPLETED=0;TERMINATED|WITHDRAWN=1,ctgov.studies.study_first_submitted_date,step2_reconciliation/HeartTrialTwin_step2_cohort_reconciliation.csv,5a254575d8d5276d1176b53b38dad6600b46d6732441698e8e14668699d8ac43
NCT06237309,TERMINATED,1,2024-01-23,2024,final_test,HTT-P1-AACT-20260905,2026-09-05,20260905_export_ctgov.zip,ctgov.studies.overall_status,COMPLETED=0;TERMINATED|WITHDRAWN=1,ctgov.studies.study_first_submitted_date,step2_reconciliation/HeartTrialTwin_step2_cohort_reconciliation.csv,5a254575d8d5276d1176b53b38dad6600b46d6732441698e8e14668699d8ac43
NCT06247371,COMPLETED,0,2024-01-29,2024,final_test,HTT-P1-AACT-20260905,2026-09-05,20260905_export_ctgov.zip,ctgov.studies.overall_status,COMPLETED=0;TERMINATED|WITHDRAWN=1,ctgov.studies.study_first_submitted_date,step2_reconciliation/HeartTrialTwin_step2_cohort_reconciliation.csv,5a254575d8d5276d1176b53b38dad6600b46d6732441698e8e14668699d8ac43
NCT06256172,COMPLETED,0,2024-01-11,2024,final_test,HTT-P1-AACT-20260905,2026-09-05,20260905_export_ctgov.zip,ctgov.studies.overall_status,COMPLETED=0;TERMINATED|WITHDRAWN=1,ctgov.studies.study_first_submitted_date,step2_reconciliation/HeartTrialTwin_step2_cohort_reconciliation.csv,5a254575d8d5276d1176b53b38dad6600b46d6732441698e8e14668699d8ac43
NCT06256276,COMPLETED,0,2024-02-02,2024,final_test,HTT-P1-AACT-20260905,2026-09-05,20260905_export_ctgov.zip,ctgov.studies.overall_status,COMPLETED=0;TERMINATED|WITHDRAWN=1,ctgov.studies.study_first_submitted_date,step2_reconciliation/HeartTrialTwin_step2_cohort_reconciliation.csv,5a254575d8d5276d1176b53b38dad6600b46d6732441698e8e14668699d8ac43
NCT06264310,COMPLETED,0,2024-01-31,2024,final_test,HTT-P1-AACT-20260905,2026-09-05,20260905_export_ctgov.zip,ctgov.studies.overall_status,COMPLETED=0;TERMINATED|WITHDRAWN=1,ctgov.studies.study_first_submitted_date,step2_reconciliation/HeartTrialTwin_step2_cohort_reconciliation.csv,5a254575d8d5276d1176b53b38dad6600b46d6732441698e8e14668699d8ac43
NCT06269263,COMPLETED,0,2024-02-13,2024,final_test,HTT-P1-AACT-20260905,2026-09-05,20260905_export_ctgov.zip,ctgov.studies.overall_status,COMPLETED=0;TERMINATED|WITHDRAWN=1,ctgov.studies.study_first_submitted_date,step2_reconciliation/HeartTrialTwin_step2_cohort_reconciliation.csv,5a254575d8d5276d1176b53b38dad6600b46d6732441698e8e14668699d8ac43
NCT06270875,COMPLETED,0,2024-02-05,2024,final_test,HTT-P1-AACT-20260905,2026-09-05,20260905_export_ctgov.zip,ctgov.studies.overall_status,COMPLETED=0;TERMINATED|WITHDRAWN=1,ctgov.studies.study_first_submitted_date,step2_reconciliation/HeartTrialTwin_step2_cohort_reconciliation.csv,5a254575d8d5276d1176b53b38dad6600b46d6732441698e8e14668699d8ac43
NCT06278792,COMPLETED,0,2024-02-08,2024,final_test,HTT-P1-AACT-20260905,2026-09-05,20260905_export_ctgov.zip,ctgov.studies.overall_status,COMPLETED=0;TERMINATED|WITHDRAWN=1,ctgov.studies.study_first_submitted_date,step2_reconciliation/HeartTrialTwin_step2_cohort_reconciliation.csv,5a254575d8d5276d1176b53b38dad6600b46d6732441698e8e14668699d8ac43
NCT06285565,COMPLETED,0,2024-02-06,2024,final_test,HTT-P1-AACT-20260905,2026-09-05,20260905_export_ctgov.zip,ctgov.studies.overall_status,COMPLETED=0;TERMINATED|WITHDRAWN=1,ctgov.studies.study_first_submitted_date,step2_reconciliation/HeartTrialTwin_step2_cohort_reconciliation.csv,5a254575d8d5276d1176b53b38dad6600b46d6732441698e8e14668699d8ac43
NCT06298669,TERMINATED,1,2024-03-01,2024,final_test,HTT-P1-AACT-20260905,2026-09-05,20260905_export_ctgov.zip,ctgov.studies.overall_status,COMPLETED=0;TERMINATED|WITHDRAWN=1,ctgov.studies.study_first_submitted_date,step2_reconciliation/HeartTrialTwin_step2_cohort_reconciliation.csv,5a254575d8d5276d1176b53b38dad6600b46d6732441698e8e14668699d8ac43
NCT06299826,COMPLETED,0,2024-02-16,2024,final_test,HTT-P1-AACT-20260905,2026-09-05,20260905_export_ctgov.zip,ctgov.studies.overall_status,COMPLETED=0;TERMINATED|WITHDRAWN=1,ctgov.studies.study_first_submitted_date,step2_reconciliation/HeartTrialTwin_step2_cohort_reconciliation.csv,5a254575d8d5276d1176b53b38dad6600b46d6732441698e8e14668699d8ac43
NCT06304753,COMPLETED,0,2024-03-04,2024,final_test,HTT-P1-AACT-20260905,2026-09-05,20260905_export_ctgov.zip,ctgov.studies.overall_status,COMPLETED=0;TERMINATED|WITHDRAWN=1,ctgov.studies.study_first_submitted_date,step2_reconciliation/HeartTrialTwin_step2_cohort_reconciliation.csv,5a254575d8d5276d1176b53b38dad6600b46d6732441698e8e14668699d8ac43
NCT06330103,COMPLETED,0,2024-03-05,2024,final_test,HTT-P1-AACT-20260905,2026-09-05,20260905_export_ctgov.zip,ctgov.studies.overall_status,COMPLETED=0;TERMINATED|WITHDRAWN=1,ctgov.studies.study_first_submitted_date,step2_reconciliation/HeartTrialTwin_step2_cohort_reconciliation.csv,5a254575d8d5276d1176b53b38dad6600b46d6732441698e8e14668699d8ac43
NCT06336252,COMPLETED,0,2024-03-13,2024,final_test,HTT-P1-AACT-20260905,2026-09-05,20260905_export_ctgov.zip,ctgov.studies.overall_status,COMPLETED=0;TERMINATED|WITHDRAWN=1,ctgov.studies.study_first_submitted_date,step2_reconciliation/HeartTrialTwin_step2_cohort_reconciliation.csv,5a254575d8d5276d1176b53b38dad6600b46d6732441698e8e14668699d8ac43
NCT06359938,COMPLETED,0,2023-03-14,2023,final_test,HTT-P1-AACT-20260905,2026-09-05,20260905_export_ctgov.zip,ctgov.studies.overall_status,COMPLETED=0;TERMINATED|WITHDRAWN=1,ctgov.studies.study_first_submitted_date,step2_reconciliation/HeartTrialTwin_step2_cohort_reconciliation.csv,5a254575d8d5276d1176b53b38dad6600b46d6732441698e8e14668699d8ac43
NCT06362668,COMPLETED,0,2024-02-21,2024,final_test,HTT-P1-AACT-20260905,2026-09-05,20260905_export_ctgov.zip,ctgov.studies.overall_status,COMPLETED=0;TERMINATED|WITHDRAWN=1,ctgov.studies.study_first_submitted_date,step2_reconciliation/HeartTrialTwin_step2_cohort_reconciliation.csv,5a254575d8d5276d1176b53b38dad6600b46d6732441698e8e14668699d8ac43
NCT06398964,COMPLETED,0,2023-08-23,2023,final_test,HTT-P1-AACT-20260905,2026-09-05,20260905_export_ctgov.zip,ctgov.studies.overall_status,COMPLETED=0;TERMINATED|WITHDRAWN=1,ctgov.studies.study_first_submitted_date,step2_reconciliation/HeartTrialTwin_step2_cohort_reconciliation.csv,5a254575d8d5276d1176b53b38dad6600b46d6732441698e8e14668699d8ac43
NCT06399354,COMPLETED,0,2024-04-09,2024,final_test,HTT-P1-AACT-20260905,2026-09-05,20260905_export_ctgov.zip,ctgov.studies.overall_status,COMPLETED=0;TERMINATED|WITHDRAWN=1,ctgov.studies.study_first_submitted_date,step2_reconciliation/HeartTrialTwin_step2_cohort_reconciliation.csv,5a254575d8d5276d1176b53b38dad6600b46d6732441698e8e14668699d8ac43
NCT06400784,COMPLETED,0,2022-12-31,2022,final_test,HTT-P1-AACT-20260905,2026-09-05,20260905_export_ctgov.zip,ctgov.studies.overall_status,COMPLETED=0;TERMINATED|WITHDRAWN=1,ctgov.studies.study_first_submitted_date,step2_reconciliation/HeartTrialTwin_step2_cohort_reconciliation.csv,5a254575d8d5276d1176b53b38dad6600b46d6732441698e8e14668699d8ac43
NCT06404021,COMPLETED,0,2024-04-26,2024,final_test,HTT-P1-AACT-20260905,2026-09-05,20260905_export_ctgov.zip,ctgov.studies.overall_status,COMPLETED=0;TERMINATED|WITHDRAWN=1,ctgov.studies.study_first_submitted_date,step2_reconciliation/HeartTrialTwin_step2_cohort_reconciliation.csv,5a254575d8d5276d1176b53b38dad6600b46d6732441698e8e14668699d8ac43
NCT06418932,COMPLETED,0,2024-05-13,2024,final_test,HTT-P1-AACT-20260905,2026-09-05,20260905_export_ctgov.zip,ctgov.studies.overall_status,COMPLETED=0;TERMINATED|WITHDRAWN=1,ctgov.studies.study_first_submitted_date,step2_reconciliation/HeartTrialTwin_step2_cohort_reconciliation.csv,5a254575d8d5276d1176b53b38dad6600b46d6732441698e8e14668699d8ac43
NCT06450522,TERMINATED,1,2024-06-04,2024,final_test,HTT-P1-AACT-20260905,2026-09-05,20260905_export_ctgov.zip,ctgov.studies.overall_status,COMPLETED=0;TERMINATED|WITHDRAWN=1,ctgov.studies.study_first_submitted_date,step2_reconciliation/HeartTrialTwin_step2_cohort_reconciliation.csv,5a254575d8d5276d1176b53b38dad6600b46d6732441698e8e14668699d8ac43
NCT06457152,COMPLETED,0,2024-06-10,2024,final_test,HTT-P1-AACT-20260905,2026-09-05,20260905_export_ctgov.zip,ctgov.studies.overall_status,COMPLETED=0;TERMINATED|WITHDRAWN=1,ctgov.studies.study_first_submitted_date,step2_reconciliation/HeartTrialTwin_step2_cohort_reconciliation.csv,5a254575d8d5276d1176b53b38dad6600b46d6732441698e8e14668699d8ac43
NCT06474208,COMPLETED,0,2024-06-20,2024,final_test,HTT-P1-AACT-20260905,2026-09-05,20260905_export_ctgov.zip,ctgov.studies.overall_status,COMPLETED=0;TERMINATED|WITHDRAWN=1,ctgov.studies.study_first_submitted_date,step2_reconciliation/HeartTrialTwin_step2_cohort_reconciliation.csv,5a254575d8d5276d1176b53b38dad6600b46d6732441698e8e14668699d8ac43
NCT06481657,COMPLETED,0,2024-06-25,2024,final_test,HTT-P1-AACT-20260905,2026-09-05,20260905_export_ctgov.zip,ctgov.studies.overall_status,COMPLETED=0;TERMINATED|WITHDRAWN=1,ctgov.studies.study_first_submitted_date,step2_reconciliation/HeartTrialTwin_step2_cohort_reconciliation.csv,5a254575d8d5276d1176b53b38dad6600b46d6732441698e8e14668699d8ac43
NCT06506994,COMPLETED,0,2024-06-28,2024,final_test,HTT-P1-AACT-20260905,2026-09-05,20260905_export_ctgov.zip,ctgov.studies.overall_status,COMPLETED=0;TERMINATED|WITHDRAWN=1,ctgov.studies.study_first_submitted_date,step2_reconciliation/HeartTrialTwin_step2_cohort_reconciliation.csv,5a254575d8d5276d1176b53b38dad6600b46d6732441698e8e14668699d8ac43
NCT06521281,COMPLETED,0,2024-07-10,2024,final_test,HTT-P1-AACT-20260905,2026-09-05,20260905_export_ctgov.zip,ctgov.studies.overall_status,COMPLETED=0;TERMINATED|WITHDRAWN=1,ctgov.studies.study_first_submitted_date,step2_reconciliation/HeartTrialTwin_step2_cohort_reconciliation.csv,5a254575d8d5276d1176b53b38dad6600b46d6732441698e8e14668699d8ac43
NCT06526884,COMPLETED,0,2024-07-17,2024,final_test,HTT-P1-AACT-20260905,2026-09-05,20260905_export_ctgov.zip,ctgov.studies.overall_status,COMPLETED=0;TERMINATED|WITHDRAWN=1,ctgov.studies.study_first_submitted_date,step2_reconciliation/HeartTrialTwin_step2_cohort_reconciliation.csv,5a254575d8d5276d1176b53b38dad6600b46d6732441698e8e14668699d8ac43
NCT06528561,COMPLETED,0,2024-07-20,2024,final_test,HTT-P1-AACT-20260905,2026-09-05,20260905_export_ctgov.zip,ctgov.studies.overall_status,COMPLETED=0;TERMINATED|WITHDRAWN=1,ctgov.studies.study_first_submitted_date,step2_reconciliation/HeartTrialTwin_step2_cohort_reconciliation.csv,5a254575d8d5276d1176b53b38dad6600b46d6732441698e8e14668699d8ac43
NCT06533124,COMPLETED,0,2024-07-29,2024,final_test,HTT-P1-AACT-20260905,2026-09-05,20260905_export_ctgov.zip,ctgov.studies.overall_status,COMPLETED=0;TERMINATED|WITHDRAWN=1,ctgov.studies.study_first_submitted_date,step2_reconciliation/HeartTrialTwin_step2_cohort_reconciliation.csv,5a254575d8d5276d1176b53b38dad6600b46d6732441698e8e14668699d8ac43
NCT06536309,WITHDRAWN,1,2024-07-26,2024,final_test,HTT-P1-AACT-20260905,2026-09-05,20260905_export_ctgov.zip,ctgov.studies.overall_status,COMPLETED=0;TERMINATED|WITHDRAWN=1,ctgov.studies.study_first_submitted_date,step2_reconciliation/HeartTrialTwin_step2_cohort_reconciliation.csv,5a254575d8d5276d1176b53b38dad6600b46d6732441698e8e14668699d8ac43
NCT06540118,COMPLETED,0,2024-07-24,2024,final_test,HTT-P1-AACT-20260905,2026-09-05,20260905_export_ctgov.zip,ctgov.studies.overall_status,COMPLETED=0;TERMINATED|WITHDRAWN=1,ctgov.studies.study_first_submitted_date,step2_reconciliation/HeartTrialTwin_step2_cohort_reconciliation.csv,5a254575d8d5276d1176b53b38dad6600b46d6732441698e8e14668699d8ac43
NCT06543446,TERMINATED,1,2024-07-25,2024,final_test,HTT-P1-AACT-20260905,2026-09-05,20260905_export_ctgov.zip,ctgov.studies.overall_status,COMPLETED=0;TERMINATED|WITHDRAWN=1,ctgov.studies.study_first_submitted_date,step2_reconciliation/HeartTrialTwin_step2_cohort_reconciliation.csv,5a254575d8d5276d1176b53b38dad6600b46d6732441698e8e14668699d8ac43
NCT06546215,COMPLETED,0,2024-08-06,2024,final_test,HTT-P1-AACT-20260905,2026-09-05,20260905_export_ctgov.zip,ctgov.studies.overall_status,COMPLETED=0;TERMINATED|WITHDRAWN=1,ctgov.studies.study_first_submitted_date,step2_reconciliation/HeartTrialTwin_step2_cohort_reconciliation.csv,5a254575d8d5276d1176b53b38dad6600b46d6732441698e8e14668699d8ac43
NCT06546319,COMPLETED,0,2024-08-06,2024,final_test,HTT-P1-AACT-20260905,2026-09-05,20260905_export_ctgov.zip,ctgov.studies.overall_status,COMPLETED=0;TERMINATED|WITHDRAWN=1,ctgov.studies.study_first_submitted_date,step2_reconciliation/HeartTrialTwin_step2_cohort_reconciliation.csv,5a254575d8d5276d1176b53b38dad6600b46d6732441698e8e14668699d8ac43
NCT06549699,COMPLETED,0,2024-08-08,2024,final_test,HTT-P1-AACT-20260905,2026-09-05,20260905_export_ctgov.zip,ctgov.studies.overall_status,COMPLETED=0;TERMINATED|WITHDRAWN=1,ctgov.studies.study_first_submitted_date,step2_reconciliation/HeartTrialTwin_step2_cohort_reconciliation.csv,5a254575d8d5276d1176b53b38dad6600b46d6732441698e8e14668699d8ac43
NCT06554912,WITHDRAWN,1,2024-04-25,2024,final_test,HTT-P1-AACT-20260905,2026-09-05,20260905_export_ctgov.zip,ctgov.studies.overall_status,COMPLETED=0;TERMINATED|WITHDRAWN=1,ctgov.studies.study_first_submitted_date,step2_reconciliation/HeartTrialTwin_step2_cohort_reconciliation.csv,5a254575d8d5276d1176b53b38dad6600b46d6732441698e8e14668699d8ac43
NCT06567925,COMPLETED,0,2024-08-01,2024,final_test,HTT-P1-AACT-20260905,2026-09-05,20260905_export_ctgov.zip,ctgov.studies.overall_status,COMPLETED=0;TERMINATED|WITHDRAWN=1,ctgov.studies.study_first_submitted_date,step2_reconciliation/HeartTrialTwin_step2_cohort_reconciliation.csv,5a254575d8d5276d1176b53b38dad6600b46d6732441698e8e14668699d8ac43
NCT06576297,COMPLETED,0,2024-02-22,2024,final_test,HTT-P1-AACT-20260905,2026-09-05,20260905_export_ctgov.zip,ctgov.studies.overall_status,COMPLETED=0;TERMINATED|WITHDRAWN=1,ctgov.studies.study_first_submitted_date,step2_reconciliation/HeartTrialTwin_step2_cohort_reconciliation.csv,5a254575d8d5276d1176b53b38dad6600b46d6732441698e8e14668699d8ac43
NCT06581159,TERMINATED,1,2024-08-09,2024,final_test,HTT-P1-AACT-20260905,2026-09-05,20260905_export_ctgov.zip,ctgov.studies.overall_status,COMPLETED=0;TERMINATED|WITHDRAWN=1,ctgov.studies.study_first_submitted_date,step2_reconciliation/HeartTrialTwin_step2_cohort_reconciliation.csv,5a254575d8d5276d1176b53b38dad6600b46d6732441698e8e14668699d8ac43
NCT06592508,COMPLETED,0,2024-08-27,2024,final_test,HTT-P1-AACT-20260905,2026-09-05,20260905_export_ctgov.zip,ctgov.studies.overall_status,COMPLETED=0;TERMINATED|WITHDRAWN=1,ctgov.studies.study_first_submitted_date,step2_reconciliation/HeartTrialTwin_step2_cohort_reconciliation.csv,5a254575d8d5276d1176b53b38dad6600b46d6732441698e8e14668699d8ac43
NCT06592690,COMPLETED,0,2024-09-06,2024,final_test,HTT-P1-AACT-20260905,2026-09-05,20260905_export_ctgov.zip,ctgov.studies.overall_status,COMPLETED=0;TERMINATED|WITHDRAWN=1,ctgov.studies.study_first_submitted_date,step2_reconciliation/HeartTrialTwin_step2_cohort_reconciliation.csv,5a254575d8d5276d1176b53b38dad6600b46d6732441698e8e14668699d8ac43
NCT06605326,COMPLETED,0,2024-09-18,2024,final_test,HTT-P1-AACT-20260905,2026-09-05,20260905_export_ctgov.zip,ctgov.studies.overall_status,COMPLETED=0;TERMINATED|WITHDRAWN=1,ctgov.studies.study_first_submitted_date,step2_reconciliation/HeartTrialTwin_step2_cohort_reconciliation.csv,5a254575d8d5276d1176b53b38dad6600b46d6732441698e8e14668699d8ac43
NCT06611423,TERMINATED,1,2024-09-06,2024,final_test,HTT-P1-AACT-20260905,2026-09-05,20260905_export_ctgov.zip,ctgov.studies.overall_status,COMPLETED=0;TERMINATED|WITHDRAWN=1,ctgov.studies.study_first_submitted_date,step2_reconciliation/HeartTrialTwin_step2_cohort_reconciliation.csv,5a254575d8d5276d1176b53b38dad6600b46d6732441698e8e14668699d8ac43
NCT06618976,COMPLETED,0,2024-09-19,2024,final_test,HTT-P1-AACT-20260905,2026-09-05,20260905_export_ctgov.zip,ctgov.studies.overall_status,COMPLETED=0;TERMINATED|WITHDRAWN=1,ctgov.studies.study_first_submitted_date,step2_reconciliation/HeartTrialTwin_step2_cohort_reconciliation.csv,5a254575d8d5276d1176b53b38dad6600b46d6732441698e8e14668699d8ac43
NCT06621576,COMPLETED,0,2024-09-17,2024,final_test,HTT-P1-AACT-20260905,2026-09-05,20260905_export_ctgov.zip,ctgov.studies.overall_status,COMPLETED=0;TERMINATED|WITHDRAWN=1,ctgov.studies.study_first_submitted_date,step2_reconciliation/HeartTrialTwin_step2_cohort_reconciliation.csv,5a254575d8d5276d1176b53b38dad6600b46d6732441698e8e14668699d8ac43
NCT06623344,COMPLETED,0,2024-09-30,2024,final_test,HTT-P1-AACT-20260905,2026-09-05,20260905_export_ctgov.zip,ctgov.studies.overall_status,COMPLETED=0;TERMINATED|WITHDRAWN=1,ctgov.studies.study_first_submitted_date,step2_reconciliation/HeartTrialTwin_step2_cohort_reconciliation.csv,5a254575d8d5276d1176b53b38dad6600b46d6732441698e8e14668699d8ac43
NCT06625307,COMPLETED,0,2024-10-02,2024,final_test,HTT-P1-AACT-20260905,2026-09-05,20260905_export_ctgov.zip,ctgov.studies.overall_status,COMPLETED=0;TERMINATED|WITHDRAWN=1,ctgov.studies.study_first_submitted_date,step2_reconciliation/HeartTrialTwin_step2_cohort_reconciliation.csv,5a254575d8d5276d1176b53b38dad6600b46d6732441698e8e14668699d8ac43
NCT06626542,COMPLETED,0,2024-06-02,2024,final_test,HTT-P1-AACT-20260905,2026-09-05,20260905_export_ctgov.zip,ctgov.studies.overall_status,COMPLETED=0;TERMINATED|WITHDRAWN=1,ctgov.studies.study_first_submitted_date,step2_reconciliation/HeartTrialTwin_step2_cohort_reconciliation.csv,5a254575d8d5276d1176b53b38dad6600b46d6732441698e8e14668699d8ac43
NCT06629246,COMPLETED,0,2024-09-23,2024,final_test,HTT-P1-AACT-20260905,2026-09-05,20260905_export_ctgov.zip,ctgov.studies.overall_status,COMPLETED=0;TERMINATED|WITHDRAWN=1,ctgov.studies.study_first_submitted_date,step2_reconciliation/HeartTrialTwin_step2_cohort_reconciliation.csv,5a254575d8d5276d1176b53b38dad6600b46d6732441698e8e14668699d8ac43
NCT06632561,COMPLETED,0,2024-10-06,2024,final_test,HTT-P1-AACT-20260905,2026-09-05,20260905_export_ctgov.zip,ctgov.studies.overall_status,COMPLETED=0;TERMINATED|WITHDRAWN=1,ctgov.studies.study_first_submitted_date,step2_reconciliation/HeartTrialTwin_step2_cohort_reconciliation.csv,5a254575d8d5276d1176b53b38dad6600b46d6732441698e8e14668699d8ac43
NCT06639087,TERMINATED,1,2024-09-13,2024,final_test,HTT-P1-AACT-20260905,2026-09-05,20260905_export_ctgov.zip,ctgov.studies.overall_status,COMPLETED=0;TERMINATED|WITHDRAWN=1,ctgov.studies.study_first_submitted_date,step2_reconciliation/HeartTrialTwin_step2_cohort_reconciliation.csv,5a254575d8d5276d1176b53b38dad6600b46d6732441698e8e14668699d8ac43
NCT06641921,COMPLETED,0,2024-10-08,2024,final_test,HTT-P1-AACT-20260905,2026-09-05,20260905_export_ctgov.zip,ctgov.studies.overall_status,COMPLETED=0;TERMINATED|WITHDRAWN=1,ctgov.studies.study_first_submitted_date,step2_reconciliation/HeartTrialTwin_step2_cohort_reconciliation.csv,5a254575d8d5276d1176b53b38dad6600b46d6732441698e8e14668699d8ac43
NCT06647667,COMPLETED,0,2024-06-14,2024,final_test,HTT-P1-AACT-20260905,2026-09-05,20260905_export_ctgov.zip,ctgov.studies.overall_status,COMPLETED=0;TERMINATED|WITHDRAWN=1,ctgov.studies.study_first_submitted_date,step2_reconciliation/HeartTrialTwin_step2_cohort_reconciliation.csv,5a254575d8d5276d1176b53b38dad6600b46d6732441698e8e14668699d8ac43
NCT06663280,COMPLETED,0,2024-10-19,2024,final_test,HTT-P1-AACT-20260905,2026-09-05,20260905_export_ctgov.zip,ctgov.studies.overall_status,COMPLETED=0;TERMINATED|WITHDRAWN=1,ctgov.studies.study_first_submitted_date,step2_reconciliation/HeartTrialTwin_step2_cohort_reconciliation.csv,5a254575d8d5276d1176b53b38dad6600b46d6732441698e8e14668699d8ac43
NCT06675331,COMPLETED,0,2024-11-04,2024,final_test,HTT-P1-AACT-20260905,2026-09-05,20260905_export_ctgov.zip,ctgov.studies.overall_status,COMPLETED=0;TERMINATED|WITHDRAWN=1,ctgov.studies.study_first_submitted_date,step2_reconciliation/HeartTrialTwin_step2_cohort_reconciliation.csv,5a254575d8d5276d1176b53b38dad6600b46d6732441698e8e14668699d8ac43
NCT06682260,COMPLETED,0,2024-11-07,2024,final_test,HTT-P1-AACT-20260905,2026-09-05,20260905_export_ctgov.zip,ctgov.studies.overall_status,COMPLETED=0;TERMINATED|WITHDRAWN=1,ctgov.studies.study_first_submitted_date,step2_reconciliation/HeartTrialTwin_step2_cohort_reconciliation.csv,5a254575d8d5276d1176b53b38dad6600b46d6732441698e8e14668699d8ac43
NCT06689553,TERMINATED,1,2024-11-05,2024,final_test,HTT-P1-AACT-20260905,2026-09-05,20260905_export_ctgov.zip,ctgov.studies.overall_status,COMPLETED=0;TERMINATED|WITHDRAWN=1,ctgov.studies.study_first_submitted_date,step2_reconciliation/HeartTrialTwin_step2_cohort_reconciliation.csv,5a254575d8d5276d1176b53b38dad6600b46d6732441698e8e14668699d8ac43
NCT06700083,COMPLETED,0,2024-11-19,2024,final_test,HTT-P1-AACT-20260905,2026-09-05,20260905_export_ctgov.zip,ctgov.studies.overall_status,COMPLETED=0;TERMINATED|WITHDRAWN=1,ctgov.studies.study_first_submitted_date,step2_reconciliation/HeartTrialTwin_step2_cohort_reconciliation.csv,5a254575d8d5276d1176b53b38dad6600b46d6732441698e8e14668699d8ac43
NCT06703411,COMPLETED,0,2024-11-21,2024,final_test,HTT-P1-AACT-20260905,2026-09-05,20260905_export_ctgov.zip,ctgov.studies.overall_status,COMPLETED=0;TERMINATED|WITHDRAWN=1,ctgov.studies.study_first_submitted_date,step2_reconciliation/HeartTrialTwin_step2_cohort_reconciliation.csv,5a254575d8d5276d1176b53b38dad6600b46d6732441698e8e14668699d8ac43
NCT06708611,WITHDRAWN,1,2024-11-24,2024,final_test,HTT-P1-AACT-20260905,2026-09-05,20260905_export_ctgov.zip,ctgov.studies.overall_status,COMPLETED=0;TERMINATED|WITHDRAWN=1,ctgov.studies.study_first_submitted_date,step2_reconciliation/HeartTrialTwin_step2_cohort_reconciliation.csv,5a254575d8d5276d1176b53b38dad6600b46d6732441698e8e14668699d8ac43
NCT06731166,COMPLETED,0,2024-12-09,2024,final_test,HTT-P1-AACT-20260905,2026-09-05,20260905_export_ctgov.zip,ctgov.studies.overall_status,COMPLETED=0;TERMINATED|WITHDRAWN=1,ctgov.studies.study_first_submitted_date,step2_reconciliation/HeartTrialTwin_step2_cohort_reconciliation.csv,5a254575d8d5276d1176b53b38dad6600b46d6732441698e8e14668699d8ac43
NCT06731738,COMPLETED,0,2024-11-25,2024,final_test,HTT-P1-AACT-20260905,2026-09-05,20260905_export_ctgov.zip,ctgov.studies.overall_status,COMPLETED=0;TERMINATED|WITHDRAWN=1,ctgov.studies.study_first_submitted_date,step2_reconciliation/HeartTrialTwin_step2_cohort_reconciliation.csv,5a254575d8d5276d1176b53b38dad6600b46d6732441698e8e14668699d8ac43
NCT06750549,COMPLETED,0,2024-12-11,2024,final_test,HTT-P1-AACT-20260905,2026-09-05,20260905_export_ctgov.zip,ctgov.studies.overall_status,COMPLETED=0;TERMINATED|WITHDRAWN=1,ctgov.studies.study_first_submitted_date,step2_reconciliation/HeartTrialTwin_step2_cohort_reconciliation.csv,5a254575d8d5276d1176b53b38dad6600b46d6732441698e8e14668699d8ac43
NCT06759987,COMPLETED,0,2024-12-30,2024,final_test,HTT-P1-AACT-20260905,2026-09-05,20260905_export_ctgov.zip,ctgov.studies.overall_status,COMPLETED=0;TERMINATED|WITHDRAWN=1,ctgov.studies.study_first_submitted_date,step2_reconciliation/HeartTrialTwin_step2_cohort_reconciliation.csv,5a254575d8d5276d1176b53b38dad6600b46d6732441698e8e14668699d8ac43
NCT06779227,COMPLETED,0,2024-12-30,2024,final_test,HTT-P1-AACT-20260905,2026-09-05,20260905_export_ctgov.zip,ctgov.studies.overall_status,COMPLETED=0;TERMINATED|WITHDRAWN=1,ctgov.studies.study_first_submitted_date,step2_reconciliation/HeartTrialTwin_step2_cohort_reconciliation.csv,5a254575d8d5276d1176b53b38dad6600b46d6732441698e8e14668699d8ac43
NCT06785168,COMPLETED,0,2024-12-31,2024,final_test,HTT-P1-AACT-20260905,2026-09-05,20260905_export_ctgov.zip,ctgov.studies.overall_status,COMPLETED=0;TERMINATED|WITHDRAWN=1,ctgov.studies.study_first_submitted_date,step2_reconciliation/HeartTrialTwin_step2_cohort_reconciliation.csv,5a254575d8d5276d1176b53b38dad6600b46d6732441698e8e14668699d8ac43
NCT06807671,COMPLETED,0,2024-12-26,2024,final_test,HTT-P1-AACT-20260905,2026-09-05,20260905_export_ctgov.zip,ctgov.studies.overall_status,COMPLETED=0;TERMINATED|WITHDRAWN=1,ctgov.studies.study_first_submitted_date,step2_reconciliation/HeartTrialTwin_step2_cohort_reconciliation.csv,5a254575d8d5276d1176b53b38dad6600b46d6732441698e8e14668699d8ac43
NCT06831864,COMPLETED,0,2024-04-10,2024,final_test,HTT-P1-AACT-20260905,2026-09-05,20260905_export_ctgov.zip,ctgov.studies.overall_status,COMPLETED=0;TERMINATED|WITHDRAWN=1,ctgov.studies.study_first_submitted_date,step2_reconciliation/HeartTrialTwin_step2_cohort_reconciliation.csv,5a254575d8d5276d1176b53b38dad6600b46d6732441698e8e14668699d8ac43
NCT06923982,COMPLETED,0,2024-03-21,2024,final_test,HTT-P1-AACT-20260905,2026-09-05,20260905_export_ctgov.zip,ctgov.studies.overall_status,COMPLETED=0;TERMINATED|WITHDRAWN=1,ctgov.studies.study_first_submitted_date,step2_reconciliation/HeartTrialTwin_step2_cohort_reconciliation.csv,5a254575d8d5276d1176b53b38dad6600b46d6732441698e8e14668699d8ac43
NCT07040995,WITHDRAWN,1,2024-09-05,2024,final_test,HTT-P1-AACT-20260905,2026-09-05,20260905_export_ctgov.zip,ctgov.studies.overall_status,COMPLETED=0;TERMINATED|WITHDRAWN=1,ctgov.studies.study_first_submitted_date,step2_reconciliation/HeartTrialTwin_step2_cohort_reconciliation.csv,5a254575d8d5276d1176b53b38dad6600b46d6732441698e8e14668699d8ac43
